2025-11-26 02:25:38,437 PyTorch Version: 2.6.0
2025-11-26 02:25:38,458 GPU List: ['NVIDIA L40S']
2025-11-26 02:25:38,462 num_classes: 100
2025-11-26 02:25:38,462 epochs: 100
2025-11-26 02:25:38,462 grad_clip: 5.0
2025-11-26 02:25:38,462 log_frequency: 100
2025-11-26 02:25:38,462 model: {'name': 'ResNet18', 'num_classes': 100}
2025-11-26 02:25:38,462 criterion: {'name': 'CrossEntropyLoss'}
2025-11-26 02:25:38,462 optimizer: {'name': 'SGD', 'lr': 0.01, 'weight_decay': 5e-05, 'momentum': 0.9}
2025-11-26 02:25:38,462 scheduler: {'name': 'CosineAnnealingLR', 'T_max': 100, 'eta_min': 0.0}
2025-11-26 02:25:38,462 dataset: {'name': 'DatasetGenerator', 'train_batch_size': 128, 'eval_batch_size': 128}
2025-11-26 02:25:38,465 seed: 0
2025-11-26 02:25:38,465 version: resnet18
2025-11-26 02:25:38,465 exp_name: experiment/classwise/model_training2025-11-26 02:25:38.433949
2025-11-26 02:25:38,465 config_path: configs/imagenet-mini
2025-11-26 02:25:38,465 load_model: False
2025-11-26 02:25:38,465 data_parallel: False
2025-11-26 02:25:38,465 train: True
2025-11-26 02:25:38,465 save_frequency: -1
2025-11-26 02:25:38,465 train_face: False
2025-11-26 02:25:38,465 train_portion: 1.0
2025-11-26 02:25:38,465 train_batch_size: 32
2025-11-26 02:25:38,465 eval_batch_size: 32
2025-11-26 02:25:38,465 num_of_workers: 6
2025-11-26 02:25:38,465 train_data_type: ImageNetMini
2025-11-26 02:25:38,465 test_data_type: ImageNetMini
2025-11-26 02:25:38,465 train_data_path: ../datasets
2025-11-26 02:25:38,465 test_data_path: ../datasets
2025-11-26 02:25:38,465 perturb_type: classwise
2025-11-26 02:25:38,465 patch_location: center
2025-11-26 02:25:38,465 poison_rate: 1.0
2025-11-26 02:25:38,465 perturb_tensor_filepath: 
2025-11-26 02:25:38,465 generator_filepath:./LSP/cifar10_samplewise_saved_perturbation.pt
2025-11-26 02:25:38,465 use_generator: False
2025-11-26 02:25:38,465 gue: False
2025-11-26 02:25:38,465 filter_type: low
2025-11-26 02:25:38,465 cutoff: 0.5
2025-11-26 02:25:38,465 img_denoise: 30
2025-11-26 02:25:38,465 jpeg_defense: True
2025-11-26 02:26:04,860 Training Dataset: Dataset ImageNetMini
    Number of datapoints: 25878
    Root location: ../datasets/ImageNet
    Split: train
    StandardTransform
Transform: Compose(
               Resize(size=224, interpolation=bilinear, max_size=None, antialias=True)
               RandomResizedCrop(size=(224, 224), scale=(0.08, 1.0), ratio=(0.75, 1.3333), interpolation=bilinear, antialias=True)
               RandomHorizontalFlip(p=0.5)
               ColorJitter(brightness=(0.6, 1.4), contrast=(0.6, 1.4), saturation=(0.6, 1.4), hue=(-0.2, 0.2))
               ToTensor()
           )
2025-11-26 02:26:04,861 Test Dataset: Dataset ImageNetMini
    Number of datapoints: 1000
    Root location: ../datasets/ImageNet
    Split: val
    StandardTransform
Transform: Compose(
               Resize(size=224, interpolation=bilinear, max_size=None, antialias=True)
               CenterCrop(size=(224, 224))
               ToTensor()
           )
2025-11-26 02:26:04,864 param size = 11.220132MB
2025-11-26 02:26:04,867 
2025-11-26 02:26:04,867 ====================Training Epoch 0====================
train_dataset
2025-11-26 02:26:08,237 epoch=0	global_step=0	acc=0.0312	acc_avg=0.0312	loss=4.7516	loss_avg=4.7516	lr=0.0100	|gn|=8.7711	time=0.39it/s
2025-11-26 02:26:42,051 epoch=0	global_step=100	acc=0.0000	acc_avg=0.0133	loss=4.8604	loss_avg=4.7180	lr=0.0100	|gn|=3.0127	time=3.46it/s
2025-11-26 02:27:15,910 epoch=0	global_step=200	acc=0.0312	acc_avg=0.0190	loss=4.4174	loss_avg=4.6478	lr=0.0100	|gn|=2.9328	time=3.45it/s
2025-11-26 02:27:49,837 epoch=0	global_step=300	acc=0.0625	acc_avg=0.0188	loss=4.4232	loss_avg=4.6095	lr=0.0100	|gn|=1.6686	time=3.44it/s
2025-11-26 02:28:23,829 epoch=0	global_step=400	acc=0.0000	acc_avg=0.0197	loss=4.4418	loss_avg=4.5819	lr=0.0100	|gn|=1.8317	time=3.44it/s
2025-11-26 02:28:57,862 epoch=0	global_step=500	acc=0.0000	acc_avg=0.0209	loss=4.5054	loss_avg=4.5643	lr=0.0100	|gn|=1.6380	time=3.43it/s
2025-11-26 02:29:31,978 epoch=0	global_step=600	acc=0.0000	acc_avg=0.0219	loss=4.4045	loss_avg=4.5525	lr=0.0100	|gn|=1.4451	time=3.42it/s
2025-11-26 02:30:06,044 epoch=0	global_step=700	acc=0.0000	acc_avg=0.0235	loss=4.6337	loss_avg=4.5391	lr=0.0100	|gn|=1.8189	time=3.44it/s
2025-11-26 02:30:40,071 epoch=0	global_step=800	acc=0.0938	acc_avg=0.0248	loss=4.1278	loss_avg=4.5264	lr=0.0100	|gn|=2.1379	time=3.44it/s
2025-11-26 02:30:42,483 ====================Eval Epoch 0====================
2025-11-26 02:30:45,278 epoch=0	global_step=31	acc=0.0000	acc_avg=0.0330	acc5=0.0000	acc5_avg=0.1500	loss=4.3749	loss_avg=4.6066	time=3.33it/s
2025-11-26 02:30:45,278 Eval Loss:4.6066	Eval acc: 3.30
2025-11-26 02:30:45,278 
2025-11-26 02:30:45,278 ====================Training Epoch 1====================
2025-11-26 02:31:16,635 epoch=1	global_step=900	acc=0.0625	acc_avg=0.0299	loss=4.3604	loss_avg=4.4402	lr=0.0100	|gn|=2.3714	time=3.44it/s
2025-11-26 02:31:49,697 epoch=1	global_step=1000	acc=0.0000	acc_avg=0.0324	loss=4.5745	loss_avg=4.4253	lr=0.0100	|gn|=1.9206	time=3.43it/s
2025-11-26 02:32:22,608 epoch=1	global_step=1100	acc=0.0312	acc_avg=0.0327	loss=4.2526	loss_avg=4.4164	lr=0.0100	|gn|=1.5696	time=3.44it/s
2025-11-26 02:32:55,591 epoch=1	global_step=1200	acc=0.0000	acc_avg=0.0332	loss=4.2138	loss_avg=4.4091	lr=0.0100	|gn|=1.8079	time=3.43it/s
2025-11-26 02:33:28,569 epoch=1	global_step=1300	acc=0.0312	acc_avg=0.0330	loss=4.5253	loss_avg=4.4095	lr=0.0100	|gn|=2.6442	time=3.44it/s
2025-11-26 02:34:01,571 epoch=1	global_step=1400	acc=0.0625	acc_avg=0.0338	loss=4.4394	loss_avg=4.4023	lr=0.0100	|gn|=1.4583	time=3.43it/s
2025-11-26 02:34:34,648 epoch=1	global_step=1500	acc=0.0000	acc_avg=0.0343	loss=4.5177	loss_avg=4.3960	lr=0.0100	|gn|=1.6316	time=3.43it/s
2025-11-26 02:35:07,581 epoch=1	global_step=1600	acc=0.0312	acc_avg=0.0349	loss=4.3761	loss_avg=4.3907	lr=0.0100	|gn|=1.8615	time=3.43it/s
2025-11-26 02:35:12,551 ====================Eval Epoch 1====================
2025-11-26 02:35:15,055 epoch=1	global_step=31	acc=0.3750	acc_avg=0.0470	acc5=0.6250	acc5_avg=0.1760	loss=3.8262	loss_avg=4.4221	time=78.38it/s
2025-11-26 02:35:15,055 Eval Loss:4.4221	Eval acc: 4.70
2025-11-26 02:35:15,056 
2025-11-26 02:35:15,056 ====================Training Epoch 2====================
2025-11-26 02:35:45,289 epoch=2	global_step=1700	acc=0.0312	acc_avg=0.0412	loss=4.3110	loss_avg=4.3527	lr=0.0100	|gn|=1.6445	time=3.44it/s
2025-11-26 02:36:20,256 epoch=2	global_step=1800	acc=0.1250	acc_avg=0.0410	loss=3.9548	loss_avg=4.3498	lr=0.0100	|gn|=1.8738	time=3.43it/s
2025-11-26 02:36:55,222 epoch=2	global_step=1900	acc=0.0312	acc_avg=0.0407	loss=4.2208	loss_avg=4.3512	lr=0.0100	|gn|=1.6443	time=3.44it/s
2025-11-26 02:37:30,082 epoch=2	global_step=2000	acc=0.0000	acc_avg=0.0405	loss=4.3901	loss_avg=4.3472	lr=0.0100	|gn|=1.8402	time=3.44it/s
2025-11-26 02:38:04,990 epoch=2	global_step=2100	acc=0.0000	acc_avg=0.0399	loss=4.5674	loss_avg=4.3436	lr=0.0100	|gn|=1.8349	time=3.43it/s
2025-11-26 02:38:39,985 epoch=2	global_step=2200	acc=0.0938	acc_avg=0.0405	loss=4.1117	loss_avg=4.3372	lr=0.0100	|gn|=1.8084	time=3.43it/s
2025-11-26 02:39:14,978 epoch=2	global_step=2300	acc=0.0312	acc_avg=0.0411	loss=4.3098	loss_avg=4.3372	lr=0.0100	|gn|=1.7097	time=3.43it/s
2025-11-26 02:39:49,911 epoch=2	global_step=2400	acc=0.0000	acc_avg=0.0410	loss=4.3164	loss_avg=4.3355	lr=0.0100	|gn|=1.7257	time=3.44it/s
2025-11-26 02:39:57,777 ====================Eval Epoch 2====================
2025-11-26 02:40:00,339 epoch=2	global_step=31	acc=0.0000	acc_avg=0.0530	acc5=0.0000	acc5_avg=0.2150	loss=4.7072	loss_avg=4.3251	time=78.23it/s
2025-11-26 02:40:00,340 Eval Loss:4.3251	Eval acc: 5.30
2025-11-26 02:40:00,340 
2025-11-26 02:40:00,340 ====================Training Epoch 3====================
2025-11-26 02:40:27,838 epoch=3	global_step=2500	acc=0.0000	acc_avg=0.0495	loss=4.0151	loss_avg=4.2644	lr=0.0100	|gn|=1.7694	time=3.43it/s
2025-11-26 02:41:02,822 epoch=3	global_step=2600	acc=0.0312	acc_avg=0.0471	loss=4.5121	loss_avg=4.2797	lr=0.0100	|gn|=1.5117	time=3.43it/s
2025-11-26 02:41:37,784 epoch=3	global_step=2700	acc=0.0625	acc_avg=0.0473	loss=4.2053	loss_avg=4.2797	lr=0.0100	|gn|=1.5370	time=3.43it/s
2025-11-26 02:42:12,790 epoch=3	global_step=2800	acc=0.0000	acc_avg=0.0486	loss=4.4674	loss_avg=4.2706	lr=0.0100	|gn|=2.8612	time=3.42it/s
2025-11-26 02:42:47,692 epoch=3	global_step=2900	acc=0.0000	acc_avg=0.0486	loss=4.1320	loss_avg=4.2669	lr=0.0100	|gn|=1.8311	time=3.44it/s
2025-11-26 02:43:22,604 epoch=3	global_step=3000	acc=0.0000	acc_avg=0.0480	loss=4.4902	loss_avg=4.2637	lr=0.0100	|gn|=1.9137	time=3.43it/s
2025-11-26 02:43:57,567 epoch=3	global_step=3100	acc=0.0312	acc_avg=0.0483	loss=4.2111	loss_avg=4.2643	lr=0.0100	|gn|=1.9936	time=3.43it/s
2025-11-26 02:44:32,520 epoch=3	global_step=3200	acc=0.0625	acc_avg=0.0487	loss=4.2428	loss_avg=4.2605	lr=0.0100	|gn|=3.3128	time=3.42it/s
2025-11-26 02:44:43,183 ====================Eval Epoch 3====================
2025-11-26 02:44:45,647 epoch=3	global_step=31	acc=0.0000	acc_avg=0.0610	acc5=0.1250	acc5_avg=0.2360	loss=4.3076	loss_avg=4.1778	time=78.29it/s
2025-11-26 02:44:45,647 Eval Loss:4.1778	Eval acc: 6.10
2025-11-26 02:44:45,647 
2025-11-26 02:44:45,647 ====================Training Epoch 4====================
2025-11-26 02:45:10,334 epoch=4	global_step=3300	acc=0.0625	acc_avg=0.0634	loss=4.1962	loss_avg=4.2049	lr=0.0100	|gn|=2.2061	time=3.42it/s
2025-11-26 02:45:45,355 epoch=4	global_step=3400	acc=0.1250	acc_avg=0.0618	loss=3.9983	loss_avg=4.1913	lr=0.0100	|gn|=2.2185	time=3.42it/s
2025-11-26 02:46:20,407 epoch=4	global_step=3500	acc=0.0938	acc_avg=0.0631	loss=4.2270	loss_avg=4.1869	lr=0.0100	|gn|=2.3743	time=3.43it/s
2025-11-26 02:46:55,396 epoch=4	global_step=3600	acc=0.0938	acc_avg=0.0631	loss=4.1962	loss_avg=4.1860	lr=0.0100	|gn|=1.8418	time=3.42it/s
2025-11-26 02:47:30,370 epoch=4	global_step=3700	acc=0.0938	acc_avg=0.0630	loss=3.8456	loss_avg=4.1840	lr=0.0100	|gn|=1.9168	time=3.43it/s
2025-11-26 02:48:05,372 epoch=4	global_step=3800	acc=0.0312	acc_avg=0.0624	loss=4.2700	loss_avg=4.1848	lr=0.0100	|gn|=1.9826	time=3.43it/s
2025-11-26 02:48:40,361 epoch=4	global_step=3900	acc=0.0312	acc_avg=0.0630	loss=4.1513	loss_avg=4.1843	lr=0.0100	|gn|=2.1652	time=3.43it/s
2025-11-26 02:49:15,342 epoch=4	global_step=4000	acc=0.1250	acc_avg=0.0627	loss=4.0139	loss_avg=4.1827	lr=0.0100	|gn|=2.2425	time=3.43it/s
2025-11-26 02:49:28,779 ====================Eval Epoch 4====================
2025-11-26 02:49:31,348 epoch=4	global_step=31	acc=0.0000	acc_avg=0.0720	acc5=0.3750	acc5_avg=0.2490	loss=3.6998	loss_avg=4.0716	time=78.36it/s
2025-11-26 02:49:31,348 Eval Loss:4.0716	Eval acc: 7.20
2025-11-26 02:49:31,349 
2025-11-26 02:49:31,349 ====================Training Epoch 5====================
2025-11-26 02:49:53,221 epoch=5	global_step=4100	acc=0.0000	acc_avg=0.0635	loss=3.9901	loss_avg=4.1416	lr=0.0099	|gn|=2.1390	time=3.43it/s
2025-11-26 02:50:28,220 epoch=5	global_step=4200	acc=0.0938	acc_avg=0.0650	loss=4.3452	loss_avg=4.1319	lr=0.0099	|gn|=2.4710	time=3.42it/s
2025-11-26 02:51:03,228 epoch=5	global_step=4300	acc=0.0625	acc_avg=0.0711	loss=4.1596	loss_avg=4.1210	lr=0.0099	|gn|=2.1454	time=3.43it/s
2025-11-26 02:51:38,233 epoch=5	global_step=4400	acc=0.0625	acc_avg=0.0720	loss=3.9134	loss_avg=4.1095	lr=0.0099	|gn|=2.1371	time=3.42it/s
2025-11-26 02:52:13,234 epoch=5	global_step=4500	acc=0.1562	acc_avg=0.0735	loss=3.7890	loss_avg=4.1069	lr=0.0099	|gn|=2.2141	time=3.43it/s
2025-11-26 02:52:48,235 epoch=5	global_step=4600	acc=0.0938	acc_avg=0.0731	loss=3.8802	loss_avg=4.1028	lr=0.0099	|gn|=1.9709	time=3.42it/s
2025-11-26 02:53:23,245 epoch=5	global_step=4700	acc=0.0938	acc_avg=0.0732	loss=3.8643	loss_avg=4.0971	lr=0.0099	|gn|=2.1376	time=3.43it/s
2025-11-26 02:53:58,240 epoch=5	global_step=4800	acc=0.0625	acc_avg=0.0725	loss=4.0542	loss_avg=4.0957	lr=0.0099	|gn|=2.0991	time=3.42it/s
2025-11-26 02:54:14,499 ====================Eval Epoch 5====================
2025-11-26 02:54:17,017 epoch=5	global_step=31	acc=0.0000	acc_avg=0.0880	acc5=0.1250	acc5_avg=0.2890	loss=4.5716	loss_avg=4.0255	time=78.28it/s
2025-11-26 02:54:17,017 Eval Loss:4.0255	Eval acc: 8.80
2025-11-26 02:54:17,017 
2025-11-26 02:54:17,017 ====================Training Epoch 6====================
2025-11-26 02:54:36,148 epoch=6	global_step=4900	acc=0.1562	acc_avg=0.0784	loss=3.6889	loss_avg=4.0631	lr=0.0099	|gn|=2.4339	time=3.42it/s
2025-11-26 02:55:11,162 epoch=6	global_step=5000	acc=0.1875	acc_avg=0.0823	loss=3.8898	loss_avg=4.0500	lr=0.0099	|gn|=2.5853	time=3.43it/s
2025-11-26 02:55:46,157 epoch=6	global_step=5100	acc=0.0938	acc_avg=0.0805	loss=3.9163	loss_avg=4.0427	lr=0.0099	|gn|=2.1769	time=3.43it/s
2025-11-26 02:56:21,096 epoch=6	global_step=5200	acc=0.0625	acc_avg=0.0810	loss=4.1354	loss_avg=4.0380	lr=0.0099	|gn|=2.4537	time=3.43it/s
2025-11-26 02:56:56,048 epoch=6	global_step=5300	acc=0.1250	acc_avg=0.0813	loss=3.9023	loss_avg=4.0369	lr=0.0099	|gn|=2.4644	time=3.44it/s
2025-11-26 02:57:31,007 epoch=6	global_step=5400	acc=0.0625	acc_avg=0.0807	loss=4.1196	loss_avg=4.0354	lr=0.0099	|gn|=2.7362	time=3.44it/s
2025-11-26 02:58:05,967 epoch=6	global_step=5500	acc=0.1562	acc_avg=0.0823	loss=3.7710	loss_avg=4.0299	lr=0.0099	|gn|=2.3602	time=3.43it/s
2025-11-26 02:58:40,942 epoch=6	global_step=5600	acc=0.0938	acc_avg=0.0834	loss=4.1542	loss_avg=4.0212	lr=0.0099	|gn|=2.6212	time=3.42it/s
2025-11-26 02:59:00,020 ====================Eval Epoch 6====================
2025-11-26 02:59:02,592 epoch=6	global_step=31	acc=0.1250	acc_avg=0.0970	acc5=0.3750	acc5_avg=0.3030	loss=3.9702	loss_avg=4.0204	time=78.22it/s
2025-11-26 02:59:02,592 Eval Loss:4.0204	Eval acc: 9.70
2025-11-26 02:59:02,593 
2025-11-26 02:59:02,593 ====================Training Epoch 7====================
2025-11-26 02:59:18,682 epoch=7	global_step=5700	acc=0.0312	acc_avg=0.0854	loss=4.1946	loss_avg=3.9464	lr=0.0099	|gn|=2.9632	time=3.41it/s
2025-11-26 02:59:53,230 epoch=7	global_step=5800	acc=0.0625	acc_avg=0.0903	loss=4.1689	loss_avg=3.9489	lr=0.0099	|gn|=2.8847	time=3.42it/s
2025-11-26 03:00:27,598 epoch=7	global_step=5900	acc=0.2188	acc_avg=0.0923	loss=3.5601	loss_avg=3.9526	lr=0.0099	|gn|=2.9391	time=3.42it/s
2025-11-26 03:01:01,998 epoch=7	global_step=6000	acc=0.1250	acc_avg=0.0966	loss=3.9793	loss_avg=3.9483	lr=0.0099	|gn|=2.5390	time=3.43it/s
2025-11-26 03:01:36,350 epoch=7	global_step=6100	acc=0.1250	acc_avg=0.0966	loss=3.8653	loss_avg=3.9512	lr=0.0099	|gn|=2.3139	time=3.42it/s
2025-11-26 03:02:10,688 epoch=7	global_step=6200	acc=0.0312	acc_avg=0.0967	loss=3.7776	loss_avg=3.9458	lr=0.0099	|gn|=2.6701	time=3.41it/s
2025-11-26 03:02:45,025 epoch=7	global_step=6300	acc=0.1250	acc_avg=0.0965	loss=3.4742	loss_avg=3.9416	lr=0.0099	|gn|=2.3885	time=3.42it/s
2025-11-26 03:03:19,357 epoch=7	global_step=6400	acc=0.0625	acc_avg=0.0982	loss=4.1183	loss_avg=3.9304	lr=0.0099	|gn|=2.7198	time=3.42it/s
2025-11-26 03:03:41,095 ====================Eval Epoch 7====================
2025-11-26 03:03:43,603 epoch=7	global_step=31	acc=0.1250	acc_avg=0.1260	acc5=0.3750	acc5_avg=0.3610	loss=3.4346	loss_avg=3.8942	time=78.30it/s
2025-11-26 03:03:43,603 Eval Loss:3.8942	Eval acc: 12.60
2025-11-26 03:03:43,604 
2025-11-26 03:03:43,604 ====================Training Epoch 8====================
2025-11-26 03:03:56,956 epoch=8	global_step=6500	acc=0.0938	acc_avg=0.1182	loss=4.1091	loss_avg=3.8534	lr=0.0098	|gn|=3.3388	time=3.42it/s
2025-11-26 03:04:31,627 epoch=8	global_step=6600	acc=0.1562	acc_avg=0.1150	loss=3.9629	loss_avg=3.8591	lr=0.0098	|gn|=2.7752	time=3.43it/s
2025-11-26 03:05:06,186 epoch=8	global_step=6700	acc=0.1250	acc_avg=0.1073	loss=3.4724	loss_avg=3.8679	lr=0.0098	|gn|=3.0737	time=3.39it/s
2025-11-26 03:05:40,627 epoch=8	global_step=6800	acc=0.0938	acc_avg=0.1086	loss=3.5021	loss_avg=3.8641	lr=0.0098	|gn|=2.5604	time=3.43it/s
2025-11-26 03:06:14,665 epoch=8	global_step=6900	acc=0.1250	acc_avg=0.1102	loss=3.9402	loss_avg=3.8541	lr=0.0098	|gn|=3.1114	time=3.43it/s
2025-11-26 03:06:48,852 epoch=8	global_step=7000	acc=0.0938	acc_avg=0.1108	loss=4.0800	loss_avg=3.8532	lr=0.0098	|gn|=2.8361	time=3.43it/s
2025-11-26 03:07:23,082 epoch=8	global_step=7100	acc=0.0938	acc_avg=0.1111	loss=4.0141	loss_avg=3.8521	lr=0.0098	|gn|=3.1656	time=3.43it/s
2025-11-26 03:07:57,082 epoch=8	global_step=7200	acc=0.0625	acc_avg=0.1117	loss=3.7385	loss_avg=3.8486	lr=0.0098	|gn|=2.4333	time=3.43it/s
2025-11-26 03:08:21,643 ====================Eval Epoch 8====================
2025-11-26 03:08:24,170 epoch=8	global_step=31	acc=0.1250	acc_avg=0.1260	acc5=0.2500	acc5_avg=0.3410	loss=4.2871	loss_avg=3.8552	time=78.34it/s
2025-11-26 03:08:24,170 Eval Loss:3.8552	Eval acc: 12.60
2025-11-26 03:08:24,170 
2025-11-26 03:08:24,170 ====================Training Epoch 9====================
2025-11-26 03:08:34,614 epoch=9	global_step=7300	acc=0.1875	acc_avg=0.1196	loss=4.0196	loss_avg=3.7169	lr=0.0098	|gn|=3.2833	time=3.43it/s
2025-11-26 03:09:08,600 epoch=9	global_step=7400	acc=0.1562	acc_avg=0.1219	loss=3.9019	loss_avg=3.7772	lr=0.0098	|gn|=3.0553	time=3.43it/s
2025-11-26 03:09:42,626 epoch=9	global_step=7500	acc=0.1562	acc_avg=0.1209	loss=3.5085	loss_avg=3.7864	lr=0.0098	|gn|=2.7519	time=3.43it/s
2025-11-26 03:10:16,650 epoch=9	global_step=7600	acc=0.1875	acc_avg=0.1212	loss=3.6143	loss_avg=3.7809	lr=0.0098	|gn|=2.9711	time=3.43it/s
2025-11-26 03:10:50,658 epoch=9	global_step=7700	acc=0.0000	acc_avg=0.1235	loss=4.2116	loss_avg=3.7712	lr=0.0098	|gn|=3.3502	time=3.43it/s
2025-11-26 03:11:24,680 epoch=9	global_step=7800	acc=0.0938	acc_avg=0.1230	loss=3.9623	loss_avg=3.7733	lr=0.0098	|gn|=2.8485	time=3.43it/s
2025-11-26 03:11:58,933 epoch=9	global_step=7900	acc=0.1875	acc_avg=0.1231	loss=3.8693	loss_avg=3.7709	lr=0.0098	|gn|=3.2907	time=3.43it/s
2025-11-26 03:12:33,018 epoch=9	global_step=8000	acc=0.1562	acc_avg=0.1228	loss=3.6144	loss_avg=3.7676	lr=0.0098	|gn|=2.7974	time=3.43it/s
2025-11-26 03:12:59,935 ====================Eval Epoch 9====================
2025-11-26 03:13:02,460 epoch=9	global_step=31	acc=0.2500	acc_avg=0.1380	acc5=0.3750	acc5_avg=0.3570	loss=3.0882	loss_avg=3.8657	time=78.83it/s
2025-11-26 03:13:02,460 Eval Loss:3.8657	Eval acc: 13.80
2025-11-26 03:13:02,460 
2025-11-26 03:13:02,460 ====================Training Epoch 10====================
2025-11-26 03:13:10,246 epoch=10	global_step=8100	acc=0.1250	acc_avg=0.1220	loss=3.6518	loss_avg=3.7881	lr=0.0098	|gn|=2.8885	time=3.43it/s
2025-11-26 03:13:44,816 epoch=10	global_step=8200	acc=0.0312	acc_avg=0.1307	loss=4.3435	loss_avg=3.7153	lr=0.0098	|gn|=3.1827	time=3.41it/s
2025-11-26 03:14:19,263 epoch=10	global_step=8300	acc=0.1250	acc_avg=0.1356	loss=3.9419	loss_avg=3.6998	lr=0.0098	|gn|=2.9642	time=3.43it/s
2025-11-26 03:14:53,779 epoch=10	global_step=8400	acc=0.1250	acc_avg=0.1388	loss=3.6148	loss_avg=3.6935	lr=0.0098	|gn|=4.7213	time=3.43it/s
2025-11-26 03:15:28,271 epoch=10	global_step=8500	acc=0.1250	acc_avg=0.1397	loss=4.0156	loss_avg=3.6888	lr=0.0098	|gn|=2.9777	time=3.43it/s
2025-11-26 03:16:02,926 epoch=10	global_step=8600	acc=0.1562	acc_avg=0.1402	loss=3.6828	loss_avg=3.6822	lr=0.0098	|gn|=2.9309	time=3.42it/s
2025-11-26 03:16:37,370 epoch=10	global_step=8700	acc=0.0625	acc_avg=0.1417	loss=3.8390	loss_avg=3.6802	lr=0.0098	|gn|=3.1550	time=3.43it/s
2025-11-26 03:17:11,676 epoch=10	global_step=8800	acc=0.2188	acc_avg=0.1429	loss=3.2314	loss_avg=3.6730	lr=0.0098	|gn|=2.7667	time=3.43it/s
2025-11-26 03:17:41,482 ====================Eval Epoch 10====================
2025-11-26 03:17:44,004 epoch=10	global_step=31	acc=0.3750	acc_avg=0.1540	acc5=0.6250	acc5_avg=0.4220	loss=2.5622	loss_avg=3.5619	time=78.50it/s
2025-11-26 03:17:44,004 Eval Loss:3.5619	Eval acc: 15.40
2025-11-26 03:17:44,005 
2025-11-26 03:17:44,005 ====================Training Epoch 11====================
2025-11-26 03:17:49,078 epoch=11	global_step=8900	acc=0.2188	acc_avg=0.1683	loss=3.5352	loss_avg=3.5800	lr=0.0097	|gn|=3.1920	time=3.43it/s
2025-11-26 03:18:23,670 epoch=11	global_step=9000	acc=0.1250	acc_avg=0.1629	loss=3.6814	loss_avg=3.6015	lr=0.0097	|gn|=3.0022	time=3.43it/s
2025-11-26 03:18:58,197 epoch=11	global_step=9100	acc=0.0312	acc_avg=0.1571	loss=3.8935	loss_avg=3.6197	lr=0.0097	|gn|=3.1158	time=3.43it/s
2025-11-26 03:19:32,782 epoch=11	global_step=9200	acc=0.1562	acc_avg=0.1579	loss=3.5913	loss_avg=3.6109	lr=0.0097	|gn|=3.4907	time=3.42it/s
2025-11-26 03:20:07,416 epoch=11	global_step=9300	acc=0.0938	acc_avg=0.1556	loss=3.5123	loss_avg=3.6121	lr=0.0097	|gn|=2.7862	time=3.43it/s
2025-11-26 03:20:41,857 epoch=11	global_step=9400	acc=0.1875	acc_avg=0.1566	loss=3.6163	loss_avg=3.6010	lr=0.0097	|gn|=3.2452	time=3.41it/s
2025-11-26 03:21:16,333 epoch=11	global_step=9500	acc=0.1562	acc_avg=0.1577	loss=3.6306	loss_avg=3.5939	lr=0.0097	|gn|=3.2082	time=3.41it/s
2025-11-26 03:21:50,922 epoch=11	global_step=9600	acc=0.1562	acc_avg=0.1587	loss=3.7508	loss_avg=3.5845	lr=0.0097	|gn|=3.3954	time=3.41it/s
2025-11-26 03:22:23,938 ====================Eval Epoch 11====================
2025-11-26 03:22:26,480 epoch=11	global_step=31	acc=0.3750	acc_avg=0.1620	acc5=0.6250	acc5_avg=0.4320	loss=2.7595	loss_avg=3.5637	time=78.38it/s
2025-11-26 03:22:26,480 Eval Loss:3.5637	Eval acc: 16.20
2025-11-26 03:22:26,481 
2025-11-26 03:22:26,481 ====================Training Epoch 12====================
2025-11-26 03:22:28,738 epoch=12	global_step=9700	acc=0.1875	acc_avg=0.1750	loss=3.3966	loss_avg=3.5194	lr=0.0096	|gn|=3.1498	time=3.42it/s
2025-11-26 03:23:03,365 epoch=12	global_step=9800	acc=0.1250	acc_avg=0.1649	loss=3.8966	loss_avg=3.5356	lr=0.0096	|gn|=3.2177	time=3.42it/s
2025-11-26 03:23:37,742 epoch=12	global_step=9900	acc=0.1875	acc_avg=0.1686	loss=3.3290	loss_avg=3.5208	lr=0.0096	|gn|=3.2069	time=3.42it/s
2025-11-26 03:24:12,271 epoch=12	global_step=10000	acc=0.2188	acc_avg=0.1713	loss=3.5269	loss_avg=3.5070	lr=0.0096	|gn|=3.7242	time=3.44it/s
2025-11-26 03:24:46,959 epoch=12	global_step=10100	acc=0.2188	acc_avg=0.1732	loss=3.6023	loss_avg=3.4965	lr=0.0096	|gn|=2.9417	time=3.43it/s
2025-11-26 03:25:21,369 epoch=12	global_step=10200	acc=0.0938	acc_avg=0.1718	loss=3.7788	loss_avg=3.4980	lr=0.0096	|gn|=3.3683	time=3.41it/s
2025-11-26 03:25:55,857 epoch=12	global_step=10300	acc=0.1875	acc_avg=0.1730	loss=3.3424	loss_avg=3.4960	lr=0.0096	|gn|=3.0101	time=3.42it/s
2025-11-26 03:26:30,330 epoch=12	global_step=10400	acc=0.1875	acc_avg=0.1737	loss=3.4506	loss_avg=3.4904	lr=0.0096	|gn|=3.2382	time=3.42it/s
2025-11-26 03:27:04,775 epoch=12	global_step=10500	acc=0.0312	acc_avg=0.1744	loss=3.9503	loss_avg=3.4841	lr=0.0096	|gn|=3.6190	time=3.42it/s
2025-11-26 03:27:05,869 ====================Eval Epoch 12====================
2025-11-26 03:27:08,412 epoch=12	global_step=31	acc=0.3750	acc_avg=0.1850	acc5=0.6250	acc5_avg=0.4570	loss=3.5168	loss_avg=3.4181	time=78.11it/s
2025-11-26 03:27:08,412 Eval Loss:3.4181	Eval acc: 18.50
2025-11-26 03:27:08,413 
2025-11-26 03:27:08,413 ====================Training Epoch 13====================
2025-11-26 03:27:42,557 epoch=13	global_step=10600	acc=0.2188	acc_avg=0.1898	loss=3.2822	loss_avg=3.4001	lr=0.0096	|gn|=3.0399	time=3.43it/s
2025-11-26 03:28:17,180 epoch=13	global_step=10700	acc=0.1250	acc_avg=0.1832	loss=3.5312	loss_avg=3.4275	lr=0.0096	|gn|=3.3292	time=3.41it/s
2025-11-26 03:28:51,602 epoch=13	global_step=10800	acc=0.2188	acc_avg=0.1840	loss=3.8612	loss_avg=3.4279	lr=0.0096	|gn|=3.8314	time=3.43it/s
2025-11-26 03:29:26,060 epoch=13	global_step=10900	acc=0.2188	acc_avg=0.1820	loss=3.0332	loss_avg=3.4306	lr=0.0096	|gn|=3.4874	time=3.42it/s
2025-11-26 03:30:00,479 epoch=13	global_step=11000	acc=0.1250	acc_avg=0.1850	loss=3.2643	loss_avg=3.4176	lr=0.0096	|gn|=3.1631	time=3.42it/s
2025-11-26 03:30:35,018 epoch=13	global_step=11100	acc=0.1875	acc_avg=0.1862	loss=3.0666	loss_avg=3.4155	lr=0.0096	|gn|=2.9643	time=3.44it/s
2025-11-26 03:31:09,551 epoch=13	global_step=11200	acc=0.1250	acc_avg=0.1862	loss=3.5359	loss_avg=3.4136	lr=0.0096	|gn|=3.5543	time=3.44it/s
2025-11-26 03:31:44,151 epoch=13	global_step=11300	acc=0.1875	acc_avg=0.1887	loss=3.0708	loss_avg=3.4099	lr=0.0096	|gn|=3.1454	time=3.42it/s
2025-11-26 03:31:47,969 ====================Eval Epoch 13====================
2025-11-26 03:31:50,465 epoch=13	global_step=31	acc=0.3750	acc_avg=0.1960	acc5=0.7500	acc5_avg=0.4900	loss=2.5131	loss_avg=3.3185	time=78.54it/s
2025-11-26 03:31:50,466 Eval Loss:3.3185	Eval acc: 19.60
2025-11-26 03:31:50,466 
2025-11-26 03:31:50,466 ====================Training Epoch 14====================
2025-11-26 03:32:21,712 epoch=14	global_step=11400	acc=0.1875	acc_avg=0.2019	loss=3.6346	loss_avg=3.3884	lr=0.0095	|gn|=3.4200	time=3.44it/s
2025-11-26 03:32:56,163 epoch=14	global_step=11500	acc=0.0312	acc_avg=0.2002	loss=4.1496	loss_avg=3.3569	lr=0.0095	|gn|=3.7345	time=3.44it/s
2025-11-26 03:33:30,603 epoch=14	global_step=11600	acc=0.1562	acc_avg=0.1993	loss=3.1751	loss_avg=3.3519	lr=0.0095	|gn|=3.0340	time=3.44it/s
2025-11-26 03:34:05,113 epoch=14	global_step=11700	acc=0.2500	acc_avg=0.2005	loss=3.0987	loss_avg=3.3524	lr=0.0095	|gn|=3.4576	time=3.44it/s
2025-11-26 03:34:39,525 epoch=14	global_step=11800	acc=0.1875	acc_avg=0.2046	loss=3.5488	loss_avg=3.3411	lr=0.0095	|gn|=3.7287	time=3.42it/s
2025-11-26 03:35:14,077 epoch=14	global_step=11900	acc=0.2188	acc_avg=0.2035	loss=3.3342	loss_avg=3.3428	lr=0.0095	|gn|=3.1922	time=3.43it/s
2025-11-26 03:35:48,666 epoch=14	global_step=12000	acc=0.1562	acc_avg=0.2031	loss=3.8506	loss_avg=3.3414	lr=0.0095	|gn|=3.4530	time=3.43it/s
2025-11-26 03:36:23,166 epoch=14	global_step=12100	acc=0.2500	acc_avg=0.2024	loss=3.1505	loss_avg=3.3381	lr=0.0095	|gn|=3.6889	time=3.41it/s
2025-11-26 03:36:29,816 ====================Eval Epoch 14====================
2025-11-26 03:36:32,375 epoch=14	global_step=31	acc=0.3750	acc_avg=0.2120	acc5=0.6250	acc5_avg=0.4930	loss=3.3545	loss_avg=3.3984	time=78.37it/s
2025-11-26 03:36:32,375 Eval Loss:3.3984	Eval acc: 21.20
2025-11-26 03:36:32,376 
2025-11-26 03:36:32,376 ====================Training Epoch 15====================
2025-11-26 03:37:00,901 epoch=15	global_step=12200	acc=0.2188	acc_avg=0.2184	loss=3.4607	loss_avg=3.2366	lr=0.0095	|gn|=3.4432	time=3.43it/s
2025-11-26 03:37:35,540 epoch=15	global_step=12300	acc=0.2812	acc_avg=0.2194	loss=3.2387	loss_avg=3.2276	lr=0.0095	|gn|=3.3607	time=3.43it/s
2025-11-26 03:38:10,166 epoch=15	global_step=12400	acc=0.2188	acc_avg=0.2157	loss=3.0697	loss_avg=3.2564	lr=0.0095	|gn|=3.2381	time=3.43it/s
2025-11-26 03:38:44,736 epoch=15	global_step=12500	acc=0.4062	acc_avg=0.2196	loss=2.8575	loss_avg=3.2476	lr=0.0095	|gn|=3.4542	time=3.43it/s
2025-11-26 03:39:19,391 epoch=15	global_step=12600	acc=0.2812	acc_avg=0.2176	loss=3.0762	loss_avg=3.2566	lr=0.0095	|gn|=3.4443	time=3.41it/s
2025-11-26 03:39:54,012 epoch=15	global_step=12700	acc=0.1875	acc_avg=0.2164	loss=3.3930	loss_avg=3.2632	lr=0.0095	|gn|=3.4219	time=3.41it/s
2025-11-26 03:40:28,627 epoch=15	global_step=12800	acc=0.2188	acc_avg=0.2160	loss=2.9297	loss_avg=3.2573	lr=0.0095	|gn|=3.3491	time=3.43it/s
2025-11-26 03:41:03,235 epoch=15	global_step=12900	acc=0.1875	acc_avg=0.2157	loss=3.6016	loss_avg=3.2527	lr=0.0095	|gn|=3.7993	time=3.41it/s
2025-11-26 03:41:12,608 ====================Eval Epoch 15====================
2025-11-26 03:41:15,100 epoch=15	global_step=31	acc=0.2500	acc_avg=0.2470	acc5=0.5000	acc5_avg=0.5570	loss=3.6669	loss_avg=3.0428	time=78.46it/s
2025-11-26 03:41:15,101 Eval Loss:3.0428	Eval acc: 24.70
2025-11-26 03:41:15,101 
2025-11-26 03:41:15,101 ====================Training Epoch 16====================
2025-11-26 03:41:40,935 epoch=16	global_step=13000	acc=0.1875	acc_avg=0.2312	loss=3.2176	loss_avg=3.2133	lr=0.0094	|gn|=3.5101	time=3.41it/s
2025-11-26 03:42:15,643 epoch=16	global_step=13100	acc=0.3125	acc_avg=0.2307	loss=2.9029	loss_avg=3.2001	lr=0.0094	|gn|=3.2282	time=3.41it/s
2025-11-26 03:42:50,086 epoch=16	global_step=13200	acc=0.2500	acc_avg=0.2310	loss=3.6545	loss_avg=3.2049	lr=0.0094	|gn|=4.0147	time=3.43it/s
2025-11-26 03:43:24,731 epoch=16	global_step=13300	acc=0.2188	acc_avg=0.2310	loss=2.8664	loss_avg=3.1996	lr=0.0094	|gn|=3.3742	time=3.41it/s
2025-11-26 03:43:59,434 epoch=16	global_step=13400	acc=0.1250	acc_avg=0.2299	loss=3.5929	loss_avg=3.1975	lr=0.0094	|gn|=3.6948	time=3.41it/s
2025-11-26 03:44:34,162 epoch=16	global_step=13500	acc=0.2188	acc_avg=0.2303	loss=3.3340	loss_avg=3.1949	lr=0.0094	|gn|=3.4230	time=3.40it/s
2025-11-26 03:45:08,846 epoch=16	global_step=13600	acc=0.3438	acc_avg=0.2307	loss=2.7743	loss_avg=3.1929	lr=0.0094	|gn|=2.9922	time=3.41it/s
2025-11-26 03:45:43,534 epoch=16	global_step=13700	acc=0.2812	acc_avg=0.2321	loss=3.1766	loss_avg=3.1870	lr=0.0094	|gn|=3.6041	time=3.43it/s
2025-11-26 03:45:55,748 ====================Eval Epoch 16====================
2025-11-26 03:45:58,264 epoch=16	global_step=31	acc=0.2500	acc_avg=0.2350	acc5=0.5000	acc5_avg=0.5370	loss=2.7776	loss_avg=3.2511	time=78.35it/s
2025-11-26 03:45:58,264 Eval Loss:3.2511	Eval acc: 23.50
2025-11-26 03:45:58,265 
2025-11-26 03:45:58,265 ====================Training Epoch 17====================
2025-11-26 03:46:21,382 epoch=17	global_step=13800	acc=0.2500	acc_avg=0.2245	loss=2.6882	loss_avg=3.1349	lr=0.0093	|gn|=2.8655	time=3.41it/s
2025-11-26 03:46:56,068 epoch=17	global_step=13900	acc=0.3438	acc_avg=0.2377	loss=2.6014	loss_avg=3.1096	lr=0.0093	|gn|=3.1785	time=3.43it/s
2025-11-26 03:47:30,755 epoch=17	global_step=14000	acc=0.2188	acc_avg=0.2369	loss=3.0095	loss_avg=3.1196	lr=0.0093	|gn|=3.3228	time=3.40it/s
2025-11-26 03:48:05,434 epoch=17	global_step=14100	acc=0.2812	acc_avg=0.2420	loss=2.4885	loss_avg=3.1122	lr=0.0093	|gn|=3.1375	time=3.42it/s
2025-11-26 03:48:40,022 epoch=17	global_step=14200	acc=0.2812	acc_avg=0.2435	loss=3.1746	loss_avg=3.1157	lr=0.0093	|gn|=4.0563	time=3.44it/s
2025-11-26 03:49:14,609 epoch=17	global_step=14300	acc=0.2812	acc_avg=0.2433	loss=2.8751	loss_avg=3.1136	lr=0.0093	|gn|=3.5916	time=3.44it/s
2025-11-26 03:49:49,128 epoch=17	global_step=14400	acc=0.5312	acc_avg=0.2433	loss=2.5627	loss_avg=3.1190	lr=0.0093	|gn|=3.0270	time=3.44it/s
2025-11-26 03:50:23,754 epoch=17	global_step=14500	acc=0.1875	acc_avg=0.2438	loss=3.3101	loss_avg=3.1188	lr=0.0093	|gn|=3.5163	time=3.42it/s
2025-11-26 03:50:38,739 ====================Eval Epoch 17====================
2025-11-26 03:50:41,254 epoch=17	global_step=31	acc=0.3750	acc_avg=0.2750	acc5=0.6250	acc5_avg=0.5870	loss=3.1284	loss_avg=2.9000	time=78.25it/s
2025-11-26 03:50:41,254 Eval Loss:2.9000	Eval acc: 27.50
2025-11-26 03:50:41,255 
2025-11-26 03:50:41,255 ====================Training Epoch 18====================
2025-11-26 03:51:01,531 epoch=18	global_step=14600	acc=0.1875	acc_avg=0.2664	loss=3.1381	loss_avg=3.0200	lr=0.0092	|gn|=4.1752	time=3.44it/s
2025-11-26 03:51:36,011 epoch=18	global_step=14700	acc=0.1562	acc_avg=0.2633	loss=3.2316	loss_avg=3.0138	lr=0.0092	|gn|=3.3814	time=3.42it/s
2025-11-26 03:52:10,533 epoch=18	global_step=14800	acc=0.4688	acc_avg=0.2611	loss=2.7670	loss_avg=3.0394	lr=0.0092	|gn|=3.4042	time=3.42it/s
2025-11-26 03:52:45,050 epoch=18	global_step=14900	acc=0.4062	acc_avg=0.2590	loss=2.5733	loss_avg=3.0586	lr=0.0092	|gn|=3.0701	time=3.43it/s
2025-11-26 03:53:19,572 epoch=18	global_step=15000	acc=0.2500	acc_avg=0.2602	loss=3.2060	loss_avg=3.0555	lr=0.0092	|gn|=3.4338	time=3.43it/s
2025-11-26 03:53:54,024 epoch=18	global_step=15100	acc=0.2188	acc_avg=0.2594	loss=3.3974	loss_avg=3.0525	lr=0.0092	|gn|=3.6367	time=3.44it/s
2025-11-26 03:54:28,545 epoch=18	global_step=15200	acc=0.3125	acc_avg=0.2616	loss=2.9162	loss_avg=3.0514	lr=0.0092	|gn|=3.1687	time=3.43it/s
2025-11-26 03:55:03,095 epoch=18	global_step=15300	acc=0.1250	acc_avg=0.2609	loss=3.3931	loss_avg=3.0501	lr=0.0092	|gn|=4.0567	time=3.43it/s
2025-11-26 03:55:20,803 ====================Eval Epoch 18====================
2025-11-26 03:55:23,314 epoch=18	global_step=31	acc=0.2500	acc_avg=0.2890	acc5=0.5000	acc5_avg=0.5970	loss=3.0971	loss_avg=2.8516	time=78.44it/s
2025-11-26 03:55:23,314 Eval Loss:2.8516	Eval acc: 28.90
2025-11-26 03:55:23,315 
2025-11-26 03:55:23,315 ====================Training Epoch 19====================
2025-11-26 03:55:40,811 epoch=19	global_step=15400	acc=0.2500	acc_avg=0.2659	loss=2.7620	loss_avg=2.9724	lr=0.0091	|gn|=3.7159	time=3.43it/s
2025-11-26 03:56:15,221 epoch=19	global_step=15500	acc=0.3750	acc_avg=0.2722	loss=2.9051	loss_avg=3.0001	lr=0.0091	|gn|=3.1273	time=3.43it/s
2025-11-26 03:56:49,685 epoch=19	global_step=15600	acc=0.2812	acc_avg=0.2741	loss=3.0619	loss_avg=2.9923	lr=0.0091	|gn|=3.3733	time=3.43it/s
2025-11-26 03:57:24,098 epoch=19	global_step=15700	acc=0.2500	acc_avg=0.2747	loss=2.9549	loss_avg=2.9918	lr=0.0091	|gn|=3.4513	time=3.43it/s
2025-11-26 03:57:58,564 epoch=19	global_step=15800	acc=0.2812	acc_avg=0.2734	loss=3.5613	loss_avg=2.9877	lr=0.0091	|gn|=4.5762	time=3.43it/s
2025-11-26 03:58:33,009 epoch=19	global_step=15900	acc=0.2812	acc_avg=0.2747	loss=2.8081	loss_avg=2.9808	lr=0.0091	|gn|=3.4740	time=3.42it/s
2025-11-26 03:59:07,308 epoch=19	global_step=16000	acc=0.2500	acc_avg=0.2747	loss=3.0926	loss_avg=2.9816	lr=0.0091	|gn|=3.7004	time=3.44it/s
2025-11-26 03:59:41,619 epoch=19	global_step=16100	acc=0.2812	acc_avg=0.2769	loss=2.8227	loss_avg=2.9750	lr=0.0091	|gn|=3.7514	time=3.44it/s
2025-11-26 04:00:01,929 ====================Eval Epoch 19====================
2025-11-26 04:00:04,497 epoch=19	global_step=31	acc=0.0000	acc_avg=0.2530	acc5=0.3750	acc5_avg=0.5820	loss=4.5246	loss_avg=2.9494	time=78.55it/s
2025-11-26 04:00:04,497 Eval Loss:2.9494	Eval acc: 25.30
2025-11-26 04:00:04,497 
2025-11-26 04:00:04,497 ====================Training Epoch 20====================
2025-11-26 04:00:19,059 epoch=20	global_step=16200	acc=0.3750	acc_avg=0.2812	loss=2.6220	loss_avg=2.9753	lr=0.0090	|gn|=3.6383	time=3.44it/s
2025-11-26 04:00:53,104 epoch=20	global_step=16300	acc=0.4375	acc_avg=0.2919	loss=2.6314	loss_avg=2.9174	lr=0.0090	|gn|=3.6447	time=3.44it/s
2025-11-26 04:01:27,196 epoch=20	global_step=16400	acc=0.3750	acc_avg=0.2925	loss=2.6449	loss_avg=2.9010	lr=0.0090	|gn|=4.1182	time=3.44it/s
2025-11-26 04:02:01,338 epoch=20	global_step=16500	acc=0.1875	acc_avg=0.2921	loss=3.1776	loss_avg=2.8983	lr=0.0090	|gn|=3.9557	time=3.43it/s
2025-11-26 04:02:35,497 epoch=20	global_step=16600	acc=0.2500	acc_avg=0.2902	loss=2.6324	loss_avg=2.9107	lr=0.0090	|gn|=3.9791	time=3.44it/s
2025-11-26 04:03:09,534 epoch=20	global_step=16700	acc=0.3125	acc_avg=0.2912	loss=2.8847	loss_avg=2.9180	lr=0.0090	|gn|=3.4362	time=3.43it/s
2025-11-26 04:03:43,646 epoch=20	global_step=16800	acc=0.2188	acc_avg=0.2916	loss=3.4545	loss_avg=2.9229	lr=0.0090	|gn|=4.1058	time=3.41it/s
2025-11-26 04:04:17,840 epoch=20	global_step=16900	acc=0.2812	acc_avg=0.2907	loss=2.9900	loss_avg=2.9174	lr=0.0090	|gn|=3.7588	time=3.43it/s
2025-11-26 04:04:40,724 ====================Eval Epoch 20====================
2025-11-26 04:04:43,247 epoch=20	global_step=31	acc=0.3750	acc_avg=0.3090	acc5=0.5000	acc5_avg=0.6250	loss=3.2335	loss_avg=2.7696	time=78.55it/s
2025-11-26 04:04:43,248 Eval Loss:2.7696	Eval acc: 30.90
2025-11-26 04:04:43,248 
2025-11-26 04:04:43,248 ====================Training Epoch 21====================
2025-11-26 04:04:55,212 epoch=21	global_step=17000	acc=0.4062	acc_avg=0.2955	loss=2.5013	loss_avg=2.8741	lr=0.0090	|gn|=3.5360	time=3.43it/s
2025-11-26 04:05:29,806 epoch=21	global_step=17100	acc=0.2812	acc_avg=0.2946	loss=3.0453	loss_avg=2.8714	lr=0.0090	|gn|=4.2247	time=3.43it/s
2025-11-26 04:06:04,450 epoch=21	global_step=17200	acc=0.2188	acc_avg=0.2983	loss=3.0201	loss_avg=2.8693	lr=0.0090	|gn|=4.2465	time=3.43it/s
2025-11-26 04:06:38,897 epoch=21	global_step=17300	acc=0.2812	acc_avg=0.2962	loss=3.0606	loss_avg=2.8707	lr=0.0090	|gn|=3.9217	time=3.41it/s
2025-11-26 04:07:13,599 epoch=21	global_step=17400	acc=0.1875	acc_avg=0.2982	loss=3.1768	loss_avg=2.8672	lr=0.0090	|gn|=3.9407	time=3.43it/s
2025-11-26 04:07:48,197 epoch=21	global_step=17500	acc=0.4688	acc_avg=0.2987	loss=2.2744	loss_avg=2.8608	lr=0.0090	|gn|=3.5741	time=3.43it/s
2025-11-26 04:08:22,764 epoch=21	global_step=17600	acc=0.3125	acc_avg=0.2989	loss=2.6527	loss_avg=2.8611	lr=0.0090	|gn|=3.6818	time=3.41it/s
2025-11-26 04:08:57,471 epoch=21	global_step=17700	acc=0.2812	acc_avg=0.2983	loss=2.4827	loss_avg=2.8583	lr=0.0090	|gn|=3.8444	time=3.41it/s
2025-11-26 04:09:23,586 ====================Eval Epoch 21====================
2025-11-26 04:09:26,131 epoch=21	global_step=31	acc=0.2500	acc_avg=0.3300	acc5=0.5000	acc5_avg=0.6280	loss=3.2660	loss_avg=2.7447	time=78.27it/s
2025-11-26 04:09:26,132 Eval Loss:2.7447	Eval acc: 33.00
2025-11-26 04:09:26,132 
2025-11-26 04:09:26,132 ====================Training Epoch 22====================
2025-11-26 04:09:35,393 epoch=22	global_step=17800	acc=0.2812	acc_avg=0.3362	loss=2.4116	loss_avg=2.6382	lr=0.0089	|gn|=3.1269	time=3.43it/s
2025-11-26 04:10:10,109 epoch=22	global_step=17900	acc=0.2812	acc_avg=0.3172	loss=2.9500	loss_avg=2.7923	lr=0.0089	|gn|=3.9868	time=3.43it/s
2025-11-26 04:10:44,911 epoch=22	global_step=18000	acc=0.3125	acc_avg=0.3200	loss=2.5309	loss_avg=2.7787	lr=0.0089	|gn|=3.6177	time=3.43it/s
2025-11-26 04:11:19,647 epoch=22	global_step=18100	acc=0.3750	acc_avg=0.3194	loss=2.5884	loss_avg=2.7617	lr=0.0089	|gn|=3.5489	time=3.41it/s
2025-11-26 04:11:54,385 epoch=22	global_step=18200	acc=0.3750	acc_avg=0.3188	loss=3.0541	loss_avg=2.7713	lr=0.0089	|gn|=4.3142	time=3.44it/s
2025-11-26 04:12:29,013 epoch=22	global_step=18300	acc=0.1875	acc_avg=0.3183	loss=3.0276	loss_avg=2.7722	lr=0.0089	|gn|=3.7716	time=3.42it/s
2025-11-26 04:13:03,610 epoch=22	global_step=18400	acc=0.2812	acc_avg=0.3173	loss=3.0615	loss_avg=2.7761	lr=0.0089	|gn|=4.3803	time=3.44it/s
2025-11-26 04:13:38,370 epoch=22	global_step=18500	acc=0.2500	acc_avg=0.3172	loss=2.8211	loss_avg=2.7789	lr=0.0089	|gn|=3.5705	time=3.42it/s
2025-11-26 04:14:07,231 ====================Eval Epoch 22====================
2025-11-26 04:14:09,760 epoch=22	global_step=31	acc=0.2500	acc_avg=0.3200	acc5=0.5000	acc5_avg=0.6300	loss=3.2385	loss_avg=2.7071	time=78.22it/s
2025-11-26 04:14:09,761 Eval Loss:2.7071	Eval acc: 32.00
2025-11-26 04:14:09,761 
2025-11-26 04:14:09,761 ====================Training Epoch 23====================
2025-11-26 04:14:16,273 epoch=23	global_step=18600	acc=0.4375	acc_avg=0.3180	loss=2.0640	loss_avg=2.8106	lr=0.0088	|gn|=3.4214	time=3.43it/s
2025-11-26 04:14:50,977 epoch=23	global_step=18700	acc=0.4688	acc_avg=0.3259	loss=2.6212	loss_avg=2.7533	lr=0.0088	|gn|=3.8463	time=3.42it/s
2025-11-26 04:15:25,669 epoch=23	global_step=18800	acc=0.3438	acc_avg=0.3220	loss=2.4825	loss_avg=2.7675	lr=0.0088	|gn|=4.1201	time=3.42it/s
2025-11-26 04:16:00,356 epoch=23	global_step=18900	acc=0.4375	acc_avg=0.3239	loss=2.5173	loss_avg=2.7470	lr=0.0088	|gn|=3.7143	time=3.42it/s
2025-11-26 04:16:35,073 epoch=23	global_step=19000	acc=0.2812	acc_avg=0.3254	loss=2.7070	loss_avg=2.7403	lr=0.0088	|gn|=4.0856	time=3.43it/s
2025-11-26 04:17:09,673 epoch=23	global_step=19100	acc=0.2500	acc_avg=0.3253	loss=2.7225	loss_avg=2.7399	lr=0.0088	|gn|=3.9108	time=3.44it/s
2025-11-26 04:17:44,384 epoch=23	global_step=19200	acc=0.3125	acc_avg=0.3239	loss=3.0063	loss_avg=2.7436	lr=0.0088	|gn|=3.9268	time=3.43it/s
2025-11-26 04:18:19,173 epoch=23	global_step=19300	acc=0.3750	acc_avg=0.3258	loss=2.7252	loss_avg=2.7372	lr=0.0088	|gn|=3.6303	time=3.43it/s
2025-11-26 04:18:50,818 ====================Eval Epoch 23====================
2025-11-26 04:18:53,360 epoch=23	global_step=31	acc=0.3750	acc_avg=0.3620	acc5=0.6250	acc5_avg=0.6650	loss=2.4165	loss_avg=2.5548	time=78.21it/s
2025-11-26 04:18:53,360 Eval Loss:2.5548	Eval acc: 36.20
2025-11-26 04:18:53,361 
2025-11-26 04:18:53,361 ====================Training Epoch 24====================
2025-11-26 04:18:57,084 epoch=24	global_step=19400	acc=0.4375	acc_avg=0.3507	loss=2.3504	loss_avg=2.6579	lr=0.0086	|gn|=3.2943	time=3.42it/s
2025-11-26 04:19:31,819 epoch=24	global_step=19500	acc=0.4062	acc_avg=0.3363	loss=2.8136	loss_avg=2.6851	lr=0.0086	|gn|=4.0713	time=3.43it/s
2025-11-26 04:20:06,397 epoch=24	global_step=19600	acc=0.3438	acc_avg=0.3349	loss=2.8775	loss_avg=2.6927	lr=0.0086	|gn|=3.7858	time=3.43it/s
2025-11-26 04:20:41,009 epoch=24	global_step=19700	acc=0.4062	acc_avg=0.3337	loss=2.7681	loss_avg=2.6954	lr=0.0086	|gn|=4.3370	time=3.43it/s
2025-11-26 04:21:15,576 epoch=24	global_step=19800	acc=0.3438	acc_avg=0.3352	loss=2.2927	loss_avg=2.6831	lr=0.0086	|gn|=3.6624	time=3.43it/s
2025-11-26 04:21:50,135 epoch=24	global_step=19900	acc=0.3750	acc_avg=0.3348	loss=2.8200	loss_avg=2.6811	lr=0.0086	|gn|=3.7150	time=3.43it/s
2025-11-26 04:22:24,683 epoch=24	global_step=20000	acc=0.4375	acc_avg=0.3349	loss=2.0680	loss_avg=2.6851	lr=0.0086	|gn|=3.6196	time=3.41it/s
2025-11-26 04:22:59,323 epoch=24	global_step=20100	acc=0.4688	acc_avg=0.3341	loss=2.2812	loss_avg=2.6841	lr=0.0086	|gn|=3.6766	time=3.41it/s
2025-11-26 04:23:33,601 ====================Eval Epoch 24====================
2025-11-26 04:23:36,111 epoch=24	global_step=31	acc=0.2500	acc_avg=0.3490	acc5=0.5000	acc5_avg=0.6640	loss=3.4890	loss_avg=2.5787	time=78.58it/s
2025-11-26 04:23:36,111 Eval Loss:2.5787	Eval acc: 34.90
2025-11-26 04:23:36,111 
2025-11-26 04:23:36,111 ====================Training Epoch 25====================
2025-11-26 04:23:36,996 epoch=25	global_step=20200	acc=0.2812	acc_avg=0.2812	loss=2.6522	loss_avg=2.6522	lr=0.0085	|gn|=3.5868	time=3.42it/s
2025-11-26 04:24:11,018 epoch=25	global_step=20300	acc=0.2500	acc_avg=0.3564	loss=3.4912	loss_avg=2.6383	lr=0.0085	|gn|=4.4537	time=3.43it/s
2025-11-26 04:24:45,014 epoch=25	global_step=20400	acc=0.2500	acc_avg=0.3481	loss=2.9099	loss_avg=2.6183	lr=0.0085	|gn|=4.4394	time=3.43it/s
2025-11-26 04:25:19,028 epoch=25	global_step=20500	acc=0.3125	acc_avg=0.3468	loss=2.6056	loss_avg=2.6269	lr=0.0085	|gn|=4.4288	time=3.43it/s
2025-11-26 04:25:53,047 epoch=25	global_step=20600	acc=0.3438	acc_avg=0.3504	loss=2.8221	loss_avg=2.6210	lr=0.0085	|gn|=4.4357	time=3.43it/s
2025-11-26 04:26:27,018 epoch=25	global_step=20700	acc=0.3125	acc_avg=0.3512	loss=2.6121	loss_avg=2.6106	lr=0.0085	|gn|=3.7390	time=3.43it/s
2025-11-26 04:27:00,984 epoch=25	global_step=20800	acc=0.3438	acc_avg=0.3526	loss=2.5820	loss_avg=2.6104	lr=0.0085	|gn|=3.7281	time=3.43it/s
2025-11-26 04:27:34,974 epoch=25	global_step=20900	acc=0.3438	acc_avg=0.3525	loss=2.4583	loss_avg=2.6158	lr=0.0085	|gn|=4.0712	time=3.43it/s
2025-11-26 04:28:08,977 epoch=25	global_step=21000	acc=0.4062	acc_avg=0.3539	loss=2.7240	loss_avg=2.6128	lr=0.0085	|gn|=3.9183	time=3.43it/s
2025-11-26 04:28:11,396 ====================Eval Epoch 25====================
2025-11-26 04:28:13,916 epoch=25	global_step=31	acc=0.3750	acc_avg=0.3690	acc5=0.7500	acc5_avg=0.6720	loss=2.7624	loss_avg=2.5792	time=78.40it/s
2025-11-26 04:28:13,916 Eval Loss:2.5792	Eval acc: 36.90
2025-11-26 04:28:13,917 
2025-11-26 04:28:13,917 ====================Training Epoch 26====================
2025-11-26 04:28:46,289 epoch=26	global_step=21100	acc=0.5000	acc_avg=0.3579	loss=2.0848	loss_avg=2.6002	lr=0.0084	|gn|=3.4857	time=3.43it/s
2025-11-26 04:29:20,326 epoch=26	global_step=21200	acc=0.2188	acc_avg=0.3551	loss=2.9957	loss_avg=2.5827	lr=0.0084	|gn|=4.8308	time=3.43it/s
2025-11-26 04:29:54,438 epoch=26	global_step=21300	acc=0.3125	acc_avg=0.3585	loss=3.0424	loss_avg=2.5744	lr=0.0084	|gn|=4.1649	time=3.43it/s
2025-11-26 04:30:28,460 epoch=26	global_step=21400	acc=0.1875	acc_avg=0.3572	loss=2.8069	loss_avg=2.5705	lr=0.0084	|gn|=3.9535	time=3.43it/s
2025-11-26 04:31:02,546 epoch=26	global_step=21500	acc=0.4375	acc_avg=0.3583	loss=2.2482	loss_avg=2.5680	lr=0.0084	|gn|=3.5034	time=3.44it/s
2025-11-26 04:31:36,645 epoch=26	global_step=21600	acc=0.2188	acc_avg=0.3582	loss=2.8810	loss_avg=2.5633	lr=0.0084	|gn|=4.4098	time=3.44it/s
2025-11-26 04:32:10,743 epoch=26	global_step=21700	acc=0.2812	acc_avg=0.3570	loss=2.4594	loss_avg=2.5715	lr=0.0084	|gn|=3.9705	time=3.44it/s
2025-11-26 04:32:44,861 epoch=26	global_step=21800	acc=0.3750	acc_avg=0.3573	loss=2.1776	loss_avg=2.5695	lr=0.0084	|gn|=3.8047	time=3.42it/s
2025-11-26 04:32:50,066 ====================Eval Epoch 26====================
2025-11-26 04:32:52,593 epoch=26	global_step=31	acc=0.2500	acc_avg=0.3950	acc5=0.7500	acc5_avg=0.6890	loss=2.7065	loss_avg=2.4441	time=78.20it/s
2025-11-26 04:32:52,594 Eval Loss:2.4441	Eval acc: 39.50
2025-11-26 04:32:52,594 
2025-11-26 04:32:52,594 ====================Training Epoch 27====================
2025-11-26 04:33:22,001 epoch=27	global_step=21900	acc=0.4062	acc_avg=0.3787	loss=2.3845	loss_avg=2.4609	lr=0.0083	|gn|=4.0601	time=3.43it/s
2025-11-26 04:33:55,911 epoch=27	global_step=22000	acc=0.4062	acc_avg=0.3745	loss=2.7004	loss_avg=2.4965	lr=0.0083	|gn|=4.1980	time=3.43it/s
2025-11-26 04:34:29,848 epoch=27	global_step=22100	acc=0.5312	acc_avg=0.3724	loss=1.8871	loss_avg=2.5124	lr=0.0083	|gn|=3.1070	time=3.43it/s
2025-11-26 04:35:03,899 epoch=27	global_step=22200	acc=0.2812	acc_avg=0.3721	loss=2.9675	loss_avg=2.5154	lr=0.0083	|gn|=4.8419	time=3.43it/s
2025-11-26 04:35:38,001 epoch=27	global_step=22300	acc=0.4688	acc_avg=0.3698	loss=2.5584	loss_avg=2.5270	lr=0.0083	|gn|=4.3933	time=3.43it/s
2025-11-26 04:36:12,162 epoch=27	global_step=22400	acc=0.4375	acc_avg=0.3718	loss=2.5293	loss_avg=2.5203	lr=0.0083	|gn|=4.4596	time=3.43it/s
2025-11-26 04:36:46,331 epoch=27	global_step=22500	acc=0.3750	acc_avg=0.3714	loss=2.6132	loss_avg=2.5204	lr=0.0083	|gn|=4.1377	time=3.44it/s
2025-11-26 04:37:20,575 epoch=27	global_step=22600	acc=0.5000	acc_avg=0.3727	loss=2.0578	loss_avg=2.5127	lr=0.0083	|gn|=3.3441	time=3.43it/s
2025-11-26 04:37:28,467 ====================Eval Epoch 27====================
2025-11-26 04:37:31,020 epoch=27	global_step=31	acc=0.2500	acc_avg=0.4050	acc5=0.5000	acc5_avg=0.7120	loss=2.7367	loss_avg=2.3172	time=78.42it/s
2025-11-26 04:37:31,020 Eval Loss:2.3172	Eval acc: 40.50
2025-11-26 04:37:31,021 
2025-11-26 04:37:31,021 ====================Training Epoch 28====================
2025-11-26 04:37:58,327 epoch=28	global_step=22700	acc=0.1875	acc_avg=0.3803	loss=3.2812	loss_avg=2.4783	lr=0.0082	|gn|=4.9971	time=3.43it/s
2025-11-26 04:38:33,018 epoch=28	global_step=22800	acc=0.5625	acc_avg=0.3785	loss=2.0278	loss_avg=2.4886	lr=0.0082	|gn|=3.9626	time=3.43it/s
2025-11-26 04:39:07,703 epoch=28	global_step=22900	acc=0.5000	acc_avg=0.3778	loss=1.9837	loss_avg=2.4979	lr=0.0082	|gn|=3.2897	time=3.41it/s
2025-11-26 04:39:42,421 epoch=28	global_step=23000	acc=0.3125	acc_avg=0.3840	loss=2.3584	loss_avg=2.4681	lr=0.0082	|gn|=4.0185	time=3.43it/s
2025-11-26 04:40:17,075 epoch=28	global_step=23100	acc=0.2812	acc_avg=0.3845	loss=2.6060	loss_avg=2.4757	lr=0.0082	|gn|=4.4323	time=3.43it/s
2025-11-26 04:40:51,769 epoch=28	global_step=23200	acc=0.3125	acc_avg=0.3845	loss=2.5089	loss_avg=2.4712	lr=0.0082	|gn|=4.2639	time=3.43it/s
2025-11-26 04:41:26,419 epoch=28	global_step=23300	acc=0.2500	acc_avg=0.3866	loss=2.4147	loss_avg=2.4627	lr=0.0082	|gn|=4.3791	time=3.43it/s
2025-11-26 04:42:01,102 epoch=28	global_step=23400	acc=0.4375	acc_avg=0.3886	loss=2.3893	loss_avg=2.4570	lr=0.0082	|gn|=4.0470	time=3.41it/s
2025-11-26 04:42:11,892 ====================Eval Epoch 28====================
2025-11-26 04:42:14,445 epoch=28	global_step=31	acc=0.2500	acc_avg=0.3890	acc5=0.5000	acc5_avg=0.7110	loss=3.2678	loss_avg=2.3455	time=78.24it/s
2025-11-26 04:42:14,446 Eval Loss:2.3455	Eval acc: 38.90
2025-11-26 04:42:14,446 
2025-11-26 04:42:14,446 ====================Training Epoch 29====================
2025-11-26 04:42:38,957 epoch=29	global_step=23500	acc=0.3438	acc_avg=0.3999	loss=2.2415	loss_avg=2.3734	lr=0.0081	|gn|=3.9166	time=3.41it/s
2025-11-26 04:43:13,592 epoch=29	global_step=23600	acc=0.4062	acc_avg=0.3979	loss=2.2615	loss_avg=2.3893	lr=0.0081	|gn|=3.7870	time=3.43it/s
2025-11-26 04:43:48,221 epoch=29	global_step=23700	acc=0.5312	acc_avg=0.3984	loss=2.1296	loss_avg=2.3904	lr=0.0081	|gn|=3.5247	time=3.41it/s
2025-11-26 04:44:22,817 epoch=29	global_step=23800	acc=0.2812	acc_avg=0.3957	loss=2.3814	loss_avg=2.3951	lr=0.0081	|gn|=4.2106	time=3.44it/s
2025-11-26 04:44:57,485 epoch=29	global_step=23900	acc=0.3438	acc_avg=0.3947	loss=2.7556	loss_avg=2.4061	lr=0.0081	|gn|=4.9501	time=3.42it/s
2025-11-26 04:45:32,133 epoch=29	global_step=24000	acc=0.3750	acc_avg=0.3946	loss=2.3925	loss_avg=2.4072	lr=0.0081	|gn|=4.4850	time=3.44it/s
2025-11-26 04:46:06,679 epoch=29	global_step=24100	acc=0.3438	acc_avg=0.3946	loss=2.3587	loss_avg=2.4080	lr=0.0081	|gn|=4.8426	time=3.44it/s
2025-11-26 04:46:41,234 epoch=29	global_step=24200	acc=0.4375	acc_avg=0.3946	loss=2.0993	loss_avg=2.4095	lr=0.0081	|gn|=3.7895	time=3.42it/s
2025-11-26 04:46:54,808 ====================Eval Epoch 29====================
2025-11-26 04:46:57,339 epoch=29	global_step=31	acc=0.2500	acc_avg=0.4000	acc5=0.5000	acc5_avg=0.7300	loss=2.9074	loss_avg=2.3024	time=78.38it/s
2025-11-26 04:46:57,339 Eval Loss:2.3024	Eval acc: 40.00
2025-11-26 04:46:57,340 
2025-11-26 04:46:57,340 ====================Training Epoch 30====================
2025-11-26 04:47:19,028 epoch=30	global_step=24300	acc=0.3438	acc_avg=0.3955	loss=2.2807	loss_avg=2.3305	lr=0.0079	|gn|=4.1469	time=3.44it/s
2025-11-26 04:47:53,691 epoch=30	global_step=24400	acc=0.4688	acc_avg=0.4086	loss=2.6941	loss_avg=2.3349	lr=0.0079	|gn|=4.8795	time=3.42it/s
2025-11-26 04:48:28,445 epoch=30	global_step=24500	acc=0.4375	acc_avg=0.4030	loss=2.3400	loss_avg=2.3559	lr=0.0079	|gn|=4.9429	time=3.43it/s
2025-11-26 04:49:03,233 epoch=30	global_step=24600	acc=0.4375	acc_avg=0.4002	loss=2.2100	loss_avg=2.3675	lr=0.0079	|gn|=4.3895	time=3.43it/s
2025-11-26 04:49:37,905 epoch=30	global_step=24700	acc=0.4688	acc_avg=0.4014	loss=2.4494	loss_avg=2.3653	lr=0.0079	|gn|=4.3900	time=3.42it/s
2025-11-26 04:50:12,559 epoch=30	global_step=24800	acc=0.5625	acc_avg=0.4044	loss=2.0909	loss_avg=2.3614	lr=0.0079	|gn|=3.5227	time=3.42it/s
2025-11-26 04:50:47,285 epoch=30	global_step=24900	acc=0.3750	acc_avg=0.4031	loss=2.4073	loss_avg=2.3642	lr=0.0079	|gn|=4.3366	time=3.42it/s
2025-11-26 04:51:21,861 epoch=30	global_step=25000	acc=0.4062	acc_avg=0.4041	loss=2.2037	loss_avg=2.3667	lr=0.0079	|gn|=4.1262	time=3.43it/s
2025-11-26 04:51:38,166 ====================Eval Epoch 30====================
2025-11-26 04:51:40,697 epoch=30	global_step=31	acc=0.2500	acc_avg=0.4110	acc5=0.6250	acc5_avg=0.7270	loss=2.7764	loss_avg=2.2728	time=78.18it/s
2025-11-26 04:51:40,698 Eval Loss:2.2728	Eval acc: 41.10
2025-11-26 04:51:40,698 
2025-11-26 04:51:40,698 ====================Training Epoch 31====================
2025-11-26 04:51:59,552 epoch=31	global_step=25100	acc=0.4375	acc_avg=0.4222	loss=2.1778	loss_avg=2.2799	lr=0.0078	|gn|=3.9852	time=3.43it/s
2025-11-26 04:52:34,174 epoch=31	global_step=25200	acc=0.4375	acc_avg=0.4234	loss=2.3984	loss_avg=2.2984	lr=0.0078	|gn|=3.9946	time=3.41it/s
2025-11-26 04:53:08,928 epoch=31	global_step=25300	acc=0.3750	acc_avg=0.4148	loss=2.4135	loss_avg=2.3276	lr=0.0078	|gn|=4.5788	time=3.41it/s
2025-11-26 04:53:43,679 epoch=31	global_step=25400	acc=0.3438	acc_avg=0.4175	loss=2.8992	loss_avg=2.3177	lr=0.0078	|gn|=5.1410	time=3.43it/s
2025-11-26 04:54:18,380 epoch=31	global_step=25500	acc=0.5938	acc_avg=0.4175	loss=1.8118	loss_avg=2.3163	lr=0.0078	|gn|=3.9459	time=3.42it/s
2025-11-26 04:54:53,115 epoch=31	global_step=25600	acc=0.2188	acc_avg=0.4192	loss=2.6810	loss_avg=2.3098	lr=0.0078	|gn|=4.6889	time=3.43it/s
2025-11-26 04:55:27,865 epoch=31	global_step=25700	acc=0.5000	acc_avg=0.4168	loss=1.8989	loss_avg=2.3154	lr=0.0078	|gn|=4.8695	time=3.43it/s
2025-11-26 04:56:02,636 epoch=31	global_step=25800	acc=0.3438	acc_avg=0.4169	loss=2.4216	loss_avg=2.3088	lr=0.0078	|gn|=4.2576	time=3.42it/s
2025-11-26 04:56:21,811 ====================Eval Epoch 31====================
2025-11-26 04:56:24,324 epoch=31	global_step=31	acc=0.2500	acc_avg=0.4190	acc5=0.7500	acc5_avg=0.7240	loss=2.1576	loss_avg=2.2622	time=78.08it/s
2025-11-26 04:56:24,325 Eval Loss:2.2622	Eval acc: 41.90
2025-11-26 04:56:24,325 
2025-11-26 04:56:24,326 ====================Training Epoch 32====================
2025-11-26 04:56:40,466 epoch=32	global_step=25900	acc=0.4688	acc_avg=0.4139	loss=2.4037	loss_avg=2.2532	lr=0.0077	|gn|=4.8073	time=3.42it/s
2025-11-26 04:57:15,137 epoch=32	global_step=26000	acc=0.5625	acc_avg=0.4246	loss=1.7798	loss_avg=2.2410	lr=0.0077	|gn|=4.3062	time=3.43it/s
2025-11-26 04:57:49,908 epoch=32	global_step=26100	acc=0.4688	acc_avg=0.4270	loss=1.8766	loss_avg=2.2425	lr=0.0077	|gn|=4.0876	time=3.42it/s
2025-11-26 04:58:24,751 epoch=32	global_step=26200	acc=0.3125	acc_avg=0.4248	loss=2.6001	loss_avg=2.2545	lr=0.0077	|gn|=5.0301	time=3.42it/s
2025-11-26 04:58:59,565 epoch=32	global_step=26300	acc=0.4062	acc_avg=0.4246	loss=2.1911	loss_avg=2.2662	lr=0.0077	|gn|=4.1304	time=3.42it/s
2025-11-26 04:59:34,427 epoch=32	global_step=26400	acc=0.4375	acc_avg=0.4251	loss=2.2811	loss_avg=2.2684	lr=0.0077	|gn|=4.3485	time=3.41it/s
2025-11-26 05:00:09,225 epoch=32	global_step=26500	acc=0.5312	acc_avg=0.4235	loss=1.8790	loss_avg=2.2725	lr=0.0077	|gn|=3.7321	time=3.43it/s
2025-11-26 05:00:44,076 epoch=32	global_step=26600	acc=0.5312	acc_avg=0.4226	loss=1.8796	loss_avg=2.2770	lr=0.0077	|gn|=3.7444	time=3.41it/s
2025-11-26 05:01:06,250 ====================Eval Epoch 32====================
2025-11-26 05:01:08,828 epoch=32	global_step=31	acc=0.3750	acc_avg=0.4270	acc5=0.7500	acc5_avg=0.7330	loss=2.3438	loss_avg=2.2079	time=70.38it/s
2025-11-26 05:01:08,829 Eval Loss:2.2079	Eval acc: 42.70
2025-11-26 05:01:08,829 
2025-11-26 05:01:08,829 ====================Training Epoch 33====================
2025-11-26 05:01:22,481 epoch=33	global_step=26700	acc=0.4375	acc_avg=0.4654	loss=2.4053	loss_avg=2.0987	lr=0.0075	|gn|=3.9986	time=3.41it/s
2025-11-26 05:01:57,611 epoch=33	global_step=26800	acc=0.3750	acc_avg=0.4450	loss=2.2782	loss_avg=2.1979	lr=0.0075	|gn|=4.8706	time=3.41it/s
2025-11-26 05:02:32,948 epoch=33	global_step=26900	acc=0.4688	acc_avg=0.4384	loss=2.3286	loss_avg=2.2170	lr=0.0075	|gn|=4.9388	time=3.42it/s
2025-11-26 05:03:08,261 epoch=33	global_step=27000	acc=0.5625	acc_avg=0.4358	loss=1.9846	loss_avg=2.2259	lr=0.0075	|gn|=4.5978	time=3.40it/s
2025-11-26 05:03:43,271 epoch=33	global_step=27100	acc=0.5312	acc_avg=0.4352	loss=2.1630	loss_avg=2.2291	lr=0.0075	|gn|=4.8089	time=3.42it/s
2025-11-26 05:04:18,143 epoch=33	global_step=27200	acc=0.5312	acc_avg=0.4353	loss=1.8681	loss_avg=2.2260	lr=0.0075	|gn|=3.9966	time=3.43it/s
2025-11-26 05:04:53,191 epoch=33	global_step=27300	acc=0.3750	acc_avg=0.4354	loss=2.4279	loss_avg=2.2286	lr=0.0075	|gn|=4.6962	time=3.42it/s
2025-11-26 05:05:28,271 epoch=33	global_step=27400	acc=0.5312	acc_avg=0.4341	loss=2.2778	loss_avg=2.2340	lr=0.0075	|gn|=4.8236	time=3.42it/s
2025-11-26 05:05:53,185 ====================Eval Epoch 33====================
2025-11-26 05:05:55,726 epoch=33	global_step=31	acc=0.2500	acc_avg=0.4420	acc5=0.7500	acc5_avg=0.7340	loss=2.2885	loss_avg=2.1789	time=78.26it/s
2025-11-26 05:05:55,727 Eval Loss:2.1789	Eval acc: 44.20
2025-11-26 05:05:55,727 
2025-11-26 05:05:55,727 ====================Training Epoch 34====================
2025-11-26 05:06:06,469 epoch=34	global_step=27500	acc=0.5312	acc_avg=0.4903	loss=1.8137	loss_avg=2.0687	lr=0.0074	|gn|=3.5072	time=3.38it/s
2025-11-26 05:06:41,332 epoch=34	global_step=27600	acc=0.5312	acc_avg=0.4690	loss=1.7973	loss_avg=2.0912	lr=0.0074	|gn|=4.1747	time=3.43it/s
2025-11-26 05:07:16,303 epoch=34	global_step=27700	acc=0.4688	acc_avg=0.4634	loss=1.9399	loss_avg=2.1198	lr=0.0074	|gn|=4.2870	time=3.43it/s
2025-11-26 05:07:51,114 epoch=34	global_step=27800	acc=0.3750	acc_avg=0.4612	loss=2.0548	loss_avg=2.1280	lr=0.0074	|gn|=4.1782	time=3.43it/s
2025-11-26 05:08:25,925 epoch=34	global_step=27900	acc=0.5000	acc_avg=0.4542	loss=2.2173	loss_avg=2.1417	lr=0.0074	|gn|=4.2891	time=3.41it/s
2025-11-26 05:09:00,736 epoch=34	global_step=28000	acc=0.3750	acc_avg=0.4498	loss=2.8325	loss_avg=2.1577	lr=0.0074	|gn|=5.3187	time=3.43it/s
2025-11-26 05:09:35,574 epoch=34	global_step=28100	acc=0.5625	acc_avg=0.4494	loss=1.7350	loss_avg=2.1623	lr=0.0074	|gn|=3.9776	time=3.43it/s
2025-11-26 05:10:10,430 epoch=34	global_step=28200	acc=0.5312	acc_avg=0.4461	loss=2.3968	loss_avg=2.1730	lr=0.0074	|gn|=4.6672	time=3.43it/s
2025-11-26 05:10:37,949 ====================Eval Epoch 34====================
2025-11-26 05:10:40,565 epoch=34	global_step=31	acc=0.3750	acc_avg=0.4630	acc5=0.8750	acc5_avg=0.7610	loss=2.0214	loss_avg=2.0962	time=78.18it/s
2025-11-26 05:10:40,566 Eval Loss:2.0962	Eval acc: 46.30
2025-11-26 05:10:40,566 
2025-11-26 05:10:40,566 ====================Training Epoch 35====================
2025-11-26 05:10:48,528 epoch=35	global_step=28300	acc=0.3750	acc_avg=0.4598	loss=2.4348	loss_avg=2.1471	lr=0.0073	|gn|=5.2103	time=3.44it/s
2025-11-26 05:11:23,115 epoch=35	global_step=28400	acc=0.2500	acc_avg=0.4564	loss=3.0765	loss_avg=2.1682	lr=0.0073	|gn|=4.9658	time=3.42it/s
2025-11-26 05:11:57,648 epoch=35	global_step=28500	acc=0.3750	acc_avg=0.4474	loss=2.4312	loss_avg=2.1743	lr=0.0073	|gn|=5.2295	time=3.43it/s
2025-11-26 05:12:32,136 epoch=35	global_step=28600	acc=0.4375	acc_avg=0.4523	loss=2.0347	loss_avg=2.1516	lr=0.0073	|gn|=4.2759	time=3.41it/s
2025-11-26 05:13:06,752 epoch=35	global_step=28700	acc=0.4688	acc_avg=0.4539	loss=1.7850	loss_avg=2.1415	lr=0.0073	|gn|=3.7386	time=3.40it/s
2025-11-26 05:13:41,290 epoch=35	global_step=28800	acc=0.4688	acc_avg=0.4557	loss=2.1964	loss_avg=2.1368	lr=0.0073	|gn|=4.5955	time=3.43it/s
2025-11-26 05:14:15,790 epoch=35	global_step=28900	acc=0.5000	acc_avg=0.4577	loss=2.0028	loss_avg=2.1303	lr=0.0073	|gn|=4.2839	time=3.43it/s
2025-11-26 05:14:50,246 epoch=35	global_step=29000	acc=0.3438	acc_avg=0.4570	loss=2.8462	loss_avg=2.1374	lr=0.0073	|gn|=5.5415	time=3.43it/s
2025-11-26 05:15:20,302 ====================Eval Epoch 35====================
2025-11-26 05:15:22,892 epoch=35	global_step=31	acc=0.5000	acc_avg=0.4470	acc5=0.7500	acc5_avg=0.7450	loss=1.9569	loss_avg=2.2051	time=78.27it/s
2025-11-26 05:15:22,892 Eval Loss:2.2051	Eval acc: 44.70
2025-11-26 05:15:22,892 
2025-11-26 05:15:22,892 ====================Training Epoch 36====================
2025-11-26 05:15:28,100 epoch=36	global_step=29100	acc=0.6250	acc_avg=0.4543	loss=1.7106	loss_avg=2.1735	lr=0.0071	|gn|=3.8600	time=3.43it/s
2025-11-26 05:16:02,834 epoch=36	global_step=29200	acc=0.5312	acc_avg=0.4527	loss=1.7697	loss_avg=2.1301	lr=0.0071	|gn|=4.3406	time=3.43it/s
2025-11-26 05:16:37,560 epoch=36	global_step=29300	acc=0.4688	acc_avg=0.4617	loss=2.1875	loss_avg=2.1099	lr=0.0071	|gn|=4.1573	time=3.43it/s
2025-11-26 05:17:12,298 epoch=36	global_step=29400	acc=0.5000	acc_avg=0.4628	loss=2.2080	loss_avg=2.0936	lr=0.0071	|gn|=4.9836	time=3.43it/s
2025-11-26 05:17:46,806 epoch=36	global_step=29500	acc=0.5312	acc_avg=0.4664	loss=1.8295	loss_avg=2.0834	lr=0.0071	|gn|=4.2215	time=3.43it/s
2025-11-26 05:18:21,384 epoch=36	global_step=29600	acc=0.5000	acc_avg=0.4654	loss=1.9794	loss_avg=2.0860	lr=0.0071	|gn|=4.4379	time=3.43it/s
2025-11-26 05:18:55,859 epoch=36	global_step=29700	acc=0.4688	acc_avg=0.4653	loss=1.9700	loss_avg=2.0926	lr=0.0071	|gn|=4.6440	time=3.43it/s
2025-11-26 05:19:30,431 epoch=36	global_step=29800	acc=0.5312	acc_avg=0.4658	loss=1.9748	loss_avg=2.0944	lr=0.0071	|gn|=4.6722	time=3.43it/s
2025-11-26 05:20:03,557 ====================Eval Epoch 36====================
2025-11-26 05:20:06,119 epoch=36	global_step=31	acc=0.2500	acc_avg=0.4800	acc5=0.7500	acc5_avg=0.7600	loss=3.0550	loss_avg=2.0979	time=78.08it/s
2025-11-26 05:20:06,119 Eval Loss:2.0979	Eval acc: 48.00
2025-11-26 05:20:06,119 
2025-11-26 05:20:06,119 ====================Training Epoch 37====================
2025-11-26 05:20:08,475 epoch=37	global_step=29900	acc=0.5000	acc_avg=0.4750	loss=1.9722	loss_avg=1.9201	lr=0.0070	|gn|=4.4162	time=3.43it/s
2025-11-26 05:20:43,334 epoch=37	global_step=30000	acc=0.4688	acc_avg=0.4568	loss=2.3717	loss_avg=2.0881	lr=0.0070	|gn|=4.9959	time=3.41it/s
2025-11-26 05:21:18,225 epoch=37	global_step=30100	acc=0.4688	acc_avg=0.4631	loss=1.9338	loss_avg=2.0683	lr=0.0070	|gn|=4.6891	time=3.42it/s
2025-11-26 05:21:53,076 epoch=37	global_step=30200	acc=0.4062	acc_avg=0.4708	loss=2.3917	loss_avg=2.0532	lr=0.0070	|gn|=4.6561	time=3.42it/s
2025-11-26 05:22:27,938 epoch=37	global_step=30300	acc=0.4062	acc_avg=0.4720	loss=1.9811	loss_avg=2.0547	lr=0.0070	|gn|=4.2904	time=3.43it/s
2025-11-26 05:23:02,665 epoch=37	global_step=30400	acc=0.4688	acc_avg=0.4738	loss=2.0027	loss_avg=2.0497	lr=0.0070	|gn|=5.2882	time=3.43it/s
2025-11-26 05:23:37,634 epoch=37	global_step=30500	acc=0.4688	acc_avg=0.4707	loss=1.7966	loss_avg=2.0570	lr=0.0070	|gn|=4.4485	time=3.41it/s
2025-11-26 05:24:12,532 epoch=37	global_step=30600	acc=0.3438	acc_avg=0.4708	loss=2.5163	loss_avg=2.0627	lr=0.0070	|gn|=5.1381	time=3.43it/s
2025-11-26 05:24:47,354 epoch=37	global_step=30700	acc=0.6250	acc_avg=0.4722	loss=1.4732	loss_avg=2.0591	lr=0.0070	|gn|=4.0514	time=3.42it/s
2025-11-26 05:24:48,447 ====================Eval Epoch 37====================
2025-11-26 05:24:50,985 epoch=37	global_step=31	acc=0.5000	acc_avg=0.4790	acc5=0.6250	acc5_avg=0.7560	loss=2.1516	loss_avg=2.0429	time=77.92it/s
2025-11-26 05:24:50,986 Eval Loss:2.0429	Eval acc: 47.90
2025-11-26 05:24:50,986 
2025-11-26 05:24:50,986 ====================Training Epoch 38====================
2025-11-26 05:25:25,526 epoch=38	global_step=30800	acc=0.6250	acc_avg=0.4861	loss=1.7557	loss_avg=2.0006	lr=0.0068	|gn|=3.9344	time=3.41it/s
2025-11-26 05:26:00,451 epoch=38	global_step=30900	acc=0.4688	acc_avg=0.4818	loss=2.0501	loss_avg=2.0194	lr=0.0068	|gn|=4.9398	time=3.41it/s
2025-11-26 05:26:35,311 epoch=38	global_step=31000	acc=0.5312	acc_avg=0.4822	loss=1.8523	loss_avg=2.0111	lr=0.0068	|gn|=4.5522	time=3.43it/s
2025-11-26 05:27:10,205 epoch=38	global_step=31100	acc=0.4062	acc_avg=0.4806	loss=2.3682	loss_avg=2.0273	lr=0.0068	|gn|=5.5377	time=3.43it/s
2025-11-26 05:27:45,118 epoch=38	global_step=31200	acc=0.5000	acc_avg=0.4818	loss=1.8821	loss_avg=2.0275	lr=0.0068	|gn|=4.3819	time=3.43it/s
2025-11-26 05:28:19,972 epoch=38	global_step=31300	acc=0.5938	acc_avg=0.4793	loss=1.7307	loss_avg=2.0330	lr=0.0068	|gn|=4.1087	time=3.43it/s
2025-11-26 05:28:54,964 epoch=38	global_step=31400	acc=0.4375	acc_avg=0.4792	loss=2.5707	loss_avg=2.0316	lr=0.0068	|gn|=5.0122	time=3.42it/s
2025-11-26 05:29:29,898 epoch=38	global_step=31500	acc=0.3750	acc_avg=0.4794	loss=2.3620	loss_avg=2.0354	lr=0.0068	|gn|=4.5786	time=3.41it/s
2025-11-26 05:29:33,800 ====================Eval Epoch 38====================
2025-11-26 05:29:36,321 epoch=38	global_step=31	acc=0.1250	acc_avg=0.4890	acc5=0.7500	acc5_avg=0.7840	loss=3.1902	loss_avg=1.9361	time=78.07it/s
2025-11-26 05:29:36,321 Eval Loss:1.9361	Eval acc: 48.90
2025-11-26 05:29:36,321 
2025-11-26 05:29:36,321 ====================Training Epoch 39====================
2025-11-26 05:30:07,530 epoch=39	global_step=31600	acc=0.4062	acc_avg=0.4891	loss=2.0521	loss_avg=2.0009	lr=0.0067	|gn|=4.4355	time=3.43it/s
2025-11-26 05:30:41,861 epoch=39	global_step=31700	acc=0.5000	acc_avg=0.4906	loss=2.1818	loss_avg=1.9981	lr=0.0067	|gn|=4.8267	time=3.42it/s
2025-11-26 05:31:16,195 epoch=39	global_step=31800	acc=0.5625	acc_avg=0.4928	loss=1.3569	loss_avg=1.9816	lr=0.0067	|gn|=3.8555	time=3.41it/s
2025-11-26 05:31:50,581 epoch=39	global_step=31900	acc=0.5312	acc_avg=0.4976	loss=2.1702	loss_avg=1.9627	lr=0.0067	|gn|=4.5366	time=3.43it/s
2025-11-26 05:32:24,838 epoch=39	global_step=32000	acc=0.5312	acc_avg=0.4950	loss=1.7308	loss_avg=1.9725	lr=0.0067	|gn|=4.7365	time=3.41it/s
2025-11-26 05:32:59,178 epoch=39	global_step=32100	acc=0.4688	acc_avg=0.4927	loss=1.9943	loss_avg=1.9838	lr=0.0067	|gn|=5.0393	time=3.43it/s
2025-11-26 05:33:33,448 epoch=39	global_step=32200	acc=0.4062	acc_avg=0.4924	loss=2.0276	loss_avg=1.9861	lr=0.0067	|gn|=4.8785	time=3.43it/s
2025-11-26 05:34:07,765 epoch=39	global_step=32300	acc=0.5938	acc_avg=0.4910	loss=1.7044	loss_avg=1.9949	lr=0.0067	|gn|=4.0831	time=3.43it/s
2025-11-26 05:34:14,337 ====================Eval Epoch 39====================
2025-11-26 05:34:16,905 epoch=39	global_step=31	acc=0.2500	acc_avg=0.4860	acc5=0.5000	acc5_avg=0.7780	loss=2.6605	loss_avg=1.9964	time=77.90it/s
2025-11-26 05:34:16,906 Eval Loss:1.9964	Eval acc: 48.60
2025-11-26 05:34:16,906 
2025-11-26 05:34:16,906 ====================Training Epoch 40====================
2025-11-26 05:34:45,731 epoch=40	global_step=32400	acc=0.4062	acc_avg=0.4846	loss=2.2536	loss_avg=2.0161	lr=0.0065	|gn|=5.1774	time=3.43it/s
2025-11-26 05:35:20,488 epoch=40	global_step=32500	acc=0.5625	acc_avg=0.4876	loss=1.6510	loss_avg=1.9951	lr=0.0065	|gn|=4.6692	time=3.41it/s
2025-11-26 05:35:55,276 epoch=40	global_step=32600	acc=0.4375	acc_avg=0.4938	loss=2.0372	loss_avg=1.9825	lr=0.0065	|gn|=4.4956	time=3.43it/s
2025-11-26 05:36:30,073 epoch=40	global_step=32700	acc=0.5312	acc_avg=0.4932	loss=1.8962	loss_avg=1.9809	lr=0.0065	|gn|=4.4881	time=3.43it/s
2025-11-26 05:37:04,874 epoch=40	global_step=32800	acc=0.3438	acc_avg=0.4969	loss=2.4617	loss_avg=1.9702	lr=0.0065	|gn|=4.6961	time=3.43it/s
2025-11-26 05:37:39,633 epoch=40	global_step=32900	acc=0.5938	acc_avg=0.4979	loss=1.5992	loss_avg=1.9613	lr=0.0065	|gn|=4.3703	time=3.41it/s
2025-11-26 05:38:14,402 epoch=40	global_step=33000	acc=0.3125	acc_avg=0.4973	loss=2.0940	loss_avg=1.9712	lr=0.0065	|gn|=5.2437	time=3.43it/s
2025-11-26 05:38:49,162 epoch=40	global_step=33100	acc=0.5000	acc_avg=0.4972	loss=1.6935	loss_avg=1.9728	lr=0.0065	|gn|=4.0567	time=3.41it/s
2025-11-26 05:38:58,641 ====================Eval Epoch 40====================
2025-11-26 05:39:01,173 epoch=40	global_step=31	acc=0.5000	acc_avg=0.5020	acc5=0.7500	acc5_avg=0.7850	loss=2.1671	loss_avg=1.9254	time=78.01it/s
2025-11-26 05:39:01,173 Eval Loss:1.9254	Eval acc: 50.20
2025-11-26 05:39:01,174 
2025-11-26 05:39:01,174 ====================Training Epoch 41====================
2025-11-26 05:39:26,668 epoch=41	global_step=33200	acc=0.3125	acc_avg=0.5039	loss=2.7945	loss_avg=1.9204	lr=0.0064	|gn|=6.7350	time=3.43it/s
2025-11-26 05:40:00,854 epoch=41	global_step=33300	acc=0.5312	acc_avg=0.5004	loss=2.1029	loss_avg=1.9236	lr=0.0064	|gn|=4.6500	time=3.43it/s
2025-11-26 05:40:35,023 epoch=41	global_step=33400	acc=0.4375	acc_avg=0.5049	loss=1.9381	loss_avg=1.9133	lr=0.0064	|gn|=4.8918	time=3.43it/s
2025-11-26 05:41:09,179 epoch=41	global_step=33500	acc=0.4062	acc_avg=0.5039	loss=2.0380	loss_avg=1.9245	lr=0.0064	|gn|=5.2557	time=3.43it/s
2025-11-26 05:41:43,337 epoch=41	global_step=33600	acc=0.4062	acc_avg=0.5057	loss=2.0424	loss_avg=1.9231	lr=0.0064	|gn|=4.6846	time=3.43it/s
2025-11-26 05:42:17,529 epoch=41	global_step=33700	acc=0.6250	acc_avg=0.5063	loss=1.5981	loss_avg=1.9276	lr=0.0064	|gn|=3.9875	time=3.42it/s
2025-11-26 05:42:51,710 epoch=41	global_step=33800	acc=0.4062	acc_avg=0.5039	loss=2.4314	loss_avg=1.9386	lr=0.0064	|gn|=5.1889	time=3.43it/s
2025-11-26 05:43:25,873 epoch=41	global_step=33900	acc=0.5938	acc_avg=0.5029	loss=1.8673	loss_avg=1.9390	lr=0.0064	|gn|=4.6371	time=3.43it/s
2025-11-26 05:43:37,900 ====================Eval Epoch 41====================
2025-11-26 05:43:40,419 epoch=41	global_step=31	acc=0.6250	acc_avg=0.5020	acc5=0.8750	acc5_avg=0.7760	loss=1.5468	loss_avg=1.9747	time=78.22it/s
2025-11-26 05:43:40,419 Eval Loss:1.9747	Eval acc: 50.20
2025-11-26 05:43:40,420 
2025-11-26 05:43:40,420 ====================Training Epoch 42====================
2025-11-26 05:44:03,709 epoch=42	global_step=34000	acc=0.5938	acc_avg=0.5144	loss=1.6161	loss_avg=1.8466	lr=0.0062	|gn|=4.9513	time=3.43it/s
2025-11-26 05:44:38,479 epoch=42	global_step=34100	acc=0.5625	acc_avg=0.5036	loss=1.6252	loss_avg=1.8862	lr=0.0062	|gn|=4.4308	time=3.41it/s
2025-11-26 05:45:13,263 epoch=42	global_step=34200	acc=0.5000	acc_avg=0.5091	loss=1.9623	loss_avg=1.8827	lr=0.0062	|gn|=4.7241	time=3.43it/s
2025-11-26 05:45:48,012 epoch=42	global_step=34300	acc=0.5625	acc_avg=0.5057	loss=1.8464	loss_avg=1.8945	lr=0.0062	|gn|=4.6493	time=3.42it/s
2025-11-26 05:46:22,743 epoch=42	global_step=34400	acc=0.4688	acc_avg=0.5068	loss=2.3237	loss_avg=1.9000	lr=0.0062	|gn|=5.0203	time=3.43it/s
2025-11-26 05:46:57,523 epoch=42	global_step=34500	acc=0.6562	acc_avg=0.5072	loss=1.7474	loss_avg=1.8990	lr=0.0062	|gn|=4.0922	time=3.43it/s
2025-11-26 05:47:32,356 epoch=42	global_step=34600	acc=0.4062	acc_avg=0.5050	loss=2.1025	loss_avg=1.9077	lr=0.0062	|gn|=5.7261	time=3.41it/s
2025-11-26 05:48:07,127 epoch=42	global_step=34700	acc=0.4688	acc_avg=0.5070	loss=1.7909	loss_avg=1.8992	lr=0.0062	|gn|=4.7193	time=3.41it/s
2025-11-26 05:48:22,087 ====================Eval Epoch 42====================
2025-11-26 05:48:24,685 epoch=42	global_step=31	acc=0.3750	acc_avg=0.5030	acc5=0.8750	acc5_avg=0.7880	loss=2.4366	loss_avg=1.9168	time=78.22it/s
2025-11-26 05:48:24,685 Eval Loss:1.9168	Eval acc: 50.30
2025-11-26 05:48:24,686 
2025-11-26 05:48:24,686 ====================Training Epoch 43====================
2025-11-26 05:48:45,169 epoch=43	global_step=34800	acc=0.6875	acc_avg=0.5433	loss=1.3511	loss_avg=1.7970	lr=0.0061	|gn|=4.1718	time=3.43it/s
2025-11-26 05:49:20,082 epoch=43	global_step=34900	acc=0.5625	acc_avg=0.5305	loss=1.5369	loss_avg=1.8306	lr=0.0061	|gn|=3.6098	time=3.43it/s
2025-11-26 05:49:55,062 epoch=43	global_step=35000	acc=0.5000	acc_avg=0.5287	loss=1.8503	loss_avg=1.8468	lr=0.0061	|gn|=4.4452	time=3.43it/s
2025-11-26 05:50:30,034 epoch=43	global_step=35100	acc=0.6562	acc_avg=0.5234	loss=1.7055	loss_avg=1.8570	lr=0.0061	|gn|=4.3174	time=3.43it/s
2025-11-26 05:51:04,952 epoch=43	global_step=35200	acc=0.4062	acc_avg=0.5200	loss=2.0583	loss_avg=1.8619	lr=0.0061	|gn|=4.9676	time=3.43it/s
2025-11-26 05:51:39,830 epoch=43	global_step=35300	acc=0.4375	acc_avg=0.5204	loss=2.0876	loss_avg=1.8603	lr=0.0061	|gn|=5.5097	time=3.43it/s
2025-11-26 05:52:14,695 epoch=43	global_step=35400	acc=0.5625	acc_avg=0.5189	loss=1.6164	loss_avg=1.8615	lr=0.0061	|gn|=4.2772	time=3.41it/s
2025-11-26 05:52:49,569 epoch=43	global_step=35500	acc=0.4062	acc_avg=0.5178	loss=2.2596	loss_avg=1.8612	lr=0.0061	|gn|=5.0616	time=3.42it/s
2025-11-26 05:53:07,413 ====================Eval Epoch 43====================
2025-11-26 05:53:09,951 epoch=43	global_step=31	acc=0.3750	acc_avg=0.5140	acc5=0.8750	acc5_avg=0.7850	loss=2.2857	loss_avg=1.9352	time=78.07it/s
2025-11-26 05:53:09,951 Eval Loss:1.9352	Eval acc: 51.40
2025-11-26 05:53:09,951 
2025-11-26 05:53:09,951 ====================Training Epoch 44====================
2025-11-26 05:53:27,375 epoch=44	global_step=35600	acc=0.6250	acc_avg=0.5395	loss=1.7948	loss_avg=1.7823	lr=0.0059	|gn|=4.3666	time=3.43it/s
2025-11-26 05:54:01,608 epoch=44	global_step=35700	acc=0.6875	acc_avg=0.5352	loss=1.4798	loss_avg=1.8087	lr=0.0059	|gn|=5.3314	time=3.43it/s
2025-11-26 05:54:35,829 epoch=44	global_step=35800	acc=0.6875	acc_avg=0.5275	loss=1.2254	loss_avg=1.8245	lr=0.0059	|gn|=4.1968	time=3.43it/s
2025-11-26 05:55:10,073 epoch=44	global_step=35900	acc=0.5625	acc_avg=0.5302	loss=1.8254	loss_avg=1.8183	lr=0.0059	|gn|=4.8743	time=3.43it/s
2025-11-26 05:55:44,284 epoch=44	global_step=36000	acc=0.4688	acc_avg=0.5295	loss=2.1788	loss_avg=1.8227	lr=0.0059	|gn|=5.1462	time=3.43it/s
2025-11-26 05:56:18,497 epoch=44	global_step=36100	acc=0.5312	acc_avg=0.5305	loss=1.9287	loss_avg=1.8139	lr=0.0059	|gn|=4.6421	time=3.43it/s
2025-11-26 05:56:52,595 epoch=44	global_step=36200	acc=0.6562	acc_avg=0.5285	loss=1.3207	loss_avg=1.8219	lr=0.0059	|gn|=4.3670	time=3.43it/s
2025-11-26 05:57:26,635 epoch=44	global_step=36300	acc=0.5000	acc_avg=0.5282	loss=1.8386	loss_avg=1.8182	lr=0.0059	|gn|=5.1645	time=3.43it/s
2025-11-26 05:57:46,736 ====================Eval Epoch 44====================
2025-11-26 05:57:49,280 epoch=44	global_step=31	acc=0.3750	acc_avg=0.5240	acc5=0.7500	acc5_avg=0.7750	loss=2.5691	loss_avg=1.9474	time=78.55it/s
2025-11-26 05:57:49,280 Eval Loss:1.9474	Eval acc: 52.40
2025-11-26 05:57:49,280 
2025-11-26 05:57:49,280 ====================Training Epoch 45====================
2025-11-26 05:58:04,305 epoch=45	global_step=36400	acc=0.4375	acc_avg=0.5373	loss=1.9051	loss_avg=1.7819	lr=0.0058	|gn|=4.8445	time=3.44it/s
2025-11-26 05:58:38,946 epoch=45	global_step=36500	acc=0.4688	acc_avg=0.5293	loss=1.8719	loss_avg=1.7929	lr=0.0058	|gn|=5.3337	time=3.41it/s
2025-11-26 05:59:13,563 epoch=45	global_step=36600	acc=0.4688	acc_avg=0.5324	loss=2.1365	loss_avg=1.7806	lr=0.0058	|gn|=5.4362	time=3.43it/s
2025-11-26 05:59:48,175 epoch=45	global_step=36700	acc=0.5312	acc_avg=0.5364	loss=1.5751	loss_avg=1.7775	lr=0.0058	|gn|=5.0839	time=3.41it/s
2025-11-26 06:00:22,853 epoch=45	global_step=36800	acc=0.4062	acc_avg=0.5303	loss=2.2395	loss_avg=1.7946	lr=0.0058	|gn|=5.1711	time=3.41it/s
2025-11-26 06:00:57,445 epoch=45	global_step=36900	acc=0.5938	acc_avg=0.5322	loss=1.6877	loss_avg=1.7951	lr=0.0058	|gn|=4.7829	time=3.43it/s
2025-11-26 06:01:32,458 epoch=45	global_step=37000	acc=0.5312	acc_avg=0.5324	loss=1.6374	loss_avg=1.7891	lr=0.0058	|gn|=4.5820	time=3.41it/s
2025-11-26 06:02:07,425 epoch=45	global_step=37100	acc=0.5938	acc_avg=0.5345	loss=1.6901	loss_avg=1.7830	lr=0.0058	|gn|=5.4778	time=3.43it/s
2025-11-26 06:02:31,017 ====================Eval Epoch 45====================
2025-11-26 06:02:33,555 epoch=45	global_step=31	acc=0.3750	acc_avg=0.5280	acc5=0.7500	acc5_avg=0.7920	loss=1.8702	loss_avg=2.0145	time=78.30it/s
2025-11-26 06:02:33,555 Eval Loss:2.0145	Eval acc: 52.80
2025-11-26 06:02:33,555 
2025-11-26 06:02:33,555 ====================Training Epoch 46====================
2025-11-26 06:02:45,827 epoch=46	global_step=37200	acc=0.6875	acc_avg=0.5521	loss=1.2681	loss_avg=1.7945	lr=0.0056	|gn|=5.3165	time=3.43it/s
2025-11-26 06:03:20,984 epoch=46	global_step=37300	acc=0.4062	acc_avg=0.5423	loss=2.0293	loss_avg=1.7737	lr=0.0056	|gn|=5.5143	time=3.42it/s
2025-11-26 06:03:56,084 epoch=46	global_step=37400	acc=0.5000	acc_avg=0.5453	loss=2.0586	loss_avg=1.7562	lr=0.0056	|gn|=4.5523	time=3.43it/s
2025-11-26 06:04:31,101 epoch=46	global_step=37500	acc=0.4688	acc_avg=0.5485	loss=1.9050	loss_avg=1.7437	lr=0.0056	|gn|=6.6397	time=3.41it/s
2025-11-26 06:05:06,128 epoch=46	global_step=37600	acc=0.5000	acc_avg=0.5477	loss=2.1333	loss_avg=1.7446	lr=0.0056	|gn|=6.0915	time=3.41it/s
2025-11-26 06:05:41,016 epoch=46	global_step=37700	acc=0.5625	acc_avg=0.5450	loss=1.6149	loss_avg=1.7552	lr=0.0056	|gn|=4.4153	time=3.42it/s
2025-11-26 06:06:15,945 epoch=46	global_step=37800	acc=0.4062	acc_avg=0.5439	loss=1.8012	loss_avg=1.7554	lr=0.0056	|gn|=5.6419	time=3.42it/s
2025-11-26 06:06:50,994 epoch=46	global_step=37900	acc=0.5625	acc_avg=0.5435	loss=1.5917	loss_avg=1.7554	lr=0.0056	|gn|=5.5910	time=3.40it/s
2025-11-26 06:07:17,346 ====================Eval Epoch 46====================
2025-11-26 06:07:19,917 epoch=46	global_step=31	acc=0.3750	acc_avg=0.5160	acc5=0.8750	acc5_avg=0.7840	loss=1.8943	loss_avg=1.9243	time=78.17it/s
2025-11-26 06:07:19,918 Eval Loss:1.9243	Eval acc: 51.60
2025-11-26 06:07:19,918 
2025-11-26 06:07:19,918 ====================Training Epoch 47====================
2025-11-26 06:07:29,144 epoch=47	global_step=38000	acc=0.5312	acc_avg=0.5500	loss=2.0786	loss_avg=1.6981	lr=0.0055	|gn|=5.3878	time=3.42it/s
2025-11-26 06:08:03,574 epoch=47	global_step=38100	acc=0.5625	acc_avg=0.5603	loss=1.7858	loss_avg=1.6705	lr=0.0055	|gn|=4.9388	time=3.43it/s
2025-11-26 06:08:38,010 epoch=47	global_step=38200	acc=0.4062	acc_avg=0.5644	loss=2.2365	loss_avg=1.6755	lr=0.0055	|gn|=5.6026	time=3.41it/s
2025-11-26 06:09:12,528 epoch=47	global_step=38300	acc=0.6250	acc_avg=0.5595	loss=1.6005	loss_avg=1.6848	lr=0.0055	|gn|=4.8864	time=3.42it/s
2025-11-26 06:09:47,091 epoch=47	global_step=38400	acc=0.5938	acc_avg=0.5546	loss=1.7403	loss_avg=1.6988	lr=0.0055	|gn|=4.9398	time=3.43it/s
2025-11-26 06:10:21,505 epoch=47	global_step=38500	acc=0.5312	acc_avg=0.5511	loss=1.6662	loss_avg=1.7115	lr=0.0055	|gn|=5.2614	time=3.42it/s
2025-11-26 06:10:56,005 epoch=47	global_step=38600	acc=0.5625	acc_avg=0.5494	loss=1.6504	loss_avg=1.7166	lr=0.0055	|gn|=5.1825	time=3.43it/s
2025-11-26 06:11:30,503 epoch=47	global_step=38700	acc=0.6250	acc_avg=0.5488	loss=1.6041	loss_avg=1.7197	lr=0.0055	|gn|=4.7946	time=3.43it/s
2025-11-26 06:11:59,133 ====================Eval Epoch 47====================
2025-11-26 06:12:01,669 epoch=47	global_step=31	acc=0.2500	acc_avg=0.5390	acc5=0.8750	acc5_avg=0.7970	loss=2.5083	loss_avg=1.7843	time=78.03it/s
2025-11-26 06:12:01,669 Eval Loss:1.7843	Eval acc: 53.90
2025-11-26 06:12:01,670 
2025-11-26 06:12:01,670 ====================Training Epoch 48====================
2025-11-26 06:12:08,187 epoch=48	global_step=38800	acc=0.5938	acc_avg=0.5938	loss=1.6913	loss_avg=1.6319	lr=0.0053	|gn|=4.5164	time=3.41it/s
2025-11-26 06:12:43,053 epoch=48	global_step=38900	acc=0.5938	acc_avg=0.5668	loss=1.6196	loss_avg=1.6630	lr=0.0053	|gn|=5.3773	time=3.41it/s
2025-11-26 06:13:17,720 epoch=48	global_step=39000	acc=0.5312	acc_avg=0.5683	loss=1.6901	loss_avg=1.6594	lr=0.0053	|gn|=4.8035	time=3.40it/s
2025-11-26 06:13:52,546 epoch=48	global_step=39100	acc=0.6562	acc_avg=0.5673	loss=1.5601	loss_avg=1.6643	lr=0.0053	|gn|=4.1289	time=3.43it/s
2025-11-26 06:14:27,414 epoch=48	global_step=39200	acc=0.6562	acc_avg=0.5653	loss=1.3130	loss_avg=1.6680	lr=0.0053	|gn|=4.4046	time=3.41it/s
2025-11-26 06:15:02,257 epoch=48	global_step=39300	acc=0.4062	acc_avg=0.5630	loss=1.5234	loss_avg=1.6803	lr=0.0053	|gn|=4.9744	time=3.43it/s
2025-11-26 06:15:36,944 epoch=48	global_step=39400	acc=0.5000	acc_avg=0.5614	loss=1.9354	loss_avg=1.6910	lr=0.0053	|gn|=5.7378	time=3.43it/s
2025-11-26 06:16:11,832 epoch=48	global_step=39500	acc=0.5625	acc_avg=0.5595	loss=1.7984	loss_avg=1.6928	lr=0.0053	|gn|=5.5095	time=3.41it/s
2025-11-26 06:16:43,703 ====================Eval Epoch 48====================
2025-11-26 06:16:46,271 epoch=48	global_step=31	acc=0.2500	acc_avg=0.5380	acc5=0.8750	acc5_avg=0.7920	loss=2.6260	loss_avg=1.9862	time=78.08it/s
2025-11-26 06:16:46,272 Eval Loss:1.9862	Eval acc: 53.80
2025-11-26 06:16:46,272 
2025-11-26 06:16:46,272 ====================Training Epoch 49====================
2025-11-26 06:16:49,993 epoch=49	global_step=39600	acc=0.5000	acc_avg=0.5660	loss=1.5983	loss_avg=1.6090	lr=0.0052	|gn|=4.6855	time=3.43it/s
2025-11-26 06:17:24,053 epoch=49	global_step=39700	acc=0.6875	acc_avg=0.5877	loss=1.3434	loss_avg=1.6084	lr=0.0052	|gn|=4.3358	time=3.42it/s
2025-11-26 06:17:58,077 epoch=49	global_step=39800	acc=0.5625	acc_avg=0.5804	loss=1.6684	loss_avg=1.6235	lr=0.0052	|gn|=5.0515	time=3.42it/s
2025-11-26 06:18:32,300 epoch=49	global_step=39900	acc=0.5938	acc_avg=0.5751	loss=1.7065	loss_avg=1.6371	lr=0.0052	|gn|=5.1194	time=3.40it/s
2025-11-26 06:19:06,334 epoch=49	global_step=40000	acc=0.5000	acc_avg=0.5681	loss=1.6752	loss_avg=1.6566	lr=0.0052	|gn|=5.4989	time=3.43it/s
2025-11-26 06:19:40,585 epoch=49	global_step=40100	acc=0.4375	acc_avg=0.5668	loss=1.9131	loss_avg=1.6616	lr=0.0052	|gn|=5.7625	time=3.40it/s
2025-11-26 06:20:14,783 epoch=49	global_step=40200	acc=0.6250	acc_avg=0.5674	loss=1.4837	loss_avg=1.6604	lr=0.0052	|gn|=4.2024	time=3.40it/s
2025-11-26 06:20:48,743 epoch=49	global_step=40300	acc=0.5000	acc_avg=0.5676	loss=1.4609	loss_avg=1.6601	lr=0.0052	|gn|=5.0880	time=3.42it/s
2025-11-26 06:21:22,467 ====================Eval Epoch 49====================
2025-11-26 06:21:25,042 epoch=49	global_step=31	acc=0.6250	acc_avg=0.5390	acc5=0.8750	acc5_avg=0.7950	loss=1.5159	loss_avg=1.9379	time=78.07it/s
2025-11-26 06:21:25,042 Eval Loss:1.9379	Eval acc: 53.90
2025-11-26 06:21:25,043 
2025-11-26 06:21:25,043 ====================Training Epoch 50====================
2025-11-26 06:21:26,008 epoch=50	global_step=40400	acc=0.6562	acc_avg=0.6562	loss=1.5152	loss_avg=1.5152	lr=0.0050	|gn|=4.5594	time=3.41it/s
2025-11-26 06:22:00,101 epoch=50	global_step=40500	acc=0.5000	acc_avg=0.5727	loss=1.6303	loss_avg=1.6026	lr=0.0050	|gn|=5.5576	time=3.43it/s
2025-11-26 06:22:34,038 epoch=50	global_step=40600	acc=0.5312	acc_avg=0.5661	loss=1.8302	loss_avg=1.6235	lr=0.0050	|gn|=5.0605	time=3.43it/s
2025-11-26 06:23:08,239 epoch=50	global_step=40700	acc=0.5938	acc_avg=0.5672	loss=1.5211	loss_avg=1.6201	lr=0.0050	|gn|=5.2353	time=3.41it/s
2025-11-26 06:23:42,245 epoch=50	global_step=40800	acc=0.5938	acc_avg=0.5671	loss=1.7926	loss_avg=1.6235	lr=0.0050	|gn|=5.1173	time=3.43it/s
2025-11-26 06:24:16,404 epoch=50	global_step=40900	acc=0.6250	acc_avg=0.5662	loss=1.6605	loss_avg=1.6314	lr=0.0050	|gn|=5.2561	time=3.43it/s
2025-11-26 06:24:50,425 epoch=50	global_step=41000	acc=0.5625	acc_avg=0.5679	loss=1.5699	loss_avg=1.6288	lr=0.0050	|gn|=4.5251	time=3.40it/s
2025-11-26 06:25:24,636 epoch=50	global_step=41100	acc=0.5000	acc_avg=0.5664	loss=1.9730	loss_avg=1.6416	lr=0.0050	|gn|=5.1238	time=3.43it/s
2025-11-26 06:25:58,829 epoch=50	global_step=41200	acc=0.5312	acc_avg=0.5671	loss=1.5084	loss_avg=1.6392	lr=0.0050	|gn|=5.6130	time=3.41it/s
2025-11-26 06:26:01,340 ====================Eval Epoch 50====================
2025-11-26 06:26:03,878 epoch=50	global_step=31	acc=0.3750	acc_avg=0.5400	acc5=0.8750	acc5_avg=0.8030	loss=2.5716	loss_avg=1.9175	time=78.31it/s
2025-11-26 06:26:03,878 Eval Loss:1.9175	Eval acc: 54.00
2025-11-26 06:26:03,879 
2025-11-26 06:26:03,879 ====================Training Epoch 51====================
2025-11-26 06:26:35,988 epoch=51	global_step=41300	acc=0.6250	acc_avg=0.6136	loss=1.2509	loss_avg=1.5098	lr=0.0048	|gn|=5.0607	time=3.43it/s
2025-11-26 06:27:10,101 epoch=51	global_step=41400	acc=0.5938	acc_avg=0.5978	loss=1.5605	loss_avg=1.5500	lr=0.0048	|gn|=5.4210	time=3.43it/s
2025-11-26 06:27:44,173 epoch=51	global_step=41500	acc=0.5625	acc_avg=0.5876	loss=1.6541	loss_avg=1.5842	lr=0.0048	|gn|=4.9589	time=3.43it/s
2025-11-26 06:28:17,877 epoch=51	global_step=41600	acc=0.4375	acc_avg=0.5841	loss=2.1506	loss_avg=1.5969	lr=0.0048	|gn|=5.7193	time=3.43it/s
2025-11-26 06:28:51,559 epoch=51	global_step=41700	acc=0.4375	acc_avg=0.5801	loss=1.9852	loss_avg=1.6146	lr=0.0048	|gn|=5.9285	time=3.40it/s
2025-11-26 06:29:25,567 epoch=51	global_step=41800	acc=0.5625	acc_avg=0.5786	loss=1.9463	loss_avg=1.6162	lr=0.0048	|gn|=5.7246	time=3.43it/s
2025-11-26 06:29:59,475 epoch=51	global_step=41900	acc=0.5000	acc_avg=0.5771	loss=1.9061	loss_avg=1.6222	lr=0.0048	|gn|=6.4275	time=3.43it/s
2025-11-26 06:30:33,332 epoch=51	global_step=42000	acc=0.4375	acc_avg=0.5779	loss=1.7895	loss_avg=1.6191	lr=0.0048	|gn|=4.9075	time=3.43it/s
2025-11-26 06:30:38,551 ====================Eval Epoch 51====================
2025-11-26 06:30:41,160 epoch=51	global_step=31	acc=0.6250	acc_avg=0.5480	acc5=0.8750	acc5_avg=0.7980	loss=1.5661	loss_avg=1.8766	time=78.27it/s
2025-11-26 06:30:41,161 Eval Loss:1.8766	Eval acc: 54.80
2025-11-26 06:30:41,161 
2025-11-26 06:30:41,161 ====================Training Epoch 52====================
2025-11-26 06:31:10,151 epoch=52	global_step=42100	acc=0.5312	acc_avg=0.5945	loss=1.9428	loss_avg=1.5652	lr=0.0047	|gn|=5.7969	time=3.43it/s
2025-11-26 06:31:43,478 epoch=52	global_step=42200	acc=0.5312	acc_avg=0.5946	loss=1.6121	loss_avg=1.5543	lr=0.0047	|gn|=6.1098	time=3.43it/s
2025-11-26 06:32:16,789 epoch=52	global_step=42300	acc=0.6250	acc_avg=0.5905	loss=1.2177	loss_avg=1.5683	lr=0.0047	|gn|=4.7699	time=3.43it/s
2025-11-26 06:32:50,114 epoch=52	global_step=42400	acc=0.5000	acc_avg=0.5860	loss=1.7322	loss_avg=1.5787	lr=0.0047	|gn|=5.1776	time=3.43it/s
2025-11-26 06:33:23,450 epoch=52	global_step=42500	acc=0.6562	acc_avg=0.5864	loss=1.3348	loss_avg=1.5841	lr=0.0047	|gn|=5.5933	time=3.42it/s
2025-11-26 06:33:56,777 epoch=52	global_step=42600	acc=0.5625	acc_avg=0.5857	loss=1.8888	loss_avg=1.5878	lr=0.0047	|gn|=5.8438	time=3.43it/s
2025-11-26 06:34:30,117 epoch=52	global_step=42700	acc=0.5938	acc_avg=0.5830	loss=1.3961	loss_avg=1.5967	lr=0.0047	|gn|=4.8230	time=3.43it/s
2025-11-26 06:35:03,450 epoch=52	global_step=42800	acc=0.5000	acc_avg=0.5831	loss=2.1952	loss_avg=1.5982	lr=0.0047	|gn|=6.4446	time=3.43it/s
2025-11-26 06:35:11,180 ====================Eval Epoch 52====================
2025-11-26 06:35:13,724 epoch=52	global_step=31	acc=0.2500	acc_avg=0.5640	acc5=0.8750	acc5_avg=0.8140	loss=2.5518	loss_avg=1.8536	time=78.04it/s
2025-11-26 06:35:13,724 Eval Loss:1.8536	Eval acc: 56.40
2025-11-26 06:35:13,724 
2025-11-26 06:35:13,725 ====================Training Epoch 53====================
2025-11-26 06:35:40,658 epoch=53	global_step=42900	acc=0.5625	acc_avg=0.5938	loss=2.1421	loss_avg=1.5176	lr=0.0045	|gn|=6.2723	time=3.43it/s
2025-11-26 06:36:14,837 epoch=53	global_step=43000	acc=0.8125	acc_avg=0.5902	loss=0.9029	loss_avg=1.5446	lr=0.0045	|gn|=3.6766	time=3.43it/s
2025-11-26 06:36:49,065 epoch=53	global_step=43100	acc=0.5000	acc_avg=0.5892	loss=1.9897	loss_avg=1.5633	lr=0.0045	|gn|=6.0299	time=3.40it/s
2025-11-26 06:37:23,231 epoch=53	global_step=43200	acc=0.5625	acc_avg=0.5958	loss=1.8807	loss_avg=1.5475	lr=0.0045	|gn|=5.3066	time=3.43it/s
2025-11-26 06:37:57,348 epoch=53	global_step=43300	acc=0.4688	acc_avg=0.5945	loss=1.9331	loss_avg=1.5551	lr=0.0045	|gn|=5.8155	time=3.42it/s
2025-11-26 06:38:31,570 epoch=53	global_step=43400	acc=0.4062	acc_avg=0.5936	loss=1.9330	loss_avg=1.5587	lr=0.0045	|gn|=6.6451	time=3.40it/s
2025-11-26 06:39:05,799 epoch=53	global_step=43500	acc=0.6562	acc_avg=0.5944	loss=1.5248	loss_avg=1.5587	lr=0.0045	|gn|=4.7284	time=3.40it/s
2025-11-26 06:39:39,978 epoch=53	global_step=43600	acc=0.5625	acc_avg=0.5934	loss=1.4480	loss_avg=1.5628	lr=0.0045	|gn|=5.7512	time=3.41it/s
2025-11-26 06:39:50,651 ====================Eval Epoch 53====================
2025-11-26 06:39:53,221 epoch=53	global_step=31	acc=0.3750	acc_avg=0.5400	acc5=0.7500	acc5_avg=0.7950	loss=2.6342	loss_avg=1.8260	time=77.77it/s
2025-11-26 06:39:53,222 Eval Loss:1.8260	Eval acc: 54.00
2025-11-26 06:39:53,222 
2025-11-26 06:39:53,222 ====================Training Epoch 54====================
2025-11-26 06:40:16,765 epoch=54	global_step=43700	acc=0.6250	acc_avg=0.6010	loss=1.4306	loss_avg=1.4768	lr=0.0044	|gn|=5.5134	time=3.43it/s
2025-11-26 06:40:49,977 epoch=54	global_step=43800	acc=0.5625	acc_avg=0.6036	loss=1.4107	loss_avg=1.4885	lr=0.0044	|gn|=4.4882	time=3.43it/s
2025-11-26 06:41:23,166 epoch=54	global_step=43900	acc=0.3438	acc_avg=0.6014	loss=2.1551	loss_avg=1.5054	lr=0.0044	|gn|=6.4896	time=3.43it/s
2025-11-26 06:41:56,339 epoch=54	global_step=44000	acc=0.5938	acc_avg=0.5992	loss=1.9325	loss_avg=1.5213	lr=0.0044	|gn|=6.0119	time=3.43it/s
2025-11-26 06:42:29,665 epoch=54	global_step=44100	acc=0.7500	acc_avg=0.5988	loss=1.1288	loss_avg=1.5206	lr=0.0044	|gn|=4.5276	time=3.43it/s
2025-11-26 06:43:03,002 epoch=54	global_step=44200	acc=0.7188	acc_avg=0.5997	loss=1.1744	loss_avg=1.5179	lr=0.0044	|gn|=4.3300	time=3.43it/s
2025-11-26 06:43:36,331 epoch=54	global_step=44300	acc=0.6875	acc_avg=0.6000	loss=1.5975	loss_avg=1.5188	lr=0.0044	|gn|=6.8444	time=3.43it/s
2025-11-26 06:44:09,548 epoch=54	global_step=44400	acc=0.5000	acc_avg=0.5972	loss=1.6692	loss_avg=1.5312	lr=0.0044	|gn|=5.3349	time=3.43it/s
2025-11-26 06:44:22,625 ====================Eval Epoch 54====================
2025-11-26 06:44:25,197 epoch=54	global_step=31	acc=0.6250	acc_avg=0.5700	acc5=0.8750	acc5_avg=0.8190	loss=1.4431	loss_avg=1.7135	time=78.13it/s
2025-11-26 06:44:25,197 Eval Loss:1.7135	Eval acc: 57.00
2025-11-26 06:44:25,198 
2025-11-26 06:44:25,198 ====================Training Epoch 55====================
2025-11-26 06:44:46,552 epoch=55	global_step=44500	acc=0.5000	acc_avg=0.6270	loss=1.5196	loss_avg=1.4507	lr=0.0042	|gn|=5.9214	time=3.43it/s
2025-11-26 06:45:20,470 epoch=55	global_step=44600	acc=0.4375	acc_avg=0.6211	loss=2.0463	loss_avg=1.4472	lr=0.0042	|gn|=6.4730	time=3.43it/s
2025-11-26 06:45:54,493 epoch=55	global_step=44700	acc=0.5000	acc_avg=0.6165	loss=1.8210	loss_avg=1.4431	lr=0.0042	|gn|=5.5409	time=3.43it/s
2025-11-26 06:46:28,408 epoch=55	global_step=44800	acc=0.6875	acc_avg=0.6200	loss=1.4164	loss_avg=1.4367	lr=0.0042	|gn|=5.2951	time=3.41it/s
2025-11-26 06:47:02,298 epoch=55	global_step=44900	acc=0.5938	acc_avg=0.6158	loss=1.6683	loss_avg=1.4597	lr=0.0042	|gn|=6.1796	time=3.40it/s
2025-11-26 06:47:36,222 epoch=55	global_step=45000	acc=0.5938	acc_avg=0.6115	loss=1.3773	loss_avg=1.4646	lr=0.0042	|gn|=5.2029	time=3.43it/s
2025-11-26 06:48:10,132 epoch=55	global_step=45100	acc=0.4688	acc_avg=0.6090	loss=2.2767	loss_avg=1.4748	lr=0.0042	|gn|=6.6331	time=3.42it/s
2025-11-26 06:48:43,965 epoch=55	global_step=45200	acc=0.5000	acc_avg=0.6078	loss=2.4176	loss_avg=1.4826	lr=0.0042	|gn|=6.6474	time=3.43it/s
2025-11-26 06:48:59,947 ====================Eval Epoch 55====================
2025-11-26 06:49:02,494 epoch=55	global_step=31	acc=0.3750	acc_avg=0.5490	acc5=1.0000	acc5_avg=0.8120	loss=1.9549	loss_avg=2.0051	time=75.84it/s
2025-11-26 06:49:02,495 Eval Loss:2.0051	Eval acc: 54.90
2025-11-26 06:49:02,495 
2025-11-26 06:49:02,495 ====================Training Epoch 56====================
2025-11-26 06:49:20,749 epoch=56	global_step=45300	acc=0.4688	acc_avg=0.6120	loss=1.4931	loss_avg=1.4520	lr=0.0041	|gn|=5.5983	time=3.43it/s
2025-11-26 06:49:54,102 epoch=56	global_step=45400	acc=0.5938	acc_avg=0.6058	loss=1.2070	loss_avg=1.4702	lr=0.0041	|gn|=5.0704	time=3.43it/s
2025-11-26 06:50:27,407 epoch=56	global_step=45500	acc=0.5625	acc_avg=0.6071	loss=2.0189	loss_avg=1.4725	lr=0.0041	|gn|=6.7014	time=3.43it/s
2025-11-26 06:51:00,694 epoch=56	global_step=45600	acc=0.5312	acc_avg=0.6120	loss=1.8205	loss_avg=1.4641	lr=0.0041	|gn|=6.5930	time=3.43it/s
2025-11-26 06:51:33,960 epoch=56	global_step=45700	acc=0.5000	acc_avg=0.6099	loss=1.7368	loss_avg=1.4790	lr=0.0041	|gn|=6.3482	time=3.43it/s
2025-11-26 06:52:07,090 epoch=56	global_step=45800	acc=0.5625	acc_avg=0.6102	loss=1.9282	loss_avg=1.4790	lr=0.0041	|gn|=6.0509	time=3.43it/s
2025-11-26 06:52:40,241 epoch=56	global_step=45900	acc=0.6875	acc_avg=0.6101	loss=1.3278	loss_avg=1.4802	lr=0.0041	|gn|=4.6275	time=3.43it/s
2025-11-26 06:53:13,348 epoch=56	global_step=46000	acc=0.6875	acc_avg=0.6081	loss=1.3407	loss_avg=1.4836	lr=0.0041	|gn|=5.2279	time=3.43it/s
2025-11-26 06:53:31,610 ====================Eval Epoch 56====================
2025-11-26 06:53:34,209 epoch=56	global_step=31	acc=0.3750	acc_avg=0.5430	acc5=0.8750	acc5_avg=0.8130	loss=1.9667	loss_avg=1.8364	time=77.91it/s
2025-11-26 06:53:34,210 Eval Loss:1.8364	Eval acc: 54.30
2025-11-26 06:53:34,210 
2025-11-26 06:53:34,210 ====================Training Epoch 57====================
2025-11-26 06:53:49,952 epoch=57	global_step=46100	acc=0.5625	acc_avg=0.6444	loss=1.7486	loss_avg=1.3617	lr=0.0039	|gn|=5.8312	time=3.42it/s
2025-11-26 06:54:23,595 epoch=57	global_step=46200	acc=0.4688	acc_avg=0.6332	loss=1.5822	loss_avg=1.4024	lr=0.0039	|gn|=5.5786	time=3.43it/s
2025-11-26 06:54:57,110 epoch=57	global_step=46300	acc=0.7812	acc_avg=0.6259	loss=0.8580	loss_avg=1.4264	lr=0.0039	|gn|=4.0917	time=3.43it/s
2025-11-26 06:55:31,280 epoch=57	global_step=46400	acc=0.6875	acc_avg=0.6207	loss=1.1618	loss_avg=1.4394	lr=0.0039	|gn|=4.2791	time=3.40it/s
2025-11-26 06:56:05,154 epoch=57	global_step=46500	acc=0.7500	acc_avg=0.6164	loss=1.0158	loss_avg=1.4454	lr=0.0039	|gn|=5.1725	time=3.42it/s
2025-11-26 06:56:39,040 epoch=57	global_step=46600	acc=0.5625	acc_avg=0.6157	loss=1.2544	loss_avg=1.4466	lr=0.0039	|gn|=5.3134	time=3.43it/s
2025-11-26 06:57:12,683 epoch=57	global_step=46700	acc=0.6562	acc_avg=0.6157	loss=1.2577	loss_avg=1.4472	lr=0.0039	|gn|=5.1740	time=3.43it/s
2025-11-26 06:57:46,254 epoch=57	global_step=46800	acc=0.4688	acc_avg=0.6156	loss=1.7823	loss_avg=1.4508	lr=0.0039	|gn|=6.8075	time=3.43it/s
2025-11-26 06:58:07,569 ====================Eval Epoch 57====================
2025-11-26 06:58:10,131 epoch=57	global_step=31	acc=0.5000	acc_avg=0.5590	acc5=0.8750	acc5_avg=0.8100	loss=1.6574	loss_avg=1.8777	time=78.60it/s
2025-11-26 06:58:10,132 Eval Loss:1.8777	Eval acc: 55.90
2025-11-26 06:58:10,132 
2025-11-26 06:58:10,132 ====================Training Epoch 58====================
2025-11-26 06:58:22,942 epoch=58	global_step=46900	acc=0.7188	acc_avg=0.6503	loss=1.1779	loss_avg=1.3413	lr=0.0038	|gn|=4.7859	time=3.44it/s
2025-11-26 06:58:55,963 epoch=58	global_step=47000	acc=0.6250	acc_avg=0.6323	loss=1.6268	loss_avg=1.4168	lr=0.0038	|gn|=5.1403	time=3.43it/s
2025-11-26 06:59:28,980 epoch=58	global_step=47100	acc=0.6875	acc_avg=0.6305	loss=1.3095	loss_avg=1.4112	lr=0.0038	|gn|=5.7432	time=3.44it/s
2025-11-26 07:00:01,992 epoch=58	global_step=47200	acc=0.5625	acc_avg=0.6310	loss=1.4134	loss_avg=1.4128	lr=0.0038	|gn|=5.0716	time=3.43it/s
2025-11-26 07:00:34,980 epoch=58	global_step=47300	acc=0.6250	acc_avg=0.6263	loss=1.6740	loss_avg=1.4217	lr=0.0038	|gn|=5.3821	time=3.44it/s
2025-11-26 07:01:07,950 epoch=58	global_step=47400	acc=0.5625	acc_avg=0.6237	loss=1.4670	loss_avg=1.4279	lr=0.0038	|gn|=5.3835	time=3.44it/s
2025-11-26 07:01:40,983 epoch=58	global_step=47500	acc=0.5312	acc_avg=0.6249	loss=1.8693	loss_avg=1.4254	lr=0.0038	|gn|=6.5927	time=3.44it/s
2025-11-26 07:02:13,912 epoch=58	global_step=47600	acc=0.5312	acc_avg=0.6229	loss=1.7352	loss_avg=1.4288	lr=0.0038	|gn|=5.5288	time=3.44it/s
2025-11-26 07:02:37,432 ====================Eval Epoch 58====================
2025-11-26 07:02:39,957 epoch=58	global_step=31	acc=0.2500	acc_avg=0.5560	acc5=0.8750	acc5_avg=0.8010	loss=2.0984	loss_avg=1.7862	time=78.36it/s
2025-11-26 07:02:39,958 Eval Loss:1.7862	Eval acc: 55.60
2025-11-26 07:02:39,958 
2025-11-26 07:02:39,958 ====================Training Epoch 59====================
2025-11-26 07:02:50,242 epoch=59	global_step=47700	acc=0.5938	acc_avg=0.6293	loss=1.4205	loss_avg=1.3489	lr=0.0036	|gn|=6.2279	time=3.44it/s
2025-11-26 07:03:23,812 epoch=59	global_step=47800	acc=0.4375	acc_avg=0.6252	loss=1.9046	loss_avg=1.3929	lr=0.0036	|gn|=6.2619	time=3.43it/s
2025-11-26 07:03:57,277 epoch=59	global_step=47900	acc=0.7188	acc_avg=0.6283	loss=1.2189	loss_avg=1.3890	lr=0.0036	|gn|=5.7850	time=3.44it/s
2025-11-26 07:04:30,830 epoch=59	global_step=48000	acc=0.5000	acc_avg=0.6329	loss=1.7183	loss_avg=1.3717	lr=0.0036	|gn|=6.3080	time=3.41it/s
2025-11-26 07:05:04,447 epoch=59	global_step=48100	acc=0.5625	acc_avg=0.6277	loss=1.4906	loss_avg=1.3890	lr=0.0036	|gn|=5.9492	time=3.43it/s
2025-11-26 07:05:37,966 epoch=59	global_step=48200	acc=0.5312	acc_avg=0.6284	loss=1.8010	loss_avg=1.3934	lr=0.0036	|gn|=6.7276	time=3.43it/s
2025-11-26 07:06:11,495 epoch=59	global_step=48300	acc=0.7188	acc_avg=0.6272	loss=0.9560	loss_avg=1.3965	lr=0.0036	|gn|=5.8035	time=3.44it/s
2025-11-26 07:06:45,028 epoch=59	global_step=48400	acc=0.5000	acc_avg=0.6253	loss=1.8292	loss_avg=1.4015	lr=0.0036	|gn|=6.7261	time=3.44it/s
2025-11-26 07:07:11,569 ====================Eval Epoch 59====================
2025-11-26 07:07:14,046 epoch=59	global_step=31	acc=0.3750	acc_avg=0.5650	acc5=0.8750	acc5_avg=0.8140	loss=1.8440	loss_avg=1.8400	time=78.52it/s
2025-11-26 07:07:14,046 Eval Loss:1.8400	Eval acc: 56.50
2025-11-26 07:07:14,046 
2025-11-26 07:07:14,046 ====================Training Epoch 60====================
2025-11-26 07:07:21,553 epoch=60	global_step=48500	acc=0.5938	acc_avg=0.6190	loss=1.2829	loss_avg=1.3506	lr=0.0035	|gn|=5.4436	time=3.44it/s
2025-11-26 07:07:54,845 epoch=60	global_step=48600	acc=0.5000	acc_avg=0.6271	loss=1.8045	loss_avg=1.3896	lr=0.0035	|gn|=6.7886	time=3.44it/s
2025-11-26 07:08:28,126 epoch=60	global_step=48700	acc=0.5938	acc_avg=0.6299	loss=1.5744	loss_avg=1.3747	lr=0.0035	|gn|=5.8476	time=3.44it/s
2025-11-26 07:09:01,497 epoch=60	global_step=48800	acc=0.7188	acc_avg=0.6382	loss=1.0439	loss_avg=1.3632	lr=0.0035	|gn|=5.0182	time=3.41it/s
2025-11-26 07:09:34,826 epoch=60	global_step=48900	acc=0.6250	acc_avg=0.6383	loss=1.3354	loss_avg=1.3604	lr=0.0035	|gn|=5.7078	time=3.43it/s
2025-11-26 07:10:08,139 epoch=60	global_step=49000	acc=0.4688	acc_avg=0.6395	loss=1.6971	loss_avg=1.3612	lr=0.0035	|gn|=7.4096	time=3.43it/s
2025-11-26 07:10:41,643 epoch=60	global_step=49100	acc=0.7188	acc_avg=0.6401	loss=1.3350	loss_avg=1.3637	lr=0.0035	|gn|=5.2932	time=3.44it/s
2025-11-26 07:11:14,952 epoch=60	global_step=49200	acc=0.7500	acc_avg=0.6378	loss=1.0288	loss_avg=1.3699	lr=0.0035	|gn|=5.0808	time=3.43it/s
2025-11-26 07:11:44,004 ====================Eval Epoch 60====================
2025-11-26 07:11:46,528 epoch=60	global_step=31	acc=0.3750	acc_avg=0.5690	acc5=0.8750	acc5_avg=0.8190	loss=2.4983	loss_avg=1.8281	time=78.40it/s
2025-11-26 07:11:46,528 Eval Loss:1.8281	Eval acc: 56.90
2025-11-26 07:11:46,529 
2025-11-26 07:11:46,529 ====================Training Epoch 61====================
2025-11-26 07:11:51,553 epoch=61	global_step=49300	acc=0.7500	acc_avg=0.6755	loss=1.0610	loss_avg=1.2494	lr=0.0033	|gn|=4.6640	time=3.41it/s
2025-11-26 07:12:25,514 epoch=61	global_step=49400	acc=0.5625	acc_avg=0.6521	loss=1.8515	loss_avg=1.3530	lr=0.0033	|gn|=6.4408	time=3.41it/s
2025-11-26 07:12:59,068 epoch=61	global_step=49500	acc=0.4688	acc_avg=0.6543	loss=1.9370	loss_avg=1.3399	lr=0.0033	|gn|=6.9684	time=3.43it/s
2025-11-26 07:13:32,688 epoch=61	global_step=49600	acc=0.8125	acc_avg=0.6494	loss=0.8459	loss_avg=1.3549	lr=0.0033	|gn|=4.3680	time=3.41it/s
2025-11-26 07:14:06,452 epoch=61	global_step=49700	acc=0.7812	acc_avg=0.6472	loss=0.9472	loss_avg=1.3557	lr=0.0033	|gn|=4.3340	time=3.44it/s
2025-11-26 07:14:40,100 epoch=61	global_step=49800	acc=0.5938	acc_avg=0.6483	loss=1.6097	loss_avg=1.3500	lr=0.0033	|gn|=6.1810	time=3.44it/s
2025-11-26 07:15:13,820 epoch=61	global_step=49900	acc=0.6875	acc_avg=0.6475	loss=1.2192	loss_avg=1.3486	lr=0.0033	|gn|=6.0584	time=3.42it/s
2025-11-26 07:15:47,637 epoch=61	global_step=50000	acc=0.6250	acc_avg=0.6480	loss=1.5762	loss_avg=1.3493	lr=0.0033	|gn|=5.6860	time=3.43it/s
2025-11-26 07:16:19,693 ====================Eval Epoch 61====================
2025-11-26 07:16:22,263 epoch=61	global_step=31	acc=0.3750	acc_avg=0.5720	acc5=1.0000	acc5_avg=0.8270	loss=1.4391	loss_avg=1.8124	time=78.50it/s
2025-11-26 07:16:22,263 Eval Loss:1.8124	Eval acc: 57.20
2025-11-26 07:16:22,264 
2025-11-26 07:16:22,264 ====================Training Epoch 62====================
2025-11-26 07:16:24,528 epoch=62	global_step=50100	acc=0.5625	acc_avg=0.6375	loss=1.6384	loss_avg=1.2438	lr=0.0032	|gn|=6.7444	time=3.43it/s
2025-11-26 07:16:58,168 epoch=62	global_step=50200	acc=0.7812	acc_avg=0.6693	loss=0.8532	loss_avg=1.2626	lr=0.0032	|gn|=4.4907	time=3.44it/s
2025-11-26 07:17:31,726 epoch=62	global_step=50300	acc=0.5625	acc_avg=0.6535	loss=1.8811	loss_avg=1.3028	lr=0.0032	|gn|=7.3852	time=3.44it/s
2025-11-26 07:18:05,447 epoch=62	global_step=50400	acc=0.7500	acc_avg=0.6535	loss=1.0486	loss_avg=1.3019	lr=0.0032	|gn|=6.0396	time=3.42it/s
2025-11-26 07:18:39,057 epoch=62	global_step=50500	acc=0.7188	acc_avg=0.6541	loss=1.2559	loss_avg=1.3050	lr=0.0032	|gn|=5.5594	time=3.44it/s
2025-11-26 07:19:12,609 epoch=62	global_step=50600	acc=0.5625	acc_avg=0.6543	loss=1.8997	loss_avg=1.3078	lr=0.0032	|gn|=7.5675	time=3.42it/s
2025-11-26 07:19:46,199 epoch=62	global_step=50700	acc=0.7500	acc_avg=0.6498	loss=1.1051	loss_avg=1.3244	lr=0.0032	|gn|=5.3499	time=3.42it/s
2025-11-26 07:20:19,831 epoch=62	global_step=50800	acc=0.5000	acc_avg=0.6497	loss=1.8206	loss_avg=1.3232	lr=0.0032	|gn|=8.6546	time=3.43it/s
2025-11-26 07:20:53,340 epoch=62	global_step=50900	acc=0.6250	acc_avg=0.6487	loss=1.4421	loss_avg=1.3258	lr=0.0032	|gn|=6.4283	time=3.44it/s
2025-11-26 07:20:54,378 ====================Eval Epoch 62====================
2025-11-26 07:20:56,874 epoch=62	global_step=31	acc=0.5000	acc_avg=0.5570	acc5=0.8750	acc5_avg=0.8140	loss=1.5358	loss_avg=1.8250	time=78.46it/s
2025-11-26 07:20:56,874 Eval Loss:1.8250	Eval acc: 55.70
2025-11-26 07:20:56,874 
2025-11-26 07:20:56,874 ====================Training Epoch 63====================
2025-11-26 07:21:29,853 epoch=63	global_step=51000	acc=0.5938	acc_avg=0.6582	loss=1.4066	loss_avg=1.2944	lr=0.0030	|gn|=6.2571	time=3.42it/s
2025-11-26 07:22:03,349 epoch=63	global_step=51100	acc=0.6562	acc_avg=0.6585	loss=1.6440	loss_avg=1.2874	lr=0.0030	|gn|=7.0256	time=3.42it/s
2025-11-26 07:22:36,823 epoch=63	global_step=51200	acc=0.6875	acc_avg=0.6569	loss=1.1428	loss_avg=1.2911	lr=0.0030	|gn|=6.2275	time=3.43it/s
2025-11-26 07:23:10,266 epoch=63	global_step=51300	acc=0.5938	acc_avg=0.6559	loss=1.5300	loss_avg=1.3015	lr=0.0030	|gn|=5.4835	time=3.45it/s
2025-11-26 07:23:43,748 epoch=63	global_step=51400	acc=0.6875	acc_avg=0.6566	loss=1.2868	loss_avg=1.3003	lr=0.0030	|gn|=6.7932	time=3.44it/s
2025-11-26 07:24:17,155 epoch=63	global_step=51500	acc=0.5625	acc_avg=0.6541	loss=1.2233	loss_avg=1.3083	lr=0.0030	|gn|=5.9848	time=3.44it/s
2025-11-26 07:24:50,571 epoch=63	global_step=51600	acc=0.6562	acc_avg=0.6542	loss=1.4326	loss_avg=1.3129	lr=0.0030	|gn|=5.9928	time=3.42it/s
2025-11-26 07:25:24,062 epoch=63	global_step=51700	acc=0.6250	acc_avg=0.6537	loss=1.4678	loss_avg=1.3147	lr=0.0030	|gn|=6.0865	time=3.45it/s
2025-11-26 07:25:27,768 ====================Eval Epoch 63====================
2025-11-26 07:25:30,292 epoch=63	global_step=31	acc=0.2500	acc_avg=0.5700	acc5=0.8750	acc5_avg=0.8450	loss=1.9586	loss_avg=1.7349	time=78.29it/s
2025-11-26 07:25:30,292 Eval Loss:1.7349	Eval acc: 57.00
2025-11-26 07:25:30,292 
2025-11-26 07:25:30,292 ====================Training Epoch 64====================
2025-11-26 07:26:00,796 epoch=64	global_step=51800	acc=0.6562	acc_avg=0.6591	loss=1.2768	loss_avg=1.2702	lr=0.0029	|gn|=7.0004	time=3.44it/s
2025-11-26 07:26:34,360 epoch=64	global_step=51900	acc=0.6562	acc_avg=0.6508	loss=1.1385	loss_avg=1.3012	lr=0.0029	|gn|=5.4247	time=3.44it/s
2025-11-26 07:27:07,925 epoch=64	global_step=52000	acc=0.7500	acc_avg=0.6544	loss=1.0639	loss_avg=1.2959	lr=0.0029	|gn|=5.9617	time=3.42it/s
2025-11-26 07:27:41,381 epoch=64	global_step=52100	acc=0.6875	acc_avg=0.6564	loss=1.2499	loss_avg=1.2819	lr=0.0029	|gn|=5.5489	time=3.44it/s
2025-11-26 07:28:14,820 epoch=64	global_step=52200	acc=0.7188	acc_avg=0.6558	loss=1.1780	loss_avg=1.2862	lr=0.0029	|gn|=5.9072	time=3.44it/s
2025-11-26 07:28:48,480 epoch=64	global_step=52300	acc=0.7188	acc_avg=0.6576	loss=0.9843	loss_avg=1.2839	lr=0.0029	|gn|=4.7007	time=3.43it/s
2025-11-26 07:29:22,196 epoch=64	global_step=52400	acc=0.7188	acc_avg=0.6569	loss=1.0583	loss_avg=1.2870	lr=0.0029	|gn|=6.1626	time=3.44it/s
2025-11-26 07:29:55,842 epoch=64	global_step=52500	acc=0.6875	acc_avg=0.6561	loss=1.2233	loss_avg=1.2884	lr=0.0029	|gn|=5.7363	time=3.42it/s
2025-11-26 07:30:02,298 ====================Eval Epoch 64====================
2025-11-26 07:30:04,808 epoch=64	global_step=31	acc=0.2500	acc_avg=0.5650	acc5=1.0000	acc5_avg=0.8200	loss=2.0060	loss_avg=1.7721	time=78.28it/s
2025-11-26 07:30:04,809 Eval Loss:1.7721	Eval acc: 56.50
2025-11-26 07:30:04,809 
2025-11-26 07:30:04,809 ====================Training Epoch 65====================
2025-11-26 07:30:32,142 epoch=65	global_step=52600	acc=0.6250	acc_avg=0.6624	loss=1.3624	loss_avg=1.2498	lr=0.0027	|gn|=6.4833	time=3.43it/s
2025-11-26 07:31:05,085 epoch=65	global_step=52700	acc=0.6562	acc_avg=0.6697	loss=0.9846	loss_avg=1.2316	lr=0.0027	|gn|=4.5587	time=3.43it/s
2025-11-26 07:31:38,024 epoch=65	global_step=52800	acc=0.7188	acc_avg=0.6677	loss=1.3174	loss_avg=1.2382	lr=0.0027	|gn|=6.6043	time=3.44it/s
2025-11-26 07:32:10,977 epoch=65	global_step=52900	acc=0.7812	acc_avg=0.6633	loss=0.9003	loss_avg=1.2596	lr=0.0027	|gn|=5.7772	time=3.43it/s
2025-11-26 07:32:43,908 epoch=65	global_step=53000	acc=0.6250	acc_avg=0.6632	loss=1.4231	loss_avg=1.2629	lr=0.0027	|gn|=7.3381	time=3.43it/s
2025-11-26 07:33:16,855 epoch=65	global_step=53100	acc=0.6250	acc_avg=0.6644	loss=1.3112	loss_avg=1.2610	lr=0.0027	|gn|=5.6822	time=3.44it/s
2025-11-26 07:33:49,789 epoch=65	global_step=53200	acc=0.7188	acc_avg=0.6636	loss=1.0624	loss_avg=1.2603	lr=0.0027	|gn|=5.0004	time=3.44it/s
2025-11-26 07:34:22,728 epoch=65	global_step=53300	acc=0.6250	acc_avg=0.6617	loss=1.4128	loss_avg=1.2675	lr=0.0027	|gn|=6.6297	time=3.43it/s
2025-11-26 07:34:31,673 ====================Eval Epoch 65====================
2025-11-26 07:34:34,198 epoch=65	global_step=31	acc=0.6250	acc_avg=0.5760	acc5=0.8750	acc5_avg=0.8090	loss=1.5648	loss_avg=1.7735	time=78.54it/s
2025-11-26 07:34:34,198 Eval Loss:1.7735	Eval acc: 57.60
2025-11-26 07:34:34,200 
2025-11-26 07:34:34,200 ====================Training Epoch 66====================
2025-11-26 07:34:59,569 epoch=66	global_step=53400	acc=0.5938	acc_avg=0.6832	loss=1.4125	loss_avg=1.1921	lr=0.0026	|gn|=5.3429	time=3.41it/s
2025-11-26 07:35:33,193 epoch=66	global_step=53500	acc=0.7188	acc_avg=0.6749	loss=1.1193	loss_avg=1.2407	lr=0.0026	|gn|=5.7743	time=3.41it/s
2025-11-26 07:36:06,977 epoch=66	global_step=53600	acc=0.6875	acc_avg=0.6717	loss=0.9813	loss_avg=1.2443	lr=0.0026	|gn|=5.6184	time=3.44it/s
2025-11-26 07:36:40,622 epoch=66	global_step=53700	acc=0.7188	acc_avg=0.6713	loss=1.1538	loss_avg=1.2368	lr=0.0026	|gn|=6.2114	time=3.43it/s
2025-11-26 07:37:14,323 epoch=66	global_step=53800	acc=0.6562	acc_avg=0.6697	loss=1.2515	loss_avg=1.2387	lr=0.0026	|gn|=5.0789	time=3.44it/s
2025-11-26 07:37:48,151 epoch=66	global_step=53900	acc=0.6875	acc_avg=0.6700	loss=1.2687	loss_avg=1.2430	lr=0.0026	|gn|=5.7554	time=3.41it/s
2025-11-26 07:38:21,811 epoch=66	global_step=54000	acc=0.6562	acc_avg=0.6713	loss=1.1754	loss_avg=1.2391	lr=0.0026	|gn|=6.4561	time=3.42it/s
2025-11-26 07:38:55,378 epoch=66	global_step=54100	acc=0.6875	acc_avg=0.6702	loss=1.1918	loss_avg=1.2432	lr=0.0026	|gn|=5.6621	time=3.41it/s
2025-11-26 07:39:07,260 ====================Eval Epoch 66====================
2025-11-26 07:39:09,787 epoch=66	global_step=31	acc=0.5000	acc_avg=0.5680	acc5=0.8750	acc5_avg=0.8250	loss=1.4945	loss_avg=1.7184	time=78.64it/s
2025-11-26 07:39:09,787 Eval Loss:1.7184	Eval acc: 56.80
2025-11-26 07:39:09,788 
2025-11-26 07:39:09,788 ====================Training Epoch 67====================
2025-11-26 07:39:32,245 epoch=67	global_step=54200	acc=0.4688	acc_avg=0.6827	loss=1.4410	loss_avg=1.1885	lr=0.0025	|gn|=6.7027	time=3.41it/s
2025-11-26 07:40:05,887 epoch=67	global_step=54300	acc=0.7188	acc_avg=0.6809	loss=1.1498	loss_avg=1.1999	lr=0.0025	|gn|=5.6203	time=3.43it/s
2025-11-26 07:40:39,690 epoch=67	global_step=54400	acc=0.7188	acc_avg=0.6781	loss=1.3995	loss_avg=1.2169	lr=0.0025	|gn|=7.0991	time=3.42it/s
2025-11-26 07:41:13,253 epoch=67	global_step=54500	acc=0.6562	acc_avg=0.6767	loss=1.4487	loss_avg=1.2219	lr=0.0025	|gn|=5.8791	time=3.44it/s
2025-11-26 07:41:47,060 epoch=67	global_step=54600	acc=0.7812	acc_avg=0.6770	loss=0.9892	loss_avg=1.2188	lr=0.0025	|gn|=5.2112	time=3.42it/s
2025-11-26 07:42:20,890 epoch=67	global_step=54700	acc=0.6875	acc_avg=0.6768	loss=1.2175	loss_avg=1.2218	lr=0.0025	|gn|=6.8597	time=3.42it/s
2025-11-26 07:42:54,602 epoch=67	global_step=54800	acc=0.6875	acc_avg=0.6761	loss=1.1429	loss_avg=1.2257	lr=0.0025	|gn|=5.9868	time=3.41it/s
2025-11-26 07:43:28,377 epoch=67	global_step=54900	acc=0.5938	acc_avg=0.6752	loss=1.2960	loss_avg=1.2294	lr=0.0025	|gn|=6.2979	time=3.41it/s
2025-11-26 07:43:43,042 ====================Eval Epoch 67====================
2025-11-26 07:43:45,630 epoch=67	global_step=31	acc=0.2500	acc_avg=0.5750	acc5=0.8750	acc5_avg=0.8180	loss=1.9641	loss_avg=1.8232	time=77.99it/s
2025-11-26 07:43:45,631 Eval Loss:1.8232	Eval acc: 57.50
2025-11-26 07:43:45,631 
2025-11-26 07:43:45,631 ====================Training Epoch 68====================
2025-11-26 07:44:05,753 epoch=68	global_step=55000	acc=0.6562	acc_avg=0.6678	loss=0.9818	loss_avg=1.2185	lr=0.0023	|gn|=5.8824	time=3.43it/s
2025-11-26 07:44:39,723 epoch=68	global_step=55100	acc=0.5938	acc_avg=0.6861	loss=1.4386	loss_avg=1.1917	lr=0.0023	|gn|=6.5576	time=3.43it/s
2025-11-26 07:45:13,855 epoch=68	global_step=55200	acc=0.7500	acc_avg=0.6795	loss=1.2737	loss_avg=1.2132	lr=0.0023	|gn|=6.7425	time=3.42it/s
2025-11-26 07:45:47,805 epoch=68	global_step=55300	acc=0.6875	acc_avg=0.6792	loss=0.9435	loss_avg=1.2083	lr=0.0023	|gn|=4.9258	time=3.42it/s
2025-11-26 07:46:21,680 epoch=68	global_step=55400	acc=0.6562	acc_avg=0.6822	loss=1.2935	loss_avg=1.2046	lr=0.0023	|gn|=6.1708	time=3.41it/s
2025-11-26 07:46:55,579 epoch=68	global_step=55500	acc=0.6875	acc_avg=0.6821	loss=1.3586	loss_avg=1.2050	lr=0.0023	|gn|=5.9537	time=3.43it/s
2025-11-26 07:47:29,419 epoch=68	global_step=55600	acc=0.7812	acc_avg=0.6819	loss=1.0244	loss_avg=1.2034	lr=0.0023	|gn|=6.6188	time=3.43it/s
2025-11-26 07:48:03,312 epoch=68	global_step=55700	acc=0.6562	acc_avg=0.6811	loss=1.2969	loss_avg=1.2060	lr=0.0023	|gn|=6.2029	time=3.41it/s
2025-11-26 07:48:20,593 ====================Eval Epoch 68====================
2025-11-26 07:48:23,162 epoch=68	global_step=31	acc=0.3750	acc_avg=0.5650	acc5=0.8750	acc5_avg=0.8190	loss=2.6230	loss_avg=2.1442	time=77.99it/s
2025-11-26 07:48:23,163 Eval Loss:2.1442	Eval acc: 56.50
2025-11-26 07:48:23,163 
2025-11-26 07:48:23,163 ====================Training Epoch 69====================
2025-11-26 07:48:40,008 epoch=69	global_step=55800	acc=0.7812	acc_avg=0.7060	loss=0.8697	loss_avg=1.1331	lr=0.0022	|gn|=5.6571	time=3.43it/s
2025-11-26 07:49:13,188 epoch=69	global_step=55900	acc=0.6875	acc_avg=0.6869	loss=0.9063	loss_avg=1.1830	lr=0.0022	|gn|=6.9111	time=3.43it/s
2025-11-26 07:49:46,257 epoch=69	global_step=56000	acc=0.8125	acc_avg=0.6849	loss=0.9215	loss_avg=1.1791	lr=0.0022	|gn|=5.8557	time=3.44it/s
2025-11-26 07:50:19,345 epoch=69	global_step=56100	acc=0.5938	acc_avg=0.6829	loss=1.3746	loss_avg=1.1809	lr=0.0022	|gn|=6.2555	time=3.44it/s
2025-11-26 07:50:52,424 epoch=69	global_step=56200	acc=0.6875	acc_avg=0.6838	loss=1.2237	loss_avg=1.1757	lr=0.0022	|gn|=7.0050	time=3.44it/s
2025-11-26 07:51:25,480 epoch=69	global_step=56300	acc=0.6875	acc_avg=0.6862	loss=1.4181	loss_avg=1.1712	lr=0.0022	|gn|=5.8562	time=3.44it/s
2025-11-26 07:51:58,601 epoch=69	global_step=56400	acc=0.7500	acc_avg=0.6879	loss=1.0418	loss_avg=1.1725	lr=0.0022	|gn|=6.5629	time=3.44it/s
2025-11-26 07:52:31,690 epoch=69	global_step=56500	acc=0.7812	acc_avg=0.6868	loss=1.0005	loss_avg=1.1817	lr=0.0022	|gn|=4.2139	time=3.44it/s
2025-11-26 07:52:51,282 ====================Eval Epoch 69====================
2025-11-26 07:52:53,857 epoch=69	global_step=31	acc=0.2500	acc_avg=0.5750	acc5=0.7500	acc5_avg=0.8270	loss=2.3965	loss_avg=2.5345	time=78.00it/s
2025-11-26 07:52:53,858 Eval Loss:2.5345	Eval acc: 57.50
2025-11-26 07:52:53,858 
2025-11-26 07:52:53,858 ====================Training Epoch 70====================
2025-11-26 07:53:08,404 epoch=70	global_step=56600	acc=0.6875	acc_avg=0.6959	loss=1.2409	loss_avg=1.1569	lr=0.0021	|gn|=5.3922	time=3.44it/s
2025-11-26 07:53:42,327 epoch=70	global_step=56700	acc=0.5625	acc_avg=0.7004	loss=1.2871	loss_avg=1.1277	lr=0.0021	|gn|=6.8830	time=3.44it/s
2025-11-26 07:54:16,405 epoch=70	global_step=56800	acc=0.9062	acc_avg=0.6984	loss=0.5392	loss_avg=1.1457	lr=0.0021	|gn|=3.3400	time=3.41it/s
2025-11-26 07:54:50,493 epoch=70	global_step=56900	acc=0.6562	acc_avg=0.6985	loss=1.4420	loss_avg=1.1462	lr=0.0021	|gn|=7.5148	time=3.43it/s
2025-11-26 07:55:24,484 epoch=70	global_step=57000	acc=0.7188	acc_avg=0.6942	loss=1.0774	loss_avg=1.1606	lr=0.0021	|gn|=5.6869	time=3.43it/s
2025-11-26 07:55:58,435 epoch=70	global_step=57100	acc=0.6562	acc_avg=0.6937	loss=1.3593	loss_avg=1.1606	lr=0.0021	|gn|=6.1601	time=3.43it/s
2025-11-26 07:56:32,436 epoch=70	global_step=57200	acc=0.6562	acc_avg=0.6922	loss=1.1609	loss_avg=1.1639	lr=0.0021	|gn|=6.1287	time=3.41it/s
2025-11-26 07:57:06,369 epoch=70	global_step=57300	acc=0.6562	acc_avg=0.6904	loss=1.0454	loss_avg=1.1667	lr=0.0021	|gn|=6.2587	time=3.43it/s
2025-11-26 07:57:29,088 ====================Eval Epoch 70====================
2025-11-26 07:57:31,650 epoch=70	global_step=31	acc=0.5000	acc_avg=0.5700	acc5=0.8750	acc5_avg=0.8160	loss=2.2593	loss_avg=1.9889	time=78.14it/s
2025-11-26 07:57:31,650 Eval Loss:1.9889	Eval acc: 57.00
2025-11-26 07:57:31,651 
2025-11-26 07:57:31,651 ====================Training Epoch 71====================
2025-11-26 07:57:43,719 epoch=71	global_step=57400	acc=0.7500	acc_avg=0.6960	loss=0.9265	loss_avg=1.2005	lr=0.0019	|gn|=5.6944	time=3.43it/s
2025-11-26 07:58:17,618 epoch=71	global_step=57500	acc=0.7188	acc_avg=0.7077	loss=1.0961	loss_avg=1.1390	lr=0.0019	|gn|=6.8508	time=3.43it/s
2025-11-26 07:58:51,711 epoch=71	global_step=57600	acc=0.6562	acc_avg=0.7029	loss=1.4779	loss_avg=1.1314	lr=0.0019	|gn|=7.1255	time=3.44it/s
2025-11-26 07:59:25,851 epoch=71	global_step=57700	acc=0.7812	acc_avg=0.7036	loss=1.1642	loss_avg=1.1370	lr=0.0019	|gn|=5.5269	time=3.40it/s
2025-11-26 08:00:00,156 epoch=71	global_step=57800	acc=0.7188	acc_avg=0.7032	loss=1.0302	loss_avg=1.1343	lr=0.0019	|gn|=5.1393	time=3.41it/s
2025-11-26 08:00:34,234 epoch=71	global_step=57900	acc=0.5938	acc_avg=0.7002	loss=1.2793	loss_avg=1.1325	lr=0.0019	|gn|=6.2904	time=3.41it/s
2025-11-26 08:01:08,356 epoch=71	global_step=58000	acc=0.5938	acc_avg=0.6981	loss=1.2665	loss_avg=1.1425	lr=0.0019	|gn|=6.6593	time=3.41it/s
2025-11-26 08:01:42,441 epoch=71	global_step=58100	acc=0.7188	acc_avg=0.6957	loss=1.3440	loss_avg=1.1464	lr=0.0019	|gn|=6.0091	time=3.44it/s
2025-11-26 08:02:08,127 ====================Eval Epoch 71====================
2025-11-26 08:02:10,745 epoch=71	global_step=31	acc=0.6250	acc_avg=0.5920	acc5=1.0000	acc5_avg=0.8230	loss=1.0335	loss_avg=1.9680	time=78.10it/s
2025-11-26 08:02:10,745 Eval Loss:1.9680	Eval acc: 59.20
2025-11-26 08:02:10,745 
2025-11-26 08:02:10,746 ====================Training Epoch 72====================
2025-11-26 08:02:19,933 epoch=72	global_step=58200	acc=0.7188	acc_avg=0.6825	loss=1.1685	loss_avg=1.1894	lr=0.0018	|gn|=5.9506	time=3.43it/s
2025-11-26 08:02:54,121 epoch=72	global_step=58300	acc=0.6562	acc_avg=0.6997	loss=1.4292	loss_avg=1.1150	lr=0.0018	|gn|=7.3893	time=3.43it/s
2025-11-26 08:03:28,067 epoch=72	global_step=58400	acc=0.6875	acc_avg=0.7025	loss=1.1380	loss_avg=1.1103	lr=0.0018	|gn|=6.3507	time=3.41it/s
2025-11-26 08:04:01,977 epoch=72	global_step=58500	acc=0.8125	acc_avg=0.7041	loss=0.6789	loss_avg=1.0993	lr=0.0018	|gn|=4.5054	time=3.43it/s
2025-11-26 08:04:35,809 epoch=72	global_step=58600	acc=0.6250	acc_avg=0.7024	loss=1.2011	loss_avg=1.1108	lr=0.0018	|gn|=6.3764	time=3.43it/s
2025-11-26 08:05:09,600 epoch=72	global_step=58700	acc=0.7500	acc_avg=0.7028	loss=1.0431	loss_avg=1.1144	lr=0.0018	|gn|=6.0842	time=3.43it/s
2025-11-26 08:05:43,539 epoch=72	global_step=58800	acc=0.5938	acc_avg=0.7035	loss=1.2574	loss_avg=1.1181	lr=0.0018	|gn|=6.5741	time=3.43it/s
2025-11-26 08:06:17,457 epoch=72	global_step=58900	acc=0.5625	acc_avg=0.7028	loss=1.2565	loss_avg=1.1202	lr=0.0018	|gn|=6.1776	time=3.43it/s
2025-11-26 08:06:45,743 ====================Eval Epoch 72====================
2025-11-26 08:06:48,332 epoch=72	global_step=31	acc=0.3750	acc_avg=0.5780	acc5=0.8750	acc5_avg=0.8350	loss=2.0150	loss_avg=1.7136	time=78.09it/s
2025-11-26 08:06:48,332 Eval Loss:1.7136	Eval acc: 57.80
2025-11-26 08:06:48,333 
2025-11-26 08:06:48,333 ====================Training Epoch 73====================
2025-11-26 08:06:54,714 epoch=73	global_step=59000	acc=0.6875	acc_avg=0.6783	loss=0.9284	loss_avg=1.1640	lr=0.0017	|gn|=5.1363	time=3.41it/s
2025-11-26 08:07:28,596 epoch=73	global_step=59100	acc=0.7812	acc_avg=0.7102	loss=1.0563	loss_avg=1.0960	lr=0.0017	|gn|=5.4873	time=3.41it/s
2025-11-26 08:08:02,628 epoch=73	global_step=59200	acc=0.6875	acc_avg=0.7064	loss=1.0257	loss_avg=1.1009	lr=0.0017	|gn|=7.6268	time=3.43it/s
2025-11-26 08:08:36,699 epoch=73	global_step=59300	acc=0.7500	acc_avg=0.7064	loss=0.7889	loss_avg=1.1061	lr=0.0017	|gn|=5.0352	time=3.43it/s
2025-11-26 08:09:10,641 epoch=73	global_step=59400	acc=0.8125	acc_avg=0.7059	loss=0.9049	loss_avg=1.1093	lr=0.0017	|gn|=5.1001	time=3.41it/s
2025-11-26 08:09:44,649 epoch=73	global_step=59500	acc=0.7500	acc_avg=0.7034	loss=1.2533	loss_avg=1.1130	lr=0.0017	|gn|=6.9487	time=3.40it/s
2025-11-26 08:10:18,667 epoch=73	global_step=59600	acc=0.8750	acc_avg=0.7013	loss=0.5258	loss_avg=1.1218	lr=0.0017	|gn|=3.7575	time=3.41it/s
2025-11-26 08:10:52,644 epoch=73	global_step=59700	acc=0.5625	acc_avg=0.6996	loss=1.5955	loss_avg=1.1269	lr=0.0017	|gn|=7.8748	time=3.43it/s
2025-11-26 08:11:23,631 ====================Eval Epoch 73====================
2025-11-26 08:11:26,217 epoch=73	global_step=31	acc=0.5000	acc_avg=0.5810	acc5=0.8750	acc5_avg=0.8200	loss=1.9422	loss_avg=1.9165	time=78.21it/s
2025-11-26 08:11:26,218 Eval Loss:1.9165	Eval acc: 58.10
2025-11-26 08:11:26,218 
2025-11-26 08:11:26,218 ====================Training Epoch 74====================
2025-11-26 08:11:29,879 epoch=74	global_step=59800	acc=0.7500	acc_avg=0.7083	loss=1.1091	loss_avg=1.0442	lr=0.0016	|gn|=5.8351	time=3.41it/s
2025-11-26 08:12:03,741 epoch=74	global_step=59900	acc=0.8125	acc_avg=0.7127	loss=0.8389	loss_avg=1.0808	lr=0.0016	|gn|=4.9873	time=3.43it/s
2025-11-26 08:12:37,483 epoch=74	global_step=60000	acc=0.8125	acc_avg=0.7054	loss=0.7295	loss_avg=1.1046	lr=0.0016	|gn|=4.7842	time=3.42it/s
2025-11-26 08:13:11,630 epoch=74	global_step=60100	acc=0.6875	acc_avg=0.7057	loss=1.2278	loss_avg=1.1017	lr=0.0016	|gn|=7.1262	time=3.41it/s
2025-11-26 08:13:45,638 epoch=74	global_step=60200	acc=0.7812	acc_avg=0.7064	loss=0.9934	loss_avg=1.0965	lr=0.0016	|gn|=5.3235	time=3.43it/s
2025-11-26 08:14:19,410 epoch=74	global_step=60300	acc=0.5625	acc_avg=0.7072	loss=1.2307	loss_avg=1.0963	lr=0.0016	|gn|=5.9578	time=3.40it/s
2025-11-26 08:14:53,213 epoch=74	global_step=60400	acc=0.6250	acc_avg=0.7077	loss=1.5953	loss_avg=1.0990	lr=0.0016	|gn|=7.6866	time=3.44it/s
2025-11-26 08:15:26,890 epoch=74	global_step=60500	acc=0.6875	acc_avg=0.7065	loss=0.9063	loss_avg=1.1042	lr=0.0016	|gn|=6.7729	time=3.41it/s
2025-11-26 08:16:00,448 ====================Eval Epoch 74====================
2025-11-26 08:16:03,017 epoch=74	global_step=31	acc=0.5000	acc_avg=0.5900	acc5=1.0000	acc5_avg=0.8290	loss=1.4541	loss_avg=2.0152	time=77.97it/s
2025-11-26 08:16:03,017 Eval Loss:2.0152	Eval acc: 59.00
2025-11-26 08:16:03,018 
2025-11-26 08:16:03,018 ====================Training Epoch 75====================
2025-11-26 08:16:03,978 epoch=75	global_step=60600	acc=0.6562	acc_avg=0.6562	loss=1.1026	loss_avg=1.1026	lr=0.0015	|gn|=6.8887	time=3.42it/s
2025-11-26 08:16:37,237 epoch=75	global_step=60700	acc=0.6875	acc_avg=0.7175	loss=1.2959	loss_avg=1.0494	lr=0.0015	|gn|=6.9793	time=3.43it/s
2025-11-26 08:17:10,390 epoch=75	global_step=60800	acc=0.7500	acc_avg=0.7121	loss=0.6936	loss_avg=1.0706	lr=0.0015	|gn|=5.5607	time=3.43it/s
2025-11-26 08:17:43,557 epoch=75	global_step=60900	acc=0.7188	acc_avg=0.7164	loss=1.1071	loss_avg=1.0596	lr=0.0015	|gn|=5.9135	time=3.43it/s
2025-11-26 08:18:16,712 epoch=75	global_step=61000	acc=0.6250	acc_avg=0.7160	loss=1.2913	loss_avg=1.0725	lr=0.0015	|gn|=6.4080	time=3.43it/s
2025-11-26 08:18:49,847 epoch=75	global_step=61100	acc=0.7188	acc_avg=0.7177	loss=1.1173	loss_avg=1.0701	lr=0.0015	|gn|=6.6796	time=3.43it/s
2025-11-26 08:19:23,002 epoch=75	global_step=61200	acc=0.8750	acc_avg=0.7152	loss=0.5862	loss_avg=1.0818	lr=0.0015	|gn|=4.4453	time=3.43it/s
2025-11-26 08:19:56,125 epoch=75	global_step=61300	acc=0.8125	acc_avg=0.7144	loss=0.6840	loss_avg=1.0843	lr=0.0015	|gn|=5.2525	time=3.43it/s
2025-11-26 08:20:29,318 epoch=75	global_step=61400	acc=0.7188	acc_avg=0.7135	loss=1.3215	loss_avg=1.0849	lr=0.0015	|gn|=7.6555	time=3.43it/s
2025-11-26 08:20:31,747 ====================Eval Epoch 75====================
2025-11-26 08:20:34,339 epoch=75	global_step=31	acc=0.2500	acc_avg=0.5870	acc5=0.8750	acc5_avg=0.8280	loss=2.2894	loss_avg=1.7789	time=77.96it/s
2025-11-26 08:20:34,340 Eval Loss:1.7789	Eval acc: 58.70
2025-11-26 08:20:34,341 
2025-11-26 08:20:34,341 ====================Training Epoch 76====================
2025-11-26 08:21:06,719 epoch=76	global_step=61500	acc=0.6875	acc_avg=0.7174	loss=1.1428	loss_avg=1.0524	lr=0.0014	|gn|=7.7580	time=3.43it/s
2025-11-26 08:21:40,645 epoch=76	global_step=61600	acc=0.7812	acc_avg=0.7197	loss=1.0085	loss_avg=1.0431	lr=0.0014	|gn|=6.4334	time=3.41it/s
2025-11-26 08:22:14,536 epoch=76	global_step=61700	acc=0.7188	acc_avg=0.7251	loss=1.0027	loss_avg=1.0321	lr=0.0014	|gn|=5.9205	time=3.41it/s
2025-11-26 08:22:48,573 epoch=76	global_step=61800	acc=0.8438	acc_avg=0.7252	loss=0.7596	loss_avg=1.0357	lr=0.0014	|gn|=4.4482	time=3.40it/s
2025-11-26 08:23:22,629 epoch=76	global_step=61900	acc=0.6875	acc_avg=0.7215	loss=0.7690	loss_avg=1.0512	lr=0.0014	|gn|=5.4807	time=3.40it/s
2025-11-26 08:23:56,785 epoch=76	global_step=62000	acc=0.6250	acc_avg=0.7214	loss=1.2411	loss_avg=1.0478	lr=0.0014	|gn|=5.9090	time=3.42it/s
2025-11-26 08:24:30,763 epoch=76	global_step=62100	acc=0.7812	acc_avg=0.7219	loss=0.8405	loss_avg=1.0461	lr=0.0014	|gn|=6.5793	time=3.41it/s
2025-11-26 08:25:04,833 epoch=76	global_step=62200	acc=0.6562	acc_avg=0.7205	loss=1.0394	loss_avg=1.0490	lr=0.0014	|gn|=6.1311	time=3.42it/s
2025-11-26 08:25:09,971 ====================Eval Epoch 76====================
2025-11-26 08:25:12,530 epoch=76	global_step=31	acc=0.2500	acc_avg=0.5770	acc5=0.8750	acc5_avg=0.8180	loss=2.2391	loss_avg=2.0243	time=77.49it/s
2025-11-26 08:25:12,530 Eval Loss:2.0243	Eval acc: 57.70
2025-11-26 08:25:12,531 
2025-11-26 08:25:12,531 ====================Training Epoch 77====================
2025-11-26 08:25:41,543 epoch=77	global_step=62300	acc=0.6250	acc_avg=0.7221	loss=1.3385	loss_avg=1.0631	lr=0.0012	|gn|=7.9399	time=3.43it/s
2025-11-26 08:26:14,933 epoch=77	global_step=62400	acc=0.7812	acc_avg=0.7267	loss=0.9590	loss_avg=1.0364	lr=0.0012	|gn|=6.2864	time=3.43it/s
2025-11-26 08:26:48,302 epoch=77	global_step=62500	acc=0.7500	acc_avg=0.7239	loss=0.9761	loss_avg=1.0479	lr=0.0012	|gn|=6.1584	time=3.43it/s
2025-11-26 08:27:21,602 epoch=77	global_step=62600	acc=0.7500	acc_avg=0.7228	loss=0.7895	loss_avg=1.0490	lr=0.0012	|gn|=5.4274	time=3.43it/s
2025-11-26 08:27:54,873 epoch=77	global_step=62700	acc=0.7812	acc_avg=0.7221	loss=0.8480	loss_avg=1.0481	lr=0.0012	|gn|=5.7176	time=3.43it/s
2025-11-26 08:28:28,149 epoch=77	global_step=62800	acc=0.6875	acc_avg=0.7182	loss=0.8452	loss_avg=1.0637	lr=0.0012	|gn|=5.9460	time=3.43it/s
2025-11-26 08:29:01,528 epoch=77	global_step=62900	acc=0.7812	acc_avg=0.7171	loss=0.7369	loss_avg=1.0618	lr=0.0012	|gn|=5.3059	time=3.43it/s
2025-11-26 08:29:34,991 epoch=77	global_step=63000	acc=0.7500	acc_avg=0.7167	loss=0.9121	loss_avg=1.0625	lr=0.0012	|gn|=5.8724	time=3.42it/s
2025-11-26 08:29:42,705 ====================Eval Epoch 77====================
2025-11-26 08:29:45,330 epoch=77	global_step=31	acc=0.5000	acc_avg=0.5900	acc5=0.8750	acc5_avg=0.8400	loss=1.8946	loss_avg=1.8620	time=77.83it/s
2025-11-26 08:29:45,330 Eval Loss:1.8620	Eval acc: 59.00
2025-11-26 08:29:45,330 
2025-11-26 08:29:45,331 ====================Training Epoch 78====================
2025-11-26 08:30:12,058 epoch=78	global_step=63100	acc=0.7500	acc_avg=0.7419	loss=1.0730	loss_avg=1.0167	lr=0.0011	|gn|=6.8392	time=3.44it/s
2025-11-26 08:30:45,995 epoch=78	global_step=63200	acc=0.7812	acc_avg=0.7300	loss=0.7863	loss_avg=1.0493	lr=0.0011	|gn|=5.3864	time=3.43it/s
2025-11-26 08:31:19,932 epoch=78	global_step=63300	acc=0.7188	acc_avg=0.7303	loss=1.1857	loss_avg=1.0393	lr=0.0011	|gn|=6.8992	time=3.41it/s
2025-11-26 08:31:53,939 epoch=78	global_step=63400	acc=0.6875	acc_avg=0.7291	loss=1.3769	loss_avg=1.0370	lr=0.0011	|gn|=7.8305	time=3.39it/s
2025-11-26 08:32:27,697 epoch=78	global_step=63500	acc=0.7188	acc_avg=0.7278	loss=1.0411	loss_avg=1.0370	lr=0.0011	|gn|=6.8718	time=3.43it/s
2025-11-26 08:33:01,503 epoch=78	global_step=63600	acc=0.7500	acc_avg=0.7280	loss=0.9462	loss_avg=1.0331	lr=0.0011	|gn|=5.5388	time=3.40it/s
2025-11-26 08:33:35,407 epoch=78	global_step=63700	acc=0.7812	acc_avg=0.7282	loss=0.8212	loss_avg=1.0331	lr=0.0011	|gn|=6.4143	time=3.41it/s
2025-11-26 08:34:09,181 epoch=78	global_step=63800	acc=0.8125	acc_avg=0.7274	loss=0.7232	loss_avg=1.0382	lr=0.0011	|gn|=4.9238	time=3.43it/s
2025-11-26 08:34:19,724 ====================Eval Epoch 78====================
2025-11-26 08:34:22,366 epoch=78	global_step=31	acc=0.3750	acc_avg=0.5780	acc5=1.0000	acc5_avg=0.8300	loss=1.8355	loss_avg=1.7528	time=78.09it/s
2025-11-26 08:34:22,367 Eval Loss:1.7528	Eval acc: 57.80
2025-11-26 08:34:22,367 
2025-11-26 08:34:22,367 ====================Training Epoch 79====================
2025-11-26 08:34:46,326 epoch=79	global_step=63900	acc=0.7188	acc_avg=0.7305	loss=1.3348	loss_avg=1.0239	lr=0.0010	|gn|=7.0997	time=3.43it/s
2025-11-26 08:35:20,240 epoch=79	global_step=64000	acc=0.7500	acc_avg=0.7291	loss=0.9844	loss_avg=1.0297	lr=0.0010	|gn|=6.8608	time=3.43it/s
2025-11-26 08:35:54,100 epoch=79	global_step=64100	acc=0.7812	acc_avg=0.7279	loss=0.7717	loss_avg=1.0258	lr=0.0010	|gn|=6.2846	time=3.41it/s
2025-11-26 08:36:28,062 epoch=79	global_step=64200	acc=0.9062	acc_avg=0.7309	loss=0.4342	loss_avg=1.0219	lr=0.0010	|gn|=4.5740	time=3.43it/s
2025-11-26 08:37:02,007 epoch=79	global_step=64300	acc=0.7812	acc_avg=0.7295	loss=1.1314	loss_avg=1.0226	lr=0.0010	|gn|=6.5251	time=3.40it/s
2025-11-26 08:37:35,881 epoch=79	global_step=64400	acc=0.7812	acc_avg=0.7320	loss=0.7433	loss_avg=1.0131	lr=0.0010	|gn|=6.1249	time=3.43it/s
2025-11-26 08:38:09,750 epoch=79	global_step=64500	acc=0.7812	acc_avg=0.7299	loss=0.9063	loss_avg=1.0205	lr=0.0010	|gn|=7.2077	time=3.41it/s
2025-11-26 08:38:43,641 epoch=79	global_step=64600	acc=0.7500	acc_avg=0.7274	loss=0.9683	loss_avg=1.0319	lr=0.0010	|gn|=7.2693	time=3.44it/s
2025-11-26 08:38:56,752 ====================Eval Epoch 79====================
2025-11-26 08:38:59,299 epoch=79	global_step=31	acc=0.2500	acc_avg=0.5780	acc5=0.8750	acc5_avg=0.8180	loss=2.3384	loss_avg=2.1642	time=78.66it/s
2025-11-26 08:38:59,299 Eval Loss:2.1642	Eval acc: 57.80
2025-11-26 08:38:59,300 
2025-11-26 08:38:59,300 ====================Training Epoch 80====================
2025-11-26 08:39:20,457 epoch=80	global_step=64700	acc=0.7188	acc_avg=0.7418	loss=0.9889	loss_avg=0.9954	lr=0.0010	|gn|=7.0589	time=3.41it/s
2025-11-26 08:39:53,906 epoch=80	global_step=64800	acc=0.6562	acc_avg=0.7372	loss=1.1139	loss_avg=0.9990	lr=0.0010	|gn|=6.8079	time=3.44it/s
2025-11-26 08:40:27,729 epoch=80	global_step=64900	acc=0.7500	acc_avg=0.7372	loss=1.1137	loss_avg=1.0026	lr=0.0010	|gn|=6.8705	time=3.43it/s
2025-11-26 08:41:01,571 epoch=80	global_step=65000	acc=0.5938	acc_avg=0.7373	loss=1.2537	loss_avg=1.0030	lr=0.0010	|gn|=8.2604	time=3.41it/s
2025-11-26 08:41:35,337 epoch=80	global_step=65100	acc=0.7500	acc_avg=0.7361	loss=0.9163	loss_avg=1.0060	lr=0.0010	|gn|=6.9254	time=3.44it/s
2025-11-26 08:42:08,943 epoch=80	global_step=65200	acc=0.6875	acc_avg=0.7350	loss=1.2378	loss_avg=1.0085	lr=0.0010	|gn|=7.0354	time=3.44it/s
2025-11-26 08:42:42,724 epoch=80	global_step=65300	acc=0.7500	acc_avg=0.7336	loss=0.9276	loss_avg=1.0105	lr=0.0010	|gn|=6.6498	time=3.43it/s
2025-11-26 08:43:16,411 epoch=80	global_step=65400	acc=0.9062	acc_avg=0.7334	loss=0.5656	loss_avg=1.0102	lr=0.0010	|gn|=4.6903	time=3.43it/s
2025-11-26 08:43:32,243 ====================Eval Epoch 80====================
2025-11-26 08:43:34,791 epoch=80	global_step=31	acc=0.5000	acc_avg=0.5850	acc5=1.0000	acc5_avg=0.8280	loss=1.4136	loss_avg=1.7072	time=78.38it/s
2025-11-26 08:43:34,792 Eval Loss:1.7072	Eval acc: 58.50
2025-11-26 08:43:34,792 
2025-11-26 08:43:34,792 ====================Training Epoch 81====================
2025-11-26 08:43:53,049 epoch=81	global_step=65500	acc=0.8125	acc_avg=0.7524	loss=0.7757	loss_avg=0.9557	lr=0.0009	|gn|=5.8467	time=3.44it/s
2025-11-26 08:44:26,347 epoch=81	global_step=65600	acc=0.7500	acc_avg=0.7392	loss=1.0140	loss_avg=0.9731	lr=0.0009	|gn|=6.6214	time=3.43it/s
2025-11-26 08:44:59,610 epoch=81	global_step=65700	acc=0.7188	acc_avg=0.7326	loss=1.1589	loss_avg=1.0057	lr=0.0009	|gn|=6.8206	time=3.43it/s
2025-11-26 08:45:33,612 epoch=81	global_step=65800	acc=0.8750	acc_avg=0.7332	loss=0.7456	loss_avg=1.0058	lr=0.0009	|gn|=5.7625	time=3.43it/s
2025-11-26 08:46:07,948 epoch=81	global_step=65900	acc=0.7812	acc_avg=0.7330	loss=0.6510	loss_avg=1.0004	lr=0.0009	|gn|=5.2006	time=3.41it/s
2025-11-26 08:46:41,939 epoch=81	global_step=66000	acc=0.6250	acc_avg=0.7340	loss=1.3831	loss_avg=0.9981	lr=0.0009	|gn|=8.5536	time=3.40it/s
2025-11-26 08:47:16,157 epoch=81	global_step=66100	acc=0.7188	acc_avg=0.7352	loss=0.8976	loss_avg=0.9990	lr=0.0009	|gn|=5.1721	time=3.43it/s
2025-11-26 08:47:50,199 epoch=81	global_step=66200	acc=0.7188	acc_avg=0.7340	loss=0.9835	loss_avg=1.0015	lr=0.0009	|gn|=5.3802	time=3.42it/s
2025-11-26 08:48:08,813 ====================Eval Epoch 81====================
2025-11-26 08:48:11,448 epoch=81	global_step=31	acc=0.5000	acc_avg=0.5840	acc5=1.0000	acc5_avg=0.8270	loss=1.6414	loss_avg=1.7927	time=77.98it/s
2025-11-26 08:48:11,448 Eval Loss:1.7927	Eval acc: 58.40
2025-11-26 08:48:11,449 
2025-11-26 08:48:11,449 ====================Training Epoch 82====================
2025-11-26 08:48:27,197 epoch=82	global_step=66300	acc=0.7188	acc_avg=0.7604	loss=1.1329	loss_avg=0.9383	lr=0.0008	|gn|=6.9432	time=3.43it/s
2025-11-26 08:49:00,647 epoch=82	global_step=66400	acc=0.7812	acc_avg=0.7537	loss=0.9317	loss_avg=0.9510	lr=0.0008	|gn|=6.4631	time=3.43it/s
2025-11-26 08:49:34,078 epoch=82	global_step=66500	acc=0.6562	acc_avg=0.7519	loss=1.1165	loss_avg=0.9580	lr=0.0008	|gn|=7.6956	time=3.43it/s
2025-11-26 08:50:07,604 epoch=82	global_step=66600	acc=0.6250	acc_avg=0.7481	loss=1.2673	loss_avg=0.9725	lr=0.0008	|gn|=8.0563	time=3.43it/s
2025-11-26 08:50:41,109 epoch=82	global_step=66700	acc=0.8125	acc_avg=0.7443	loss=1.0066	loss_avg=0.9793	lr=0.0008	|gn|=6.2050	time=3.43it/s
2025-11-26 08:51:14,294 epoch=82	global_step=66800	acc=0.6562	acc_avg=0.7444	loss=1.0407	loss_avg=0.9784	lr=0.0008	|gn|=6.4315	time=3.43it/s
2025-11-26 08:51:47,447 epoch=82	global_step=66900	acc=0.6562	acc_avg=0.7447	loss=1.0684	loss_avg=0.9757	lr=0.0008	|gn|=6.4133	time=3.43it/s
2025-11-26 08:52:20,622 epoch=82	global_step=67000	acc=0.5938	acc_avg=0.7430	loss=1.2340	loss_avg=0.9809	lr=0.0008	|gn|=7.7235	time=3.43it/s
2025-11-26 08:52:41,646 ====================Eval Epoch 82====================
2025-11-26 08:52:44,234 epoch=82	global_step=31	acc=0.3750	acc_avg=0.5890	acc5=0.8750	acc5_avg=0.8230	loss=1.8808	loss_avg=2.2631	time=77.96it/s
2025-11-26 08:52:44,235 Eval Loss:2.2631	Eval acc: 58.90
2025-11-26 08:52:44,235 
2025-11-26 08:52:44,235 ====================Training Epoch 83====================
2025-11-26 08:52:57,462 epoch=83	global_step=67100	acc=0.6875	acc_avg=0.7466	loss=0.8627	loss_avg=0.9578	lr=0.0007	|gn|=6.4937	time=3.43it/s
2025-11-26 08:53:31,442 epoch=83	global_step=67200	acc=0.6875	acc_avg=0.7475	loss=0.9079	loss_avg=0.9631	lr=0.0007	|gn|=6.5414	time=3.41it/s
2025-11-26 08:54:05,358 epoch=83	global_step=67300	acc=0.7188	acc_avg=0.7420	loss=0.7411	loss_avg=0.9798	lr=0.0007	|gn|=6.0007	time=3.43it/s
2025-11-26 08:54:39,359 epoch=83	global_step=67400	acc=0.8125	acc_avg=0.7451	loss=0.9967	loss_avg=0.9735	lr=0.0007	|gn|=6.0371	time=3.43it/s
2025-11-26 08:55:13,258 epoch=83	global_step=67500	acc=0.7500	acc_avg=0.7450	loss=0.7789	loss_avg=0.9713	lr=0.0007	|gn|=6.0223	time=3.43it/s
2025-11-26 08:55:47,250 epoch=83	global_step=67600	acc=0.7188	acc_avg=0.7474	loss=1.0421	loss_avg=0.9682	lr=0.0007	|gn|=7.2679	time=3.43it/s
2025-11-26 08:56:21,239 epoch=83	global_step=67700	acc=0.7812	acc_avg=0.7457	loss=0.7125	loss_avg=0.9725	lr=0.0007	|gn|=5.1205	time=3.41it/s
2025-11-26 08:56:55,192 epoch=83	global_step=67800	acc=0.6562	acc_avg=0.7437	loss=1.3426	loss_avg=0.9768	lr=0.0007	|gn|=8.4296	time=3.40it/s
2025-11-26 08:57:19,328 ====================Eval Epoch 83====================
2025-11-26 08:57:21,933 epoch=83	global_step=31	acc=0.5000	acc_avg=0.5910	acc5=1.0000	acc5_avg=0.8220	loss=2.1161	loss_avg=1.9234	time=77.94it/s
2025-11-26 08:57:21,933 Eval Loss:1.9234	Eval acc: 59.10
2025-11-26 08:57:21,934 
2025-11-26 08:57:21,934 ====================Training Epoch 84====================
2025-11-26 08:57:32,285 epoch=84	global_step=67900	acc=0.7188	acc_avg=0.7478	loss=1.1909	loss_avg=0.9667	lr=0.0006	|gn|=8.3058	time=3.43it/s
2025-11-26 08:58:05,643 epoch=84	global_step=68000	acc=0.8438	acc_avg=0.7507	loss=0.7097	loss_avg=0.9592	lr=0.0006	|gn|=4.8499	time=3.43it/s
2025-11-26 08:58:38,944 epoch=84	global_step=68100	acc=0.7188	acc_avg=0.7568	loss=0.8317	loss_avg=0.9496	lr=0.0006	|gn|=6.7033	time=3.43it/s
2025-11-26 08:59:12,289 epoch=84	global_step=68200	acc=0.6875	acc_avg=0.7544	loss=0.6635	loss_avg=0.9435	lr=0.0006	|gn|=5.1800	time=3.43it/s
2025-11-26 08:59:45,602 epoch=84	global_step=68300	acc=0.6875	acc_avg=0.7520	loss=1.0221	loss_avg=0.9485	lr=0.0006	|gn|=6.0124	time=3.43it/s
2025-11-26 09:00:18,857 epoch=84	global_step=68400	acc=0.8438	acc_avg=0.7514	loss=0.7340	loss_avg=0.9484	lr=0.0006	|gn|=5.2504	time=3.43it/s
2025-11-26 09:00:52,123 epoch=84	global_step=68500	acc=0.6562	acc_avg=0.7495	loss=1.0522	loss_avg=0.9572	lr=0.0006	|gn|=6.8110	time=3.43it/s
2025-11-26 09:01:25,427 epoch=84	global_step=68600	acc=0.6875	acc_avg=0.7465	loss=0.9771	loss_avg=0.9589	lr=0.0006	|gn|=6.1840	time=3.43it/s
2025-11-26 09:01:51,830 ====================Eval Epoch 84====================
2025-11-26 09:01:54,438 epoch=84	global_step=31	acc=0.2500	acc_avg=0.5900	acc5=0.8750	acc5_avg=0.8230	loss=2.0962	loss_avg=1.7503	time=78.09it/s
2025-11-26 09:01:54,438 Eval Loss:1.7503	Eval acc: 59.00
2025-11-26 09:01:54,439 
2025-11-26 09:01:54,439 ====================Training Epoch 85====================
2025-11-26 09:02:02,379 epoch=85	global_step=68700	acc=0.7500	acc_avg=0.7574	loss=0.9359	loss_avg=0.9072	lr=0.0005	|gn|=6.2599	time=3.40it/s
2025-11-26 09:02:36,571 epoch=85	global_step=68800	acc=0.8750	acc_avg=0.7552	loss=0.6546	loss_avg=0.9297	lr=0.0005	|gn|=5.0879	time=3.43it/s
2025-11-26 09:03:09,981 epoch=85	global_step=68900	acc=0.7500	acc_avg=0.7507	loss=1.1669	loss_avg=0.9591	lr=0.0005	|gn|=9.3812	time=3.41it/s
2025-11-26 09:03:43,885 epoch=85	global_step=69000	acc=0.7188	acc_avg=0.7491	loss=0.9671	loss_avg=0.9639	lr=0.0005	|gn|=6.0705	time=3.43it/s
2025-11-26 09:04:17,868 epoch=85	global_step=69100	acc=0.8125	acc_avg=0.7461	loss=0.7469	loss_avg=0.9765	lr=0.0005	|gn|=5.6108	time=3.40it/s
2025-11-26 09:04:51,878 epoch=85	global_step=69200	acc=0.6250	acc_avg=0.7440	loss=1.3088	loss_avg=0.9797	lr=0.0005	|gn|=7.8339	time=3.41it/s
2025-11-26 09:05:25,830 epoch=85	global_step=69300	acc=0.6562	acc_avg=0.7457	loss=1.3275	loss_avg=0.9715	lr=0.0005	|gn|=7.4199	time=3.43it/s
2025-11-26 09:05:59,837 epoch=85	global_step=69400	acc=0.8750	acc_avg=0.7458	loss=0.6599	loss_avg=0.9692	lr=0.0005	|gn|=6.7252	time=3.43it/s
2025-11-26 09:06:29,354 ====================Eval Epoch 85====================
2025-11-26 09:06:31,924 epoch=85	global_step=31	acc=0.6250	acc_avg=0.5870	acc5=1.0000	acc5_avg=0.8300	loss=1.5551	loss_avg=1.8756	time=77.86it/s
2025-11-26 09:06:31,924 Eval Loss:1.8756	Eval acc: 58.70
2025-11-26 09:06:31,924 
2025-11-26 09:06:31,924 ====================Training Epoch 86====================
2025-11-26 09:06:36,972 epoch=86	global_step=69500	acc=0.8125	acc_avg=0.7716	loss=0.6769	loss_avg=0.9138	lr=0.0005	|gn|=5.2463	time=3.43it/s
2025-11-26 09:07:10,795 epoch=86	global_step=69600	acc=0.7500	acc_avg=0.7459	loss=0.8938	loss_avg=0.9702	lr=0.0005	|gn|=7.1389	time=3.43it/s
2025-11-26 09:07:44,930 epoch=86	global_step=69700	acc=0.6250	acc_avg=0.7500	loss=1.0050	loss_avg=0.9497	lr=0.0005	|gn|=7.6932	time=3.43it/s
2025-11-26 09:08:18,986 epoch=86	global_step=69800	acc=0.6250	acc_avg=0.7493	loss=1.1486	loss_avg=0.9514	lr=0.0005	|gn|=6.6262	time=3.41it/s
2025-11-26 09:08:52,912 epoch=86	global_step=69900	acc=0.7812	acc_avg=0.7507	loss=0.7959	loss_avg=0.9513	lr=0.0005	|gn|=6.4483	time=3.43it/s
2025-11-26 09:09:26,754 epoch=86	global_step=70000	acc=0.7188	acc_avg=0.7479	loss=0.8908	loss_avg=0.9562	lr=0.0005	|gn|=7.3058	time=3.43it/s
2025-11-26 09:10:00,816 epoch=86	global_step=70100	acc=0.6562	acc_avg=0.7488	loss=1.3286	loss_avg=0.9530	lr=0.0005	|gn|=9.4372	time=3.43it/s
2025-11-26 09:10:34,733 epoch=86	global_step=70200	acc=0.5625	acc_avg=0.7474	loss=1.6147	loss_avg=0.9580	lr=0.0005	|gn|=8.6625	time=3.43it/s
2025-11-26 09:11:06,993 ====================Eval Epoch 86====================
2025-11-26 09:11:09,556 epoch=86	global_step=31	acc=0.3750	acc_avg=0.5860	acc5=0.8750	acc5_avg=0.8290	loss=1.9037	loss_avg=1.7671	time=78.04it/s
2025-11-26 09:11:09,556 Eval Loss:1.7671	Eval acc: 58.60
2025-11-26 09:11:09,557 
2025-11-26 09:11:09,557 ====================Training Epoch 87====================
2025-11-26 09:11:11,866 epoch=87	global_step=70300	acc=0.7188	acc_avg=0.7562	loss=1.0790	loss_avg=0.9361	lr=0.0004	|gn|=6.5419	time=3.43it/s
2025-11-26 09:11:45,894 epoch=87	global_step=70400	acc=0.8125	acc_avg=0.7527	loss=0.8295	loss_avg=0.9710	lr=0.0004	|gn|=7.2571	time=3.43it/s
2025-11-26 09:12:19,774 epoch=87	global_step=70500	acc=0.8125	acc_avg=0.7498	loss=0.7968	loss_avg=0.9555	lr=0.0004	|gn|=6.6279	time=3.41it/s
2025-11-26 09:12:53,791 epoch=87	global_step=70600	acc=0.6875	acc_avg=0.7502	loss=1.0847	loss_avg=0.9495	lr=0.0004	|gn|=7.8703	time=3.43it/s
2025-11-26 09:13:27,618 epoch=87	global_step=70700	acc=0.8438	acc_avg=0.7488	loss=0.7871	loss_avg=0.9512	lr=0.0004	|gn|=5.7096	time=3.43it/s
2025-11-26 09:14:01,650 epoch=87	global_step=70800	acc=0.8438	acc_avg=0.7517	loss=0.8245	loss_avg=0.9423	lr=0.0004	|gn|=5.7696	time=3.41it/s
2025-11-26 09:14:35,620 epoch=87	global_step=70900	acc=0.7500	acc_avg=0.7497	loss=0.8775	loss_avg=0.9461	lr=0.0004	|gn|=7.2249	time=3.43it/s
2025-11-26 09:15:09,516 epoch=87	global_step=71000	acc=0.7812	acc_avg=0.7506	loss=0.8581	loss_avg=0.9468	lr=0.0004	|gn|=5.1012	time=3.42it/s
2025-11-26 09:15:43,518 epoch=87	global_step=71100	acc=0.6875	acc_avg=0.7501	loss=1.0061	loss_avg=0.9507	lr=0.0004	|gn|=7.6875	time=3.43it/s
2025-11-26 09:15:44,582 ====================Eval Epoch 87====================
2025-11-26 09:15:47,137 epoch=87	global_step=31	acc=0.3750	acc_avg=0.5730	acc5=0.8750	acc5_avg=0.8180	loss=1.6727	loss_avg=4.0101	time=77.97it/s
2025-11-26 09:15:47,137 Eval Loss:4.0101	Eval acc: 57.30
2025-11-26 09:15:47,138 
2025-11-26 09:15:47,138 ====================Training Epoch 88====================
2025-11-26 09:16:20,707 epoch=88	global_step=71200	acc=0.7812	acc_avg=0.7571	loss=0.9859	loss_avg=0.9413	lr=0.0004	|gn|=7.3900	time=3.43it/s
2025-11-26 09:16:54,517 epoch=88	global_step=71300	acc=0.8125	acc_avg=0.7563	loss=0.7861	loss_avg=0.9335	lr=0.0004	|gn|=6.1260	time=3.43it/s
2025-11-26 09:17:28,429 epoch=88	global_step=71400	acc=0.8438	acc_avg=0.7564	loss=0.7309	loss_avg=0.9290	lr=0.0004	|gn|=6.3360	time=3.39it/s
2025-11-26 09:18:02,397 epoch=88	global_step=71500	acc=0.6875	acc_avg=0.7565	loss=1.0322	loss_avg=0.9297	lr=0.0004	|gn|=7.4703	time=3.40it/s
2025-11-26 09:18:36,377 epoch=88	global_step=71600	acc=0.7500	acc_avg=0.7547	loss=1.1873	loss_avg=0.9370	lr=0.0004	|gn|=6.9211	time=3.43it/s
2025-11-26 09:19:10,346 epoch=88	global_step=71700	acc=0.7812	acc_avg=0.7535	loss=0.7052	loss_avg=0.9410	lr=0.0004	|gn|=6.1700	time=3.41it/s
2025-11-26 09:19:44,409 epoch=88	global_step=71800	acc=0.6250	acc_avg=0.7531	loss=1.2649	loss_avg=0.9381	lr=0.0004	|gn|=8.0968	time=3.40it/s
2025-11-26 09:20:18,587 epoch=88	global_step=71900	acc=0.7812	acc_avg=0.7532	loss=0.7286	loss_avg=0.9355	lr=0.0004	|gn|=6.2815	time=3.41it/s
2025-11-26 09:20:22,386 ====================Eval Epoch 88====================
2025-11-26 09:20:24,997 epoch=88	global_step=31	acc=0.6250	acc_avg=0.5890	acc5=1.0000	acc5_avg=0.8350	loss=1.6341	loss_avg=1.7443	time=77.94it/s
2025-11-26 09:20:24,998 Eval Loss:1.7443	Eval acc: 58.90
2025-11-26 09:20:24,998 
2025-11-26 09:20:24,998 ====================Training Epoch 89====================
2025-11-26 09:20:55,837 epoch=89	global_step=72000	acc=0.7812	acc_avg=0.7535	loss=1.0068	loss_avg=0.9156	lr=0.0003	|gn|=6.5571	time=3.41it/s
2025-11-26 09:21:29,728 epoch=89	global_step=72100	acc=0.7500	acc_avg=0.7591	loss=1.0239	loss_avg=0.9075	lr=0.0003	|gn|=6.1948	time=3.41it/s
2025-11-26 09:22:03,611 epoch=89	global_step=72200	acc=0.7500	acc_avg=0.7587	loss=0.8605	loss_avg=0.9179	lr=0.0003	|gn|=6.5950	time=3.42it/s
2025-11-26 09:22:37,469 epoch=89	global_step=72300	acc=0.7188	acc_avg=0.7584	loss=0.9183	loss_avg=0.9183	lr=0.0003	|gn|=6.8674	time=3.41it/s
2025-11-26 09:23:11,411 epoch=89	global_step=72400	acc=0.8438	acc_avg=0.7600	loss=0.7996	loss_avg=0.9199	lr=0.0003	|gn|=5.6959	time=3.41it/s
2025-11-26 09:23:45,234 epoch=89	global_step=72500	acc=0.8750	acc_avg=0.7555	loss=0.6629	loss_avg=0.9295	lr=0.0003	|gn|=5.0885	time=3.43it/s
2025-11-26 09:24:19,111 epoch=89	global_step=72600	acc=0.7500	acc_avg=0.7548	loss=0.8275	loss_avg=0.9338	lr=0.0003	|gn|=6.6375	time=3.41it/s
2025-11-26 09:24:52,982 epoch=89	global_step=72700	acc=0.7812	acc_avg=0.7555	loss=1.0537	loss_avg=0.9298	lr=0.0003	|gn|=7.2355	time=3.43it/s
2025-11-26 09:24:59,540 ====================Eval Epoch 89====================
2025-11-26 09:25:02,146 epoch=89	global_step=31	acc=0.3750	acc_avg=0.5890	acc5=0.8750	acc5_avg=0.8380	loss=2.1008	loss_avg=1.8210	time=77.91it/s
2025-11-26 09:25:02,147 Eval Loss:1.8210	Eval acc: 58.90
2025-11-26 09:25:02,147 
2025-11-26 09:25:02,147 ====================Training Epoch 90====================
2025-11-26 09:25:30,267 epoch=90	global_step=72800	acc=0.7188	acc_avg=0.7585	loss=0.7640	loss_avg=0.9223	lr=0.0002	|gn|=6.3002	time=3.43it/s
2025-11-26 09:26:04,234 epoch=90	global_step=72900	acc=0.7500	acc_avg=0.7519	loss=1.2879	loss_avg=0.9325	lr=0.0002	|gn|=6.8241	time=3.43it/s
2025-11-26 09:26:38,135 epoch=90	global_step=73000	acc=0.8125	acc_avg=0.7567	loss=0.8262	loss_avg=0.9243	lr=0.0002	|gn|=6.2334	time=3.43it/s
2025-11-26 09:27:12,095 epoch=90	global_step=73100	acc=0.7188	acc_avg=0.7552	loss=0.7250	loss_avg=0.9289	lr=0.0002	|gn|=5.3751	time=3.39it/s
2025-11-26 09:27:46,152 epoch=90	global_step=73200	acc=0.7188	acc_avg=0.7562	loss=1.0404	loss_avg=0.9330	lr=0.0002	|gn|=7.2937	time=3.43it/s
2025-11-26 09:28:20,019 epoch=90	global_step=73300	acc=0.7500	acc_avg=0.7571	loss=1.0634	loss_avg=0.9293	lr=0.0002	|gn|=6.6696	time=3.41it/s
2025-11-26 09:28:53,923 epoch=90	global_step=73400	acc=0.6562	acc_avg=0.7579	loss=1.3231	loss_avg=0.9267	lr=0.0002	|gn|=9.4560	time=3.43it/s
2025-11-26 09:29:27,807 epoch=90	global_step=73500	acc=0.8438	acc_avg=0.7553	loss=0.7005	loss_avg=0.9311	lr=0.0002	|gn|=5.2228	time=3.40it/s
2025-11-26 09:29:37,020 ====================Eval Epoch 90====================
2025-11-26 09:29:39,637 epoch=90	global_step=31	acc=0.5000	acc_avg=0.5940	acc5=0.8750	acc5_avg=0.8320	loss=1.7982	loss_avg=1.7621	time=77.77it/s
2025-11-26 09:29:39,638 Eval Loss:1.7621	Eval acc: 59.40
2025-11-26 09:29:39,638 
2025-11-26 09:29:39,638 ====================Training Epoch 91====================
2025-11-26 09:30:04,714 epoch=91	global_step=73600	acc=0.7188	acc_avg=0.7731	loss=0.8371	loss_avg=0.8798	lr=0.0002	|gn|=6.7175	time=3.43it/s
2025-11-26 09:30:38,015 epoch=91	global_step=73700	acc=0.7500	acc_avg=0.7650	loss=0.7439	loss_avg=0.9135	lr=0.0002	|gn|=5.9843	time=3.43it/s
2025-11-26 09:31:11,310 epoch=91	global_step=73800	acc=0.8438	acc_avg=0.7576	loss=0.8740	loss_avg=0.9345	lr=0.0002	|gn|=6.1363	time=3.43it/s
2025-11-26 09:31:44,605 epoch=91	global_step=73900	acc=0.7188	acc_avg=0.7539	loss=1.1179	loss_avg=0.9412	lr=0.0002	|gn|=7.7119	time=3.43it/s
2025-11-26 09:32:17,911 epoch=91	global_step=74000	acc=0.8125	acc_avg=0.7536	loss=1.1303	loss_avg=0.9407	lr=0.0002	|gn|=6.8612	time=3.43it/s
2025-11-26 09:32:51,222 epoch=91	global_step=74100	acc=0.6562	acc_avg=0.7566	loss=1.1162	loss_avg=0.9323	lr=0.0002	|gn|=6.6948	time=3.43it/s
2025-11-26 09:33:24,500 epoch=91	global_step=74200	acc=0.8438	acc_avg=0.7567	loss=0.9461	loss_avg=0.9292	lr=0.0002	|gn|=5.8922	time=3.42it/s
2025-11-26 09:33:57,775 epoch=91	global_step=74300	acc=0.6562	acc_avg=0.7559	loss=1.0524	loss_avg=0.9303	lr=0.0002	|gn|=7.8212	time=3.43it/s
2025-11-26 09:34:09,484 ====================Eval Epoch 91====================
2025-11-26 09:34:12,088 epoch=91	global_step=31	acc=0.3750	acc_avg=0.5650	acc5=0.8750	acc5_avg=0.8210	loss=1.8338	loss_avg=2.8373	time=77.74it/s
2025-11-26 09:34:12,089 Eval Loss:2.8373	Eval acc: 56.50
2025-11-26 09:34:12,089 
2025-11-26 09:34:12,089 ====================Training Epoch 92====================
2025-11-26 09:34:34,845 epoch=92	global_step=74400	acc=0.8750	acc_avg=0.7731	loss=0.6858	loss_avg=0.9068	lr=0.0002	|gn|=5.8831	time=3.40it/s
2025-11-26 09:35:08,773 epoch=92	global_step=74500	acc=0.7812	acc_avg=0.7678	loss=0.8890	loss_avg=0.8980	lr=0.0002	|gn|=6.0230	time=3.43it/s
2025-11-26 09:35:42,851 epoch=92	global_step=74600	acc=0.8438	acc_avg=0.7636	loss=0.5716	loss_avg=0.9169	lr=0.0002	|gn|=5.4246	time=3.43it/s
2025-11-26 09:36:16,843 epoch=92	global_step=74700	acc=0.6250	acc_avg=0.7596	loss=1.1602	loss_avg=0.9220	lr=0.0002	|gn|=7.5934	time=3.43it/s
2025-11-26 09:36:50,736 epoch=92	global_step=74800	acc=0.7188	acc_avg=0.7606	loss=1.2096	loss_avg=0.9171	lr=0.0002	|gn|=7.7689	time=3.43it/s
2025-11-26 09:37:24,698 epoch=92	global_step=74900	acc=0.7188	acc_avg=0.7580	loss=0.9971	loss_avg=0.9264	lr=0.0002	|gn|=6.2747	time=3.43it/s
2025-11-26 09:37:58,553 epoch=92	global_step=75000	acc=0.8438	acc_avg=0.7557	loss=0.7686	loss_avg=0.9296	lr=0.0002	|gn|=6.6242	time=3.41it/s
2025-11-26 09:38:32,206 epoch=92	global_step=75100	acc=0.7188	acc_avg=0.7565	loss=0.9990	loss_avg=0.9299	lr=0.0002	|gn|=8.0897	time=3.41it/s
2025-11-26 09:38:46,776 ====================Eval Epoch 92====================
2025-11-26 09:38:49,324 epoch=92	global_step=31	acc=0.3750	acc_avg=0.5920	acc5=1.0000	acc5_avg=0.8260	loss=1.6682	loss_avg=2.0501	time=78.53it/s
2025-11-26 09:38:49,324 Eval Loss:2.0501	Eval acc: 59.20
2025-11-26 09:38:49,325 
2025-11-26 09:38:49,325 ====================Training Epoch 93====================
2025-11-26 09:39:09,069 epoch=93	global_step=75200	acc=0.6250	acc_avg=0.7549	loss=1.3653	loss_avg=0.9363	lr=0.0001	|gn|=8.6502	time=3.44it/s
2025-11-26 09:39:42,733 epoch=93	global_step=75300	acc=0.7188	acc_avg=0.7524	loss=0.9706	loss_avg=0.9337	lr=0.0001	|gn|=6.8400	time=3.43it/s
2025-11-26 09:40:16,300 epoch=93	global_step=75400	acc=0.5625	acc_avg=0.7590	loss=1.3609	loss_avg=0.9160	lr=0.0001	|gn|=8.3019	time=3.44it/s
2025-11-26 09:40:50,036 epoch=93	global_step=75500	acc=0.7188	acc_avg=0.7582	loss=1.0087	loss_avg=0.9197	lr=0.0001	|gn|=7.5294	time=3.44it/s
2025-11-26 09:41:23,707 epoch=93	global_step=75600	acc=0.7500	acc_avg=0.7591	loss=0.7979	loss_avg=0.9196	lr=0.0001	|gn|=5.6832	time=3.44it/s
2025-11-26 09:41:57,183 epoch=93	global_step=75700	acc=0.8125	acc_avg=0.7588	loss=0.7232	loss_avg=0.9253	lr=0.0001	|gn|=6.5956	time=3.44it/s
2025-11-26 09:42:30,776 epoch=93	global_step=75800	acc=0.9375	acc_avg=0.7568	loss=0.4702	loss_avg=0.9338	lr=0.0001	|gn|=4.9172	time=3.44it/s
2025-11-26 09:43:04,386 epoch=93	global_step=75900	acc=0.7812	acc_avg=0.7584	loss=0.8864	loss_avg=0.9281	lr=0.0001	|gn|=7.4320	time=3.41it/s
2025-11-26 09:43:21,578 ====================Eval Epoch 93====================
2025-11-26 09:43:24,113 epoch=93	global_step=31	acc=0.5000	acc_avg=0.5900	acc5=0.8750	acc5_avg=0.8250	loss=1.6725	loss_avg=1.9430	time=78.43it/s
2025-11-26 09:43:24,113 Eval Loss:1.9430	Eval acc: 59.00
2025-11-26 09:43:24,114 
2025-11-26 09:43:24,114 ====================Training Epoch 94====================
2025-11-26 09:43:41,217 epoch=94	global_step=76000	acc=0.8125	acc_avg=0.7462	loss=0.9128	loss_avg=0.9398	lr=0.0001	|gn|=8.3840	time=3.43it/s
2025-11-26 09:44:14,979 epoch=94	global_step=76100	acc=0.7500	acc_avg=0.7475	loss=0.9279	loss_avg=0.9462	lr=0.0001	|gn|=5.6654	time=3.41it/s
2025-11-26 09:44:48,646 epoch=94	global_step=76200	acc=0.7812	acc_avg=0.7540	loss=0.9726	loss_avg=0.9356	lr=0.0001	|gn|=6.8216	time=3.43it/s
2025-11-26 09:45:22,300 epoch=94	global_step=76300	acc=0.7188	acc_avg=0.7560	loss=0.8977	loss_avg=0.9337	lr=0.0001	|gn|=7.1286	time=3.43it/s
2025-11-26 09:45:55,927 epoch=94	global_step=76400	acc=0.6875	acc_avg=0.7586	loss=0.9588	loss_avg=0.9286	lr=0.0001	|gn|=6.9314	time=3.43it/s
2025-11-26 09:46:29,600 epoch=94	global_step=76500	acc=0.7812	acc_avg=0.7616	loss=0.9732	loss_avg=0.9198	lr=0.0001	|gn|=6.8064	time=3.41it/s
2025-11-26 09:47:03,243 epoch=94	global_step=76600	acc=0.8125	acc_avg=0.7604	loss=1.0186	loss_avg=0.9205	lr=0.0001	|gn|=5.9124	time=3.43it/s
2025-11-26 09:47:36,435 epoch=94	global_step=76700	acc=0.9062	acc_avg=0.7598	loss=0.6010	loss_avg=0.9198	lr=0.0001	|gn|=4.5870	time=3.44it/s
2025-11-26 09:47:56,214 ====================Eval Epoch 94====================
2025-11-26 09:47:58,723 epoch=94	global_step=31	acc=0.3750	acc_avg=0.5870	acc5=1.0000	acc5_avg=0.8230	loss=1.8815	loss_avg=1.7651	time=78.55it/s
2025-11-26 09:47:58,723 Eval Loss:1.7651	Eval acc: 58.70
2025-11-26 09:47:58,723 
2025-11-26 09:47:58,723 ====================Training Epoch 95====================
2025-11-26 09:48:13,069 epoch=95	global_step=76800	acc=0.7500	acc_avg=0.7515	loss=1.0656	loss_avg=0.9363	lr=0.0001	|gn|=6.7238	time=3.42it/s
2025-11-26 09:48:46,633 epoch=95	global_step=76900	acc=0.6562	acc_avg=0.7586	loss=1.0098	loss_avg=0.9207	lr=0.0001	|gn|=6.4701	time=3.42it/s
2025-11-26 09:49:20,037 epoch=95	global_step=77000	acc=0.8125	acc_avg=0.7579	loss=0.5384	loss_avg=0.9177	lr=0.0001	|gn|=4.3276	time=3.43it/s
2025-11-26 09:49:53,083 epoch=95	global_step=77100	acc=0.6875	acc_avg=0.7615	loss=0.9473	loss_avg=0.9029	lr=0.0001	|gn|=6.2566	time=3.44it/s
2025-11-26 09:50:26,374 epoch=95	global_step=77200	acc=0.7500	acc_avg=0.7621	loss=0.7866	loss_avg=0.9011	lr=0.0001	|gn|=5.3895	time=3.43it/s
2025-11-26 09:50:59,856 epoch=95	global_step=77300	acc=0.7188	acc_avg=0.7617	loss=0.9807	loss_avg=0.9091	lr=0.0001	|gn|=7.5404	time=3.41it/s
2025-11-26 09:51:33,351 epoch=95	global_step=77400	acc=0.6875	acc_avg=0.7606	loss=1.0531	loss_avg=0.9130	lr=0.0001	|gn|=7.1794	time=3.41it/s
2025-11-26 09:52:06,903 epoch=95	global_step=77500	acc=0.8438	acc_avg=0.7599	loss=0.5541	loss_avg=0.9125	lr=0.0001	|gn|=5.0526	time=3.43it/s
2025-11-26 09:52:29,431 ====================Eval Epoch 95====================
2025-11-26 09:52:31,961 epoch=95	global_step=31	acc=0.5000	acc_avg=0.5910	acc5=1.0000	acc5_avg=0.8290	loss=1.8965	loss_avg=1.7054	time=78.34it/s
2025-11-26 09:52:31,961 Eval Loss:1.7054	Eval acc: 59.10
2025-11-26 09:52:31,961 
2025-11-26 09:52:31,961 ====================Training Epoch 96====================
2025-11-26 09:52:43,408 epoch=96	global_step=77600	acc=0.7188	acc_avg=0.7453	loss=0.9796	loss_avg=0.9537	lr=0.0000	|gn|=6.9156	time=3.43it/s
2025-11-26 09:53:16,455 epoch=96	global_step=77700	acc=0.7500	acc_avg=0.7622	loss=0.7377	loss_avg=0.9030	lr=0.0000	|gn|=6.5154	time=3.44it/s
2025-11-26 09:53:49,455 epoch=96	global_step=77800	acc=0.6562	acc_avg=0.7670	loss=1.1716	loss_avg=0.8949	lr=0.0000	|gn|=7.2607	time=3.44it/s
2025-11-26 09:54:22,474 epoch=96	global_step=77900	acc=0.7812	acc_avg=0.7638	loss=0.8112	loss_avg=0.9028	lr=0.0000	|gn|=6.1197	time=3.43it/s
2025-11-26 09:54:55,430 epoch=96	global_step=78000	acc=0.7500	acc_avg=0.7610	loss=0.8714	loss_avg=0.9046	lr=0.0000	|gn|=6.3629	time=3.43it/s
2025-11-26 09:55:28,371 epoch=96	global_step=78100	acc=0.8125	acc_avg=0.7582	loss=0.7331	loss_avg=0.9135	lr=0.0000	|gn|=5.5834	time=3.43it/s
2025-11-26 09:56:01,283 epoch=96	global_step=78200	acc=0.8750	acc_avg=0.7589	loss=0.7007	loss_avg=0.9168	lr=0.0000	|gn|=6.4591	time=3.44it/s
2025-11-26 09:56:34,196 epoch=96	global_step=78300	acc=0.8125	acc_avg=0.7599	loss=0.8793	loss_avg=0.9152	lr=0.0000	|gn|=7.0994	time=3.44it/s
2025-11-26 09:56:58,997 ====================Eval Epoch 96====================
2025-11-26 09:57:01,520 epoch=96	global_step=31	acc=0.3750	acc_avg=0.5860	acc5=0.8750	acc5_avg=0.8200	loss=1.7974	loss_avg=1.9739	time=78.47it/s
2025-11-26 09:57:01,520 Eval Loss:1.9739	Eval acc: 58.60
2025-11-26 09:57:01,521 
2025-11-26 09:57:01,521 ====================Training Epoch 97====================
2025-11-26 09:57:10,530 epoch=97	global_step=78400	acc=0.8438	acc_avg=0.7788	loss=0.7827	loss_avg=0.8639	lr=0.0000	|gn|=6.1511	time=3.44it/s
2025-11-26 09:57:44,142 epoch=97	global_step=78500	acc=0.6875	acc_avg=0.7660	loss=0.8575	loss_avg=0.9092	lr=0.0000	|gn|=6.4875	time=3.44it/s
2025-11-26 09:58:17,639 epoch=97	global_step=78600	acc=0.6562	acc_avg=0.7689	loss=1.2771	loss_avg=0.9117	lr=0.0000	|gn|=8.6247	time=3.44it/s
2025-11-26 09:58:50,717 epoch=97	global_step=78700	acc=0.7188	acc_avg=0.7617	loss=0.8292	loss_avg=0.9197	lr=0.0000	|gn|=6.4196	time=3.42it/s
2025-11-26 09:59:24,235 epoch=97	global_step=78800	acc=0.7812	acc_avg=0.7638	loss=1.1894	loss_avg=0.9134	lr=0.0000	|gn|=7.0945	time=3.42it/s
2025-11-26 09:59:57,733 epoch=97	global_step=78900	acc=0.7500	acc_avg=0.7638	loss=0.9180	loss_avg=0.9134	lr=0.0000	|gn|=6.8209	time=3.44it/s
2025-11-26 10:00:31,364 epoch=97	global_step=79000	acc=0.7500	acc_avg=0.7637	loss=0.9670	loss_avg=0.9102	lr=0.0000	|gn|=7.4913	time=3.43it/s
2025-11-26 10:01:04,976 epoch=97	global_step=79100	acc=0.7500	acc_avg=0.7643	loss=0.9732	loss_avg=0.9048	lr=0.0000	|gn|=6.6416	time=3.44it/s
2025-11-26 10:01:32,951 ====================Eval Epoch 97====================
2025-11-26 10:01:35,424 epoch=97	global_step=31	acc=0.5000	acc_avg=0.5920	acc5=1.0000	acc5_avg=0.8220	loss=1.8085	loss_avg=1.9688	time=78.43it/s
2025-11-26 10:01:35,424 Eval Loss:1.9688	Eval acc: 59.20
2025-11-26 10:01:35,425 
2025-11-26 10:01:35,425 ====================Training Epoch 98====================
2025-11-26 10:01:41,746 epoch=98	global_step=79200	acc=0.7500	acc_avg=0.7592	loss=0.9390	loss_avg=0.8374	lr=0.0000	|gn|=6.8955	time=3.44it/s
2025-11-26 10:02:15,172 epoch=98	global_step=79300	acc=0.7188	acc_avg=0.7607	loss=1.0506	loss_avg=0.9221	lr=0.0000	|gn|=7.5270	time=3.42it/s
2025-11-26 10:02:48,655 epoch=98	global_step=79400	acc=0.8125	acc_avg=0.7631	loss=0.8141	loss_avg=0.9202	lr=0.0000	|gn|=5.5177	time=3.44it/s
2025-11-26 10:03:22,167 epoch=98	global_step=79500	acc=0.7500	acc_avg=0.7625	loss=0.7505	loss_avg=0.9089	lr=0.0000	|gn|=5.8779	time=3.42it/s
2025-11-26 10:03:55,681 epoch=98	global_step=79600	acc=0.7812	acc_avg=0.7621	loss=0.7712	loss_avg=0.9120	lr=0.0000	|gn|=6.1275	time=3.44it/s
2025-11-26 10:04:29,228 epoch=98	global_step=79700	acc=0.5938	acc_avg=0.7625	loss=1.2416	loss_avg=0.9100	lr=0.0000	|gn|=7.5316	time=3.44it/s
2025-11-26 10:05:02,730 epoch=98	global_step=79800	acc=0.6875	acc_avg=0.7646	loss=1.3146	loss_avg=0.9060	lr=0.0000	|gn|=7.3414	time=3.43it/s
2025-11-26 10:05:36,247 epoch=98	global_step=79900	acc=0.7188	acc_avg=0.7652	loss=1.0705	loss_avg=0.9046	lr=0.0000	|gn|=7.5174	time=3.44it/s
2025-11-26 10:06:06,818 ====================Eval Epoch 98====================
2025-11-26 10:06:09,348 epoch=98	global_step=31	acc=0.3750	acc_avg=0.5800	acc5=0.8750	acc5_avg=0.8250	loss=1.9003	loss_avg=1.7236	time=78.29it/s
2025-11-26 10:06:09,349 Eval Loss:1.7236	Eval acc: 58.00
2025-11-26 10:06:09,349 
2025-11-26 10:06:09,349 ====================Training Epoch 99====================
2025-11-26 10:06:12,877 epoch=99	global_step=80000	acc=0.5625	acc_avg=0.7535	loss=1.2454	loss_avg=0.8669	lr=0.0000	|gn|=7.0170	time=3.42it/s
2025-11-26 10:06:45,874 epoch=99	global_step=80100	acc=0.7812	acc_avg=0.7626	loss=0.6241	loss_avg=0.8751	lr=0.0000	|gn|=6.2048	time=3.43it/s
2025-11-26 10:07:18,803 epoch=99	global_step=80200	acc=0.8438	acc_avg=0.7608	loss=0.6567	loss_avg=0.8907	lr=0.0000	|gn|=5.1513	time=3.43it/s
2025-11-26 10:07:51,709 epoch=99	global_step=80300	acc=0.8750	acc_avg=0.7635	loss=0.7061	loss_avg=0.8984	lr=0.0000	|gn|=5.3669	time=3.44it/s
2025-11-26 10:08:24,534 epoch=99	global_step=80400	acc=0.8438	acc_avg=0.7643	loss=0.9117	loss_avg=0.8986	lr=0.0000	|gn|=5.6772	time=3.44it/s
2025-11-26 10:08:57,413 epoch=99	global_step=80500	acc=0.7500	acc_avg=0.7634	loss=1.0679	loss_avg=0.9037	lr=0.0000	|gn|=7.0662	time=3.44it/s
2025-11-26 10:09:30,274 epoch=99	global_step=80600	acc=0.8438	acc_avg=0.7627	loss=0.7832	loss_avg=0.9089	lr=0.0000	|gn|=7.0005	time=3.44it/s
2025-11-26 10:10:03,119 epoch=99	global_step=80700	acc=0.7188	acc_avg=0.7637	loss=1.0006	loss_avg=0.9052	lr=0.0000	|gn|=7.6093	time=3.44it/s
2025-11-26 10:10:35,688 ====================Eval Epoch 99====================
2025-11-26 10:10:38,216 epoch=99	global_step=31	acc=0.3750	acc_avg=0.5840	acc5=1.0000	acc5_avg=0.8180	loss=1.6425	loss_avg=1.9371	time=78.53it/s
2025-11-26 10:10:38,216 Eval Loss:1.9371	Eval acc: 58.40
2025-11-26 10:10:38,246 Running Cost 0.32 Days 

