2025-11-26 02:25:42,512 PyTorch Version: 2.6.0
2025-11-26 02:25:42,536 GPU List: ['NVIDIA L40S']
2025-11-26 02:25:42,542 num_classes: 100
2025-11-26 02:25:42,542 epochs: 100
2025-11-26 02:25:42,542 grad_clip: 5.0
2025-11-26 02:25:42,542 log_frequency: 100
2025-11-26 02:25:42,542 model: {'name': 'ResNet18', 'num_classes': 100}
2025-11-26 02:25:42,542 criterion: {'name': 'CrossEntropyLoss'}
2025-11-26 02:25:42,542 optimizer: {'name': 'SGD', 'lr': 0.01, 'weight_decay': 5e-05, 'momentum': 0.9}
2025-11-26 02:25:42,542 scheduler: {'name': 'CosineAnnealingLR', 'T_max': 100, 'eta_min': 0.0}
2025-11-26 02:25:42,542 dataset: {'name': 'DatasetGenerator', 'train_batch_size': 128, 'eval_batch_size': 128}
2025-11-26 02:25:42,544 seed: 0
2025-11-26 02:25:42,544 version: resnet18
2025-11-26 02:25:42,544 exp_name: experiment/classwise/model_training2025-11-26 02:25:42.507707
2025-11-26 02:25:42,544 config_path: configs/imagenet-mini
2025-11-26 02:25:42,545 load_model: False
2025-11-26 02:25:42,545 data_parallel: False
2025-11-26 02:25:42,545 train: True
2025-11-26 02:25:42,545 save_frequency: -1
2025-11-26 02:25:42,545 train_face: False
2025-11-26 02:25:42,545 train_portion: 1.0
2025-11-26 02:25:42,545 train_batch_size: 32
2025-11-26 02:25:42,545 eval_batch_size: 32
2025-11-26 02:25:42,545 num_of_workers: 6
2025-11-26 02:25:42,545 train_data_type: ImageNetMini
2025-11-26 02:25:42,545 test_data_type: ImageNetMini
2025-11-26 02:25:42,545 train_data_path: ../datasets
2025-11-26 02:25:42,545 test_data_path: ../datasets
2025-11-26 02:25:42,545 perturb_type: classwise
2025-11-26 02:25:42,545 patch_location: center
2025-11-26 02:25:42,545 poison_rate: 1.0
2025-11-26 02:25:42,545 perturb_tensor_filepath: 
2025-11-26 02:25:42,545 generator_filepath:./LSP/cifar10_samplewise_saved_perturbation.pt
2025-11-26 02:25:42,545 use_generator: False
2025-11-26 02:25:42,545 gue: False
2025-11-26 02:25:42,546 filter_type: low
2025-11-26 02:25:42,546 cutoff: 0.5
2025-11-26 02:25:42,546 img_denoise: 40
2025-11-26 02:25:42,546 jpeg_defense: True
2025-11-26 02:26:10,303 Training Dataset: Dataset ImageNetMini
    Number of datapoints: 25878
    Root location: ../datasets/ImageNet
    Split: train
    StandardTransform
Transform: Compose(
               Resize(size=224, interpolation=bilinear, max_size=None, antialias=True)
               RandomResizedCrop(size=(224, 224), scale=(0.08, 1.0), ratio=(0.75, 1.3333), interpolation=bilinear, antialias=True)
               RandomHorizontalFlip(p=0.5)
               ColorJitter(brightness=(0.6, 1.4), contrast=(0.6, 1.4), saturation=(0.6, 1.4), hue=(-0.2, 0.2))
               ToTensor()
           )
2025-11-26 02:26:10,304 Test Dataset: Dataset ImageNetMini
    Number of datapoints: 1000
    Root location: ../datasets/ImageNet
    Split: val
    StandardTransform
Transform: Compose(
               Resize(size=224, interpolation=bilinear, max_size=None, antialias=True)
               CenterCrop(size=(224, 224))
               ToTensor()
           )
2025-11-26 02:26:10,308 param size = 11.220132MB
2025-11-26 02:26:10,311 
2025-11-26 02:26:10,311 ====================Training Epoch 0====================
train_dataset
2025-11-26 02:26:14,772 epoch=0	global_step=0	acc=0.0000	acc_avg=0.0000	loss=4.6198	loss_avg=4.6198	lr=0.0100	|gn|=10.1110	time=0.29it/s
2025-11-26 02:26:47,645 epoch=0	global_step=100	acc=0.0000	acc_avg=0.0164	loss=4.7047	loss_avg=4.7302	lr=0.0100	|gn|=3.4631	time=3.44it/s
2025-11-26 02:27:20,765 epoch=0	global_step=200	acc=0.0000	acc_avg=0.0179	loss=4.5728	loss_avg=4.6660	lr=0.0100	|gn|=2.7898	time=3.42it/s
2025-11-26 02:27:53,955 epoch=0	global_step=300	acc=0.0312	acc_avg=0.0201	loss=4.6419	loss_avg=4.6305	lr=0.0100	|gn|=2.9675	time=3.42it/s
2025-11-26 02:28:27,269 epoch=0	global_step=400	acc=0.0625	acc_avg=0.0218	loss=4.4377	loss_avg=4.6067	lr=0.0100	|gn|=2.1665	time=3.41it/s
2025-11-26 02:29:00,507 epoch=0	global_step=500	acc=0.0312	acc_avg=0.0219	loss=4.4908	loss_avg=4.5867	lr=0.0100	|gn|=2.0400	time=3.41it/s
2025-11-26 02:29:33,828 epoch=0	global_step=600	acc=0.0938	acc_avg=0.0224	loss=4.4332	loss_avg=4.5703	lr=0.0100	|gn|=1.7302	time=3.41it/s
2025-11-26 02:30:07,051 epoch=0	global_step=700	acc=0.0312	acc_avg=0.0229	loss=4.4866	loss_avg=4.5556	lr=0.0100	|gn|=2.3733	time=3.41it/s
2025-11-26 02:30:40,350 epoch=0	global_step=800	acc=0.0625	acc_avg=0.0233	loss=4.4206	loss_avg=4.5459	lr=0.0100	|gn|=1.9556	time=3.42it/s
2025-11-26 02:30:42,701 ====================Eval Epoch 0====================
2025-11-26 02:30:45,554 epoch=0	global_step=31	acc=0.0000	acc_avg=0.0320	acc5=0.0000	acc5_avg=0.1350	loss=4.7181	loss_avg=5.7979	time=3.30it/s
2025-11-26 02:30:45,555 Eval Loss:5.7979	Eval acc: 3.20
2025-11-26 02:30:45,555 
2025-11-26 02:30:45,555 ====================Training Epoch 1====================
2025-11-26 02:31:17,824 epoch=1	global_step=900	acc=0.0312	acc_avg=0.0286	loss=4.3870	loss_avg=4.4612	lr=0.0100	|gn|=1.5718	time=3.41it/s
2025-11-26 02:31:51,719 epoch=1	global_step=1000	acc=0.0312	acc_avg=0.0301	loss=4.4768	loss_avg=4.4397	lr=0.0100	|gn|=2.0430	time=3.39it/s
2025-11-26 02:32:25,704 epoch=1	global_step=1100	acc=0.0000	acc_avg=0.0303	loss=4.7032	loss_avg=4.4305	lr=0.0100	|gn|=2.1850	time=3.42it/s
2025-11-26 02:32:59,649 epoch=1	global_step=1200	acc=0.0000	acc_avg=0.0304	loss=4.7229	loss_avg=4.4258	lr=0.0100	|gn|=1.9550	time=3.39it/s
2025-11-26 02:33:33,499 epoch=1	global_step=1300	acc=0.0312	acc_avg=0.0320	loss=4.2603	loss_avg=4.4226	lr=0.0100	|gn|=1.7861	time=3.40it/s
2025-11-26 02:34:07,434 epoch=1	global_step=1400	acc=0.0938	acc_avg=0.0325	loss=4.2010	loss_avg=4.4206	lr=0.0100	|gn|=1.6515	time=3.40it/s
2025-11-26 02:34:41,455 epoch=1	global_step=1500	acc=0.0000	acc_avg=0.0335	loss=4.2909	loss_avg=4.4139	lr=0.0100	|gn|=2.1353	time=3.40it/s
2025-11-26 02:35:15,492 epoch=1	global_step=1600	acc=0.0625	acc_avg=0.0345	loss=4.3084	loss_avg=4.4111	lr=0.0100	|gn|=1.4599	time=3.40it/s
2025-11-26 02:35:20,614 ====================Eval Epoch 1====================
2025-11-26 02:35:23,202 epoch=1	global_step=31	acc=0.0000	acc_avg=0.0470	acc5=0.0000	acc5_avg=0.1860	loss=4.6785	loss_avg=5.3107	time=78.05it/s
2025-11-26 02:35:23,202 Eval Loss:5.3107	Eval acc: 4.70
2025-11-26 02:35:23,203 
2025-11-26 02:35:23,203 ====================Training Epoch 2====================
2025-11-26 02:35:52,533 epoch=2	global_step=1700	acc=0.0312	acc_avg=0.0482	loss=4.2714	loss_avg=4.3319	lr=0.0100	|gn|=2.3423	time=3.42it/s
2025-11-26 02:36:26,171 epoch=2	global_step=1800	acc=0.0312	acc_avg=0.0451	loss=4.5175	loss_avg=4.3431	lr=0.0100	|gn|=1.9753	time=3.41it/s
2025-11-26 02:36:59,646 epoch=2	global_step=1900	acc=0.0000	acc_avg=0.0416	loss=4.5737	loss_avg=4.3491	lr=0.0100	|gn|=2.0294	time=3.40it/s
2025-11-26 02:37:33,378 epoch=2	global_step=2000	acc=0.0000	acc_avg=0.0435	loss=4.4027	loss_avg=4.3483	lr=0.0100	|gn|=1.9097	time=3.41it/s
2025-11-26 02:38:06,805 epoch=2	global_step=2100	acc=0.0625	acc_avg=0.0425	loss=4.2698	loss_avg=4.3521	lr=0.0100	|gn|=1.8461	time=3.40it/s
2025-11-26 02:38:40,528 epoch=2	global_step=2200	acc=0.0312	acc_avg=0.0417	loss=4.1704	loss_avg=4.3488	lr=0.0100	|gn|=1.8889	time=3.42it/s
2025-11-26 02:39:14,152 epoch=2	global_step=2300	acc=0.0938	acc_avg=0.0410	loss=4.1577	loss_avg=4.3447	lr=0.0100	|gn|=2.0576	time=3.39it/s
2025-11-26 02:39:47,695 epoch=2	global_step=2400	acc=0.0312	acc_avg=0.0406	loss=4.3674	loss_avg=4.3426	lr=0.0100	|gn|=1.6544	time=3.41it/s
2025-11-26 02:39:55,460 ====================Eval Epoch 2====================
2025-11-26 02:39:58,028 epoch=2	global_step=31	acc=0.0000	acc_avg=0.0510	acc5=0.0000	acc5_avg=0.1900	loss=5.8394	loss_avg=5.5772	time=77.90it/s
2025-11-26 02:39:58,029 Eval Loss:5.5772	Eval acc: 5.10
2025-11-26 02:39:58,029 
2025-11-26 02:39:58,029 ====================Training Epoch 3====================
2025-11-26 02:40:24,478 epoch=3	global_step=2500	acc=0.0312	acc_avg=0.0426	loss=4.4051	loss_avg=4.3037	lr=0.0100	|gn|=2.1303	time=3.41it/s
2025-11-26 02:40:58,021 epoch=3	global_step=2600	acc=0.1250	acc_avg=0.0445	loss=4.1556	loss_avg=4.3043	lr=0.0100	|gn|=2.0512	time=3.42it/s
2025-11-26 02:41:31,581 epoch=3	global_step=2700	acc=0.1250	acc_avg=0.0482	loss=4.1284	loss_avg=4.3009	lr=0.0100	|gn|=1.8928	time=3.41it/s
2025-11-26 02:42:05,249 epoch=3	global_step=2800	acc=0.0312	acc_avg=0.0492	loss=4.3897	loss_avg=4.2901	lr=0.0100	|gn|=2.0328	time=3.39it/s
2025-11-26 02:42:38,777 epoch=3	global_step=2900	acc=0.0625	acc_avg=0.0501	loss=4.0169	loss_avg=4.2920	lr=0.0100	|gn|=1.7235	time=3.41it/s
2025-11-26 02:43:12,256 epoch=3	global_step=3000	acc=0.0938	acc_avg=0.0506	loss=4.2309	loss_avg=4.2865	lr=0.0100	|gn|=2.0266	time=3.42it/s
2025-11-26 02:43:45,783 epoch=3	global_step=3100	acc=0.0000	acc_avg=0.0504	loss=4.2682	loss_avg=4.2859	lr=0.0100	|gn|=1.8931	time=3.40it/s
2025-11-26 02:44:19,368 epoch=3	global_step=3200	acc=0.0625	acc_avg=0.0502	loss=4.2254	loss_avg=4.2846	lr=0.0100	|gn|=1.7107	time=3.42it/s
2025-11-26 02:44:29,860 ====================Eval Epoch 3====================
2025-11-26 02:44:32,399 epoch=3	global_step=31	acc=0.0000	acc_avg=0.0590	acc5=0.1250	acc5_avg=0.1950	loss=4.2550	loss_avg=4.3803	time=78.07it/s
2025-11-26 02:44:32,399 Eval Loss:4.3803	Eval acc: 5.90
2025-11-26 02:44:32,399 
2025-11-26 02:44:32,400 ====================Training Epoch 4====================
2025-11-26 02:44:56,484 epoch=4	global_step=3300	acc=0.1562	acc_avg=0.0566	loss=4.0304	loss_avg=4.2568	lr=0.0100	|gn|=1.6371	time=3.39it/s
2025-11-26 02:45:30,276 epoch=4	global_step=3400	acc=0.0625	acc_avg=0.0584	loss=4.3577	loss_avg=4.2490	lr=0.0100	|gn|=1.9759	time=3.42it/s
2025-11-26 02:46:04,123 epoch=4	global_step=3500	acc=0.0625	acc_avg=0.0554	loss=4.2750	loss_avg=4.2461	lr=0.0100	|gn|=2.3710	time=3.42it/s
2025-11-26 02:46:37,856 epoch=4	global_step=3600	acc=0.0625	acc_avg=0.0546	loss=4.2816	loss_avg=4.2433	lr=0.0100	|gn|=1.5047	time=3.42it/s
2025-11-26 02:47:11,439 epoch=4	global_step=3700	acc=0.0312	acc_avg=0.0554	loss=4.1896	loss_avg=4.2356	lr=0.0100	|gn|=2.0687	time=3.42it/s
2025-11-26 02:47:45,323 epoch=4	global_step=3800	acc=0.0625	acc_avg=0.0559	loss=4.3111	loss_avg=4.2347	lr=0.0100	|gn|=1.6722	time=3.42it/s
2025-11-26 02:48:19,245 epoch=4	global_step=3900	acc=0.0312	acc_avg=0.0567	loss=4.2229	loss_avg=4.2287	lr=0.0100	|gn|=2.3090	time=3.42it/s
2025-11-26 02:48:53,096 epoch=4	global_step=4000	acc=0.0312	acc_avg=0.0573	loss=4.3605	loss_avg=4.2232	lr=0.0100	|gn|=2.5920	time=3.40it/s
2025-11-26 02:49:06,313 ====================Eval Epoch 4====================
2025-11-26 02:49:08,845 epoch=4	global_step=31	acc=0.0000	acc_avg=0.0720	acc5=0.2500	acc5_avg=0.2610	loss=4.2264	loss_avg=4.0845	time=77.84it/s
2025-11-26 02:49:08,845 Eval Loss:4.0845	Eval acc: 7.20
2025-11-26 02:49:08,845 
2025-11-26 02:49:08,846 ====================Training Epoch 5====================
2025-11-26 02:49:29,962 epoch=5	global_step=4100	acc=0.0625	acc_avg=0.0640	loss=4.2187	loss_avg=4.1744	lr=0.0099	|gn|=2.1925	time=3.42it/s
2025-11-26 02:50:03,564 epoch=5	global_step=4200	acc=0.1250	acc_avg=0.0594	loss=4.1228	loss_avg=4.1746	lr=0.0099	|gn|=2.1340	time=3.41it/s
2025-11-26 02:50:37,138 epoch=5	global_step=4300	acc=0.0312	acc_avg=0.0621	loss=4.2906	loss_avg=4.1681	lr=0.0099	|gn|=2.5622	time=3.41it/s
2025-11-26 02:51:10,700 epoch=5	global_step=4400	acc=0.0625	acc_avg=0.0623	loss=4.0375	loss_avg=4.1637	lr=0.0099	|gn|=2.3730	time=3.42it/s
2025-11-26 02:51:44,516 epoch=5	global_step=4500	acc=0.0312	acc_avg=0.0640	loss=4.2276	loss_avg=4.1557	lr=0.0099	|gn|=2.3476	time=3.41it/s
2025-11-26 02:52:18,231 epoch=5	global_step=4600	acc=0.0000	acc_avg=0.0638	loss=4.3136	loss_avg=4.1570	lr=0.0099	|gn|=1.9261	time=3.41it/s
2025-11-26 02:52:51,939 epoch=5	global_step=4700	acc=0.0000	acc_avg=0.0652	loss=4.1721	loss_avg=4.1546	lr=0.0099	|gn|=1.9788	time=3.42it/s
2025-11-26 02:53:25,730 epoch=5	global_step=4800	acc=0.0938	acc_avg=0.0671	loss=3.9944	loss_avg=4.1465	lr=0.0099	|gn|=2.2580	time=3.42it/s
2025-11-26 02:53:41,685 ====================Eval Epoch 5====================
2025-11-26 02:53:44,227 epoch=5	global_step=31	acc=0.0000	acc_avg=0.0950	acc5=0.1250	acc5_avg=0.2730	loss=4.9642	loss_avg=4.1226	time=78.15it/s
2025-11-26 02:53:44,228 Eval Loss:4.1226	Eval acc: 9.50
2025-11-26 02:53:44,228 
2025-11-26 02:53:44,228 ====================Training Epoch 6====================
2025-11-26 02:54:02,417 epoch=6	global_step=4900	acc=0.0938	acc_avg=0.0778	loss=3.6523	loss_avg=4.0735	lr=0.0099	|gn|=2.6796	time=3.42it/s
2025-11-26 02:54:35,590 epoch=6	global_step=5000	acc=0.0938	acc_avg=0.0790	loss=3.9986	loss_avg=4.0755	lr=0.0099	|gn|=1.9521	time=3.42it/s
2025-11-26 02:55:08,773 epoch=6	global_step=5100	acc=0.0312	acc_avg=0.0797	loss=4.2323	loss_avg=4.0902	lr=0.0099	|gn|=2.0638	time=3.41it/s
2025-11-26 02:55:41,969 epoch=6	global_step=5200	acc=0.1562	acc_avg=0.0827	loss=4.1103	loss_avg=4.0764	lr=0.0099	|gn|=2.4618	time=3.42it/s
2025-11-26 02:56:15,170 epoch=6	global_step=5300	acc=0.0938	acc_avg=0.0816	loss=3.8776	loss_avg=4.0719	lr=0.0099	|gn|=2.4019	time=3.41it/s
2025-11-26 02:56:48,362 epoch=6	global_step=5400	acc=0.0625	acc_avg=0.0802	loss=4.4982	loss_avg=4.0719	lr=0.0099	|gn|=2.9299	time=3.41it/s
2025-11-26 02:57:21,557 epoch=6	global_step=5500	acc=0.0625	acc_avg=0.0792	loss=3.9882	loss_avg=4.0749	lr=0.0099	|gn|=2.3509	time=3.41it/s
2025-11-26 02:57:54,744 epoch=6	global_step=5600	acc=0.0938	acc_avg=0.0789	loss=3.9612	loss_avg=4.0739	lr=0.0099	|gn|=2.1696	time=3.41it/s
2025-11-26 02:58:13,052 ====================Eval Epoch 6====================
2025-11-26 02:58:15,564 epoch=6	global_step=31	acc=0.0000	acc_avg=0.1050	acc5=0.3750	acc5_avg=0.3120	loss=4.2787	loss_avg=3.8985	time=78.04it/s
2025-11-26 02:58:15,564 Eval Loss:3.8985	Eval acc: 10.50
2025-11-26 02:58:15,564 
2025-11-26 02:58:15,564 ====================Training Epoch 7====================
2025-11-26 02:58:31,260 epoch=7	global_step=5700	acc=0.0625	acc_avg=0.0799	loss=4.2365	loss_avg=4.0231	lr=0.0099	|gn|=2.1770	time=3.41it/s
2025-11-26 02:59:04,755 epoch=7	global_step=5800	acc=0.0312	acc_avg=0.0836	loss=3.9387	loss_avg=4.0275	lr=0.0099	|gn|=2.6592	time=3.42it/s
2025-11-26 02:59:38,285 epoch=7	global_step=5900	acc=0.0938	acc_avg=0.0843	loss=3.8827	loss_avg=4.0241	lr=0.0099	|gn|=2.7177	time=3.41it/s
2025-11-26 03:00:11,769 epoch=7	global_step=6000	acc=0.1562	acc_avg=0.0852	loss=3.7366	loss_avg=4.0155	lr=0.0099	|gn|=2.7345	time=3.39it/s
2025-11-26 03:00:45,339 epoch=7	global_step=6100	acc=0.0938	acc_avg=0.0852	loss=3.8935	loss_avg=4.0135	lr=0.0099	|gn|=2.4866	time=3.41it/s
2025-11-26 03:01:18,776 epoch=7	global_step=6200	acc=0.1562	acc_avg=0.0851	loss=3.8533	loss_avg=4.0074	lr=0.0099	|gn|=2.3262	time=3.41it/s
2025-11-26 03:01:52,292 epoch=7	global_step=6300	acc=0.0000	acc_avg=0.0864	loss=4.0661	loss_avg=3.9947	lr=0.0099	|gn|=2.7246	time=3.41it/s
2025-11-26 03:02:25,792 epoch=7	global_step=6400	acc=0.0312	acc_avg=0.0865	loss=3.9085	loss_avg=3.9916	lr=0.0099	|gn|=2.5429	time=3.42it/s
2025-11-26 03:02:46,956 ====================Eval Epoch 7====================
2025-11-26 03:02:49,512 epoch=7	global_step=31	acc=0.2500	acc_avg=0.0990	acc5=0.5000	acc5_avg=0.3420	loss=3.5278	loss_avg=3.9333	time=77.53it/s
2025-11-26 03:02:49,513 Eval Loss:3.9333	Eval acc: 9.90
2025-11-26 03:02:49,513 
2025-11-26 03:02:49,513 ====================Training Epoch 8====================
2025-11-26 03:03:02,386 epoch=8	global_step=6500	acc=0.1875	acc_avg=0.1064	loss=3.5966	loss_avg=3.9137	lr=0.0098	|gn|=2.7540	time=3.41it/s
2025-11-26 03:03:35,572 epoch=8	global_step=6600	acc=0.0938	acc_avg=0.0988	loss=3.9681	loss_avg=3.9204	lr=0.0098	|gn|=2.9203	time=3.41it/s
2025-11-26 03:04:08,749 epoch=8	global_step=6700	acc=0.0938	acc_avg=0.0973	loss=4.0231	loss_avg=3.9275	lr=0.0098	|gn|=2.5883	time=3.41it/s
2025-11-26 03:04:41,932 epoch=8	global_step=6800	acc=0.0938	acc_avg=0.0961	loss=4.1683	loss_avg=3.9257	lr=0.0098	|gn|=2.8508	time=3.41it/s
2025-11-26 03:05:15,115 epoch=8	global_step=6900	acc=0.1875	acc_avg=0.0966	loss=3.8175	loss_avg=3.9196	lr=0.0098	|gn|=2.6732	time=3.41it/s
2025-11-26 03:05:48,300 epoch=8	global_step=7000	acc=0.1250	acc_avg=0.0958	loss=3.7467	loss_avg=3.9209	lr=0.0098	|gn|=2.1317	time=3.41it/s
2025-11-26 03:06:21,503 epoch=8	global_step=7100	acc=0.2188	acc_avg=0.0957	loss=3.4736	loss_avg=3.9223	lr=0.0098	|gn|=2.6582	time=3.41it/s
2025-11-26 03:06:54,705 epoch=8	global_step=7200	acc=0.1562	acc_avg=0.0982	loss=3.4382	loss_avg=3.9145	lr=0.0098	|gn|=2.7699	time=3.41it/s
2025-11-26 03:07:18,327 ====================Eval Epoch 8====================
2025-11-26 03:07:20,832 epoch=8	global_step=31	acc=0.1250	acc_avg=0.1510	acc5=0.2500	acc5_avg=0.3870	loss=4.3791	loss_avg=3.6492	time=78.05it/s
2025-11-26 03:07:20,833 Eval Loss:3.6492	Eval acc: 15.10
2025-11-26 03:07:20,833 
2025-11-26 03:07:20,833 ====================Training Epoch 9====================
2025-11-26 03:07:31,190 epoch=9	global_step=7300	acc=0.0625	acc_avg=0.1175	loss=3.9386	loss_avg=3.7708	lr=0.0098	|gn|=2.8851	time=3.41it/s
2025-11-26 03:08:04,538 epoch=9	global_step=7400	acc=0.2188	acc_avg=0.1112	loss=3.6845	loss_avg=3.8426	lr=0.0098	|gn|=2.6454	time=3.41it/s
2025-11-26 03:08:38,022 epoch=9	global_step=7500	acc=0.0938	acc_avg=0.1093	loss=4.0286	loss_avg=3.8562	lr=0.0098	|gn|=2.9431	time=3.41it/s
2025-11-26 03:09:11,565 epoch=9	global_step=7600	acc=0.0938	acc_avg=0.1104	loss=3.8473	loss_avg=3.8580	lr=0.0098	|gn|=2.3143	time=3.39it/s
2025-11-26 03:09:45,450 epoch=9	global_step=7700	acc=0.0625	acc_avg=0.1152	loss=3.8347	loss_avg=3.8395	lr=0.0098	|gn|=3.5041	time=3.41it/s
2025-11-26 03:10:19,040 epoch=9	global_step=7800	acc=0.0938	acc_avg=0.1152	loss=4.1172	loss_avg=3.8375	lr=0.0098	|gn|=2.7031	time=3.41it/s
2025-11-26 03:10:52,767 epoch=9	global_step=7900	acc=0.0938	acc_avg=0.1152	loss=3.8414	loss_avg=3.8307	lr=0.0098	|gn|=2.8565	time=3.41it/s
2025-11-26 03:11:26,439 epoch=9	global_step=8000	acc=0.0312	acc_avg=0.1148	loss=3.7074	loss_avg=3.8294	lr=0.0098	|gn|=2.9767	time=3.41it/s
2025-11-26 03:11:53,097 ====================Eval Epoch 9====================
2025-11-26 03:11:55,788 epoch=9	global_step=31	acc=0.1250	acc_avg=0.1420	acc5=0.2500	acc5_avg=0.3560	loss=4.0935	loss_avg=3.8035	time=77.79it/s
2025-11-26 03:11:55,789 Eval Loss:3.8035	Eval acc: 14.20
2025-11-26 03:11:55,789 
2025-11-26 03:11:55,789 ====================Training Epoch 10====================
2025-11-26 03:12:03,478 epoch=10	global_step=8100	acc=0.0938	acc_avg=0.1339	loss=3.7256	loss_avg=3.7203	lr=0.0098	|gn|=2.5782	time=3.41it/s
2025-11-26 03:12:37,240 epoch=10	global_step=8200	acc=0.2188	acc_avg=0.1240	loss=3.5482	loss_avg=3.7586	lr=0.0098	|gn|=2.7086	time=3.41it/s
2025-11-26 03:13:11,168 epoch=10	global_step=8300	acc=0.1562	acc_avg=0.1268	loss=3.4585	loss_avg=3.7456	lr=0.0098	|gn|=2.6609	time=3.41it/s
2025-11-26 03:13:45,100 epoch=10	global_step=8400	acc=0.1250	acc_avg=0.1253	loss=3.8685	loss_avg=3.7518	lr=0.0098	|gn|=3.1141	time=3.41it/s
2025-11-26 03:14:18,829 epoch=10	global_step=8500	acc=0.0938	acc_avg=0.1266	loss=3.9467	loss_avg=3.7427	lr=0.0098	|gn|=3.0126	time=3.41it/s
2025-11-26 03:14:52,507 epoch=10	global_step=8600	acc=0.2188	acc_avg=0.1298	loss=3.5987	loss_avg=3.7367	lr=0.0098	|gn|=2.9666	time=3.41it/s
2025-11-26 03:15:26,246 epoch=10	global_step=8700	acc=0.0625	acc_avg=0.1310	loss=3.9718	loss_avg=3.7291	lr=0.0098	|gn|=3.5035	time=3.39it/s
2025-11-26 03:16:00,098 epoch=10	global_step=8800	acc=0.1562	acc_avg=0.1297	loss=3.6729	loss_avg=3.7309	lr=0.0098	|gn|=3.1839	time=3.41it/s
2025-11-26 03:16:29,486 ====================Eval Epoch 10====================
2025-11-26 03:16:32,021 epoch=10	global_step=31	acc=0.1250	acc_avg=0.1360	acc5=0.3750	acc5_avg=0.4070	loss=3.7604	loss_avg=3.6634	time=77.73it/s
2025-11-26 03:16:32,021 Eval Loss:3.6634	Eval acc: 13.60
2025-11-26 03:16:32,022 
2025-11-26 03:16:32,022 ====================Training Epoch 11====================
2025-11-26 03:16:37,199 epoch=11	global_step=8900	acc=0.2188	acc_avg=0.1611	loss=3.6065	loss_avg=3.6667	lr=0.0097	|gn|=2.8307	time=3.38it/s
2025-11-26 03:17:11,193 epoch=11	global_step=9000	acc=0.0625	acc_avg=0.1482	loss=3.6595	loss_avg=3.6355	lr=0.0097	|gn|=3.2828	time=3.39it/s
2025-11-26 03:17:44,993 epoch=11	global_step=9100	acc=0.0938	acc_avg=0.1442	loss=3.6921	loss_avg=3.6633	lr=0.0097	|gn|=2.9109	time=3.41it/s
2025-11-26 03:18:18,560 epoch=11	global_step=9200	acc=0.0625	acc_avg=0.1478	loss=3.9521	loss_avg=3.6602	lr=0.0097	|gn|=3.6491	time=3.39it/s
2025-11-26 03:18:52,160 epoch=11	global_step=9300	acc=0.2188	acc_avg=0.1461	loss=3.5971	loss_avg=3.6596	lr=0.0097	|gn|=2.8192	time=3.39it/s
2025-11-26 03:19:25,787 epoch=11	global_step=9400	acc=0.1250	acc_avg=0.1452	loss=3.6225	loss_avg=3.6602	lr=0.0097	|gn|=3.1369	time=3.41it/s
2025-11-26 03:19:59,168 epoch=11	global_step=9500	acc=0.1250	acc_avg=0.1464	loss=3.5844	loss_avg=3.6462	lr=0.0097	|gn|=2.8858	time=3.41it/s
2025-11-26 03:20:32,507 epoch=11	global_step=9600	acc=0.0625	acc_avg=0.1466	loss=3.7412	loss_avg=3.6387	lr=0.0097	|gn|=2.9126	time=3.39it/s
2025-11-26 03:21:04,735 ====================Eval Epoch 11====================
2025-11-26 03:21:07,286 epoch=11	global_step=31	acc=0.1250	acc_avg=0.1650	acc5=0.3750	acc5_avg=0.4110	loss=4.4331	loss_avg=3.5483	time=78.02it/s
2025-11-26 03:21:07,286 Eval Loss:3.5483	Eval acc: 16.50
2025-11-26 03:21:07,287 
2025-11-26 03:21:07,287 ====================Training Epoch 12====================
2025-11-26 03:21:09,583 epoch=12	global_step=9700	acc=0.1250	acc_avg=0.1938	loss=3.5618	loss_avg=3.6456	lr=0.0096	|gn|=3.3792	time=3.40it/s
2025-11-26 03:21:43,490 epoch=12	global_step=9800	acc=0.0938	acc_avg=0.1583	loss=3.4298	loss_avg=3.5895	lr=0.0096	|gn|=3.8083	time=3.40it/s
2025-11-26 03:22:17,292 epoch=12	global_step=9900	acc=0.0938	acc_avg=0.1646	loss=3.6739	loss_avg=3.5772	lr=0.0096	|gn|=3.4044	time=3.40it/s
2025-11-26 03:22:51,062 epoch=12	global_step=10000	acc=0.1250	acc_avg=0.1607	loss=3.3028	loss_avg=3.5804	lr=0.0096	|gn|=3.1232	time=3.41it/s
2025-11-26 03:23:24,341 epoch=12	global_step=10100	acc=0.2188	acc_avg=0.1583	loss=3.4863	loss_avg=3.5832	lr=0.0096	|gn|=2.8870	time=3.39it/s
2025-11-26 03:23:58,199 epoch=12	global_step=10200	acc=0.2500	acc_avg=0.1592	loss=3.0690	loss_avg=3.5725	lr=0.0096	|gn|=2.5942	time=3.41it/s
2025-11-26 03:24:31,986 epoch=12	global_step=10300	acc=0.1875	acc_avg=0.1598	loss=3.1064	loss_avg=3.5684	lr=0.0096	|gn|=3.0633	time=3.39it/s
2025-11-26 03:25:05,756 epoch=12	global_step=10400	acc=0.2500	acc_avg=0.1597	loss=3.8317	loss_avg=3.5660	lr=0.0096	|gn|=3.3549	time=3.39it/s
2025-11-26 03:25:39,492 epoch=12	global_step=10500	acc=0.2188	acc_avg=0.1624	loss=3.4570	loss_avg=3.5571	lr=0.0096	|gn|=3.3371	time=3.39it/s
2025-11-26 03:25:40,577 ====================Eval Epoch 12====================
2025-11-26 03:25:43,160 epoch=12	global_step=31	acc=0.1250	acc_avg=0.1950	acc5=0.5000	acc5_avg=0.4810	loss=3.4661	loss_avg=3.3632	time=77.97it/s
2025-11-26 03:25:43,161 Eval Loss:3.3632	Eval acc: 19.50
2025-11-26 03:25:43,161 
2025-11-26 03:25:43,161 ====================Training Epoch 13====================
2025-11-26 03:26:16,417 epoch=13	global_step=10600	acc=0.2500	acc_avg=0.1849	loss=3.1612	loss_avg=3.4495	lr=0.0096	|gn|=2.6876	time=3.40it/s
2025-11-26 03:26:50,158 epoch=13	global_step=10700	acc=0.3125	acc_avg=0.1816	loss=2.9825	loss_avg=3.4666	lr=0.0096	|gn|=3.1463	time=3.42it/s
2025-11-26 03:27:23,921 epoch=13	global_step=10800	acc=0.1875	acc_avg=0.1762	loss=3.5152	loss_avg=3.4799	lr=0.0096	|gn|=3.6058	time=3.40it/s
2025-11-26 03:27:57,620 epoch=13	global_step=10900	acc=0.0625	acc_avg=0.1737	loss=3.5892	loss_avg=3.4785	lr=0.0096	|gn|=3.6472	time=3.42it/s
2025-11-26 03:28:31,244 epoch=13	global_step=11000	acc=0.2500	acc_avg=0.1771	loss=2.9466	loss_avg=3.4755	lr=0.0096	|gn|=2.7386	time=3.40it/s
2025-11-26 03:29:04,915 epoch=13	global_step=11100	acc=0.2500	acc_avg=0.1788	loss=3.4094	loss_avg=3.4693	lr=0.0096	|gn|=3.3166	time=3.42it/s
2025-11-26 03:29:38,493 epoch=13	global_step=11200	acc=0.1875	acc_avg=0.1782	loss=3.2220	loss_avg=3.4724	lr=0.0096	|gn|=3.3005	time=3.39it/s
2025-11-26 03:30:12,112 epoch=13	global_step=11300	acc=0.0938	acc_avg=0.1779	loss=3.6215	loss_avg=3.4718	lr=0.0096	|gn|=3.3097	time=3.42it/s
2025-11-26 03:30:15,839 ====================Eval Epoch 13====================
2025-11-26 03:30:18,325 epoch=13	global_step=31	acc=0.1250	acc_avg=0.1790	acc5=0.3750	acc5_avg=0.4570	loss=4.2547	loss_avg=3.4640	time=78.08it/s
2025-11-26 03:30:18,325 Eval Loss:3.4640	Eval acc: 17.90
2025-11-26 03:30:18,325 
2025-11-26 03:30:18,325 ====================Training Epoch 14====================
2025-11-26 03:30:49,068 epoch=14	global_step=11400	acc=0.3438	acc_avg=0.1857	loss=2.9541	loss_avg=3.4402	lr=0.0095	|gn|=2.7396	time=3.43it/s
2025-11-26 03:31:22,911 epoch=14	global_step=11500	acc=0.1250	acc_avg=0.1870	loss=3.4510	loss_avg=3.4212	lr=0.0095	|gn|=3.2409	time=3.41it/s
2025-11-26 03:31:56,866 epoch=14	global_step=11600	acc=0.1250	acc_avg=0.1892	loss=3.4753	loss_avg=3.4146	lr=0.0095	|gn|=3.1345	time=3.42it/s
2025-11-26 03:32:30,801 epoch=14	global_step=11700	acc=0.1875	acc_avg=0.1922	loss=3.5342	loss_avg=3.4051	lr=0.0095	|gn|=2.9781	time=3.40it/s
2025-11-26 03:33:04,719 epoch=14	global_step=11800	acc=0.2188	acc_avg=0.1928	loss=3.3627	loss_avg=3.3920	lr=0.0095	|gn|=2.9803	time=3.40it/s
2025-11-26 03:33:38,713 epoch=14	global_step=11900	acc=0.1562	acc_avg=0.1922	loss=3.4375	loss_avg=3.3947	lr=0.0095	|gn|=3.3781	time=3.42it/s
2025-11-26 03:34:12,666 epoch=14	global_step=12000	acc=0.2188	acc_avg=0.1929	loss=3.4886	loss_avg=3.3971	lr=0.0095	|gn|=3.5611	time=3.40it/s
2025-11-26 03:34:46,770 epoch=14	global_step=12100	acc=0.1875	acc_avg=0.1926	loss=3.2871	loss_avg=3.3969	lr=0.0095	|gn|=3.2558	time=3.41it/s
2025-11-26 03:34:53,345 ====================Eval Epoch 14====================
2025-11-26 03:34:55,858 epoch=14	global_step=31	acc=0.1250	acc_avg=0.2430	acc5=0.3750	acc5_avg=0.5160	loss=4.0233	loss_avg=3.1771	time=77.60it/s
2025-11-26 03:34:55,858 Eval Loss:3.1771	Eval acc: 24.30
2025-11-26 03:34:55,861 
2025-11-26 03:34:55,861 ====================Training Epoch 15====================
2025-11-26 03:35:24,280 epoch=15	global_step=12200	acc=0.2188	acc_avg=0.2033	loss=3.2900	loss_avg=3.2647	lr=0.0095	|gn|=3.3855	time=3.40it/s
2025-11-26 03:35:58,510 epoch=15	global_step=12300	acc=0.2188	acc_avg=0.2023	loss=3.2017	loss_avg=3.3187	lr=0.0095	|gn|=3.4304	time=3.39it/s
2025-11-26 03:36:32,803 epoch=15	global_step=12400	acc=0.1562	acc_avg=0.2043	loss=3.3537	loss_avg=3.3306	lr=0.0095	|gn|=3.2631	time=3.40it/s
2025-11-26 03:37:06,959 epoch=15	global_step=12500	acc=0.3438	acc_avg=0.2038	loss=3.0697	loss_avg=3.3292	lr=0.0095	|gn|=3.1200	time=3.41it/s
2025-11-26 03:37:41,105 epoch=15	global_step=12600	acc=0.3750	acc_avg=0.2059	loss=3.3445	loss_avg=3.3251	lr=0.0095	|gn|=3.1822	time=3.41it/s
2025-11-26 03:38:15,192 epoch=15	global_step=12700	acc=0.1562	acc_avg=0.2080	loss=3.4259	loss_avg=3.3155	lr=0.0095	|gn|=3.4132	time=3.41it/s
2025-11-26 03:38:49,321 epoch=15	global_step=12800	acc=0.2188	acc_avg=0.2067	loss=3.7040	loss_avg=3.3191	lr=0.0095	|gn|=3.9722	time=3.41it/s
2025-11-26 03:39:23,473 epoch=15	global_step=12900	acc=0.3125	acc_avg=0.2081	loss=2.8220	loss_avg=3.3134	lr=0.0095	|gn|=2.8348	time=3.41it/s
2025-11-26 03:39:32,674 ====================Eval Epoch 15====================
2025-11-26 03:39:35,206 epoch=15	global_step=31	acc=0.1250	acc_avg=0.2130	acc5=0.3750	acc5_avg=0.5340	loss=4.3077	loss_avg=3.1560	time=77.94it/s
2025-11-26 03:39:35,206 Eval Loss:3.1560	Eval acc: 21.30
2025-11-26 03:39:35,207 
2025-11-26 03:39:35,207 ====================Training Epoch 16====================
2025-11-26 03:40:00,767 epoch=16	global_step=13000	acc=0.2500	acc_avg=0.2200	loss=3.3903	loss_avg=3.2340	lr=0.0094	|gn|=3.1046	time=3.42it/s
2025-11-26 03:40:34,981 epoch=16	global_step=13100	acc=0.3750	acc_avg=0.2213	loss=3.0209	loss_avg=3.2316	lr=0.0094	|gn|=3.2005	time=3.41it/s
2025-11-26 03:41:09,155 epoch=16	global_step=13200	acc=0.2188	acc_avg=0.2212	loss=2.7670	loss_avg=3.2377	lr=0.0094	|gn|=3.1632	time=3.42it/s
2025-11-26 03:41:43,067 epoch=16	global_step=13300	acc=0.2500	acc_avg=0.2206	loss=3.2705	loss_avg=3.2461	lr=0.0094	|gn|=3.3783	time=3.39it/s
2025-11-26 03:42:17,323 epoch=16	global_step=13400	acc=0.2188	acc_avg=0.2212	loss=3.0191	loss_avg=3.2457	lr=0.0094	|gn|=3.2882	time=3.39it/s
2025-11-26 03:42:51,376 epoch=16	global_step=13500	acc=0.3438	acc_avg=0.2213	loss=3.0166	loss_avg=3.2454	lr=0.0094	|gn|=3.2936	time=3.42it/s
2025-11-26 03:43:25,497 epoch=16	global_step=13600	acc=0.2188	acc_avg=0.2198	loss=2.9838	loss_avg=3.2481	lr=0.0094	|gn|=3.4311	time=3.42it/s
2025-11-26 03:43:59,658 epoch=16	global_step=13700	acc=0.1562	acc_avg=0.2195	loss=3.3327	loss_avg=3.2471	lr=0.0094	|gn|=4.0333	time=3.40it/s
2025-11-26 03:44:11,673 ====================Eval Epoch 16====================
2025-11-26 03:44:14,306 epoch=16	global_step=31	acc=0.1250	acc_avg=0.2560	acc5=0.2500	acc5_avg=0.5400	loss=3.8514	loss_avg=3.0643	time=77.68it/s
2025-11-26 03:44:14,306 Eval Loss:3.0643	Eval acc: 25.60
2025-11-26 03:44:14,306 
2025-11-26 03:44:14,306 ====================Training Epoch 17====================
2025-11-26 03:44:37,039 epoch=17	global_step=13800	acc=0.2500	acc_avg=0.2308	loss=3.0214	loss_avg=3.1413	lr=0.0093	|gn|=3.6021	time=3.40it/s
2025-11-26 03:45:10,982 epoch=17	global_step=13900	acc=0.2812	acc_avg=0.2341	loss=3.0316	loss_avg=3.1600	lr=0.0093	|gn|=3.2118	time=3.40it/s
2025-11-26 03:45:44,862 epoch=17	global_step=14000	acc=0.1562	acc_avg=0.2370	loss=3.5027	loss_avg=3.1597	lr=0.0093	|gn|=3.4926	time=3.42it/s
2025-11-26 03:46:18,837 epoch=17	global_step=14100	acc=0.1875	acc_avg=0.2366	loss=3.1860	loss_avg=3.1639	lr=0.0093	|gn|=3.4290	time=3.42it/s
2025-11-26 03:46:52,815 epoch=17	global_step=14200	acc=0.1250	acc_avg=0.2337	loss=3.1909	loss_avg=3.1739	lr=0.0093	|gn|=3.2005	time=3.42it/s
2025-11-26 03:47:26,960 epoch=17	global_step=14300	acc=0.2188	acc_avg=0.2350	loss=2.9873	loss_avg=3.1739	lr=0.0093	|gn|=3.3120	time=3.42it/s
2025-11-26 03:48:00,989 epoch=17	global_step=14400	acc=0.2500	acc_avg=0.2351	loss=3.0344	loss_avg=3.1723	lr=0.0093	|gn|=3.4877	time=3.42it/s
2025-11-26 03:48:34,946 epoch=17	global_step=14500	acc=0.1875	acc_avg=0.2363	loss=3.2667	loss_avg=3.1691	lr=0.0093	|gn|=3.3302	time=3.42it/s
2025-11-26 03:48:49,633 ====================Eval Epoch 17====================
2025-11-26 03:48:52,126 epoch=17	global_step=31	acc=0.3750	acc_avg=0.2410	acc5=0.8750	acc5_avg=0.5430	loss=2.0754	loss_avg=3.1829	time=77.84it/s
2025-11-26 03:48:52,126 Eval Loss:3.1829	Eval acc: 24.10
2025-11-26 03:48:52,127 
2025-11-26 03:48:52,127 ====================Training Epoch 18====================
2025-11-26 03:49:12,075 epoch=18	global_step=14600	acc=0.1875	acc_avg=0.2352	loss=3.3855	loss_avg=3.1011	lr=0.0092	|gn|=3.9279	time=3.41it/s
2025-11-26 03:49:45,785 epoch=18	global_step=14700	acc=0.2500	acc_avg=0.2398	loss=3.0728	loss_avg=3.1248	lr=0.0092	|gn|=3.1617	time=3.40it/s
2025-11-26 03:50:19,684 epoch=18	global_step=14800	acc=0.2812	acc_avg=0.2415	loss=3.0121	loss_avg=3.1273	lr=0.0092	|gn|=3.3601	time=3.42it/s
2025-11-26 03:50:53,729 epoch=18	global_step=14900	acc=0.1562	acc_avg=0.2434	loss=3.2281	loss_avg=3.1277	lr=0.0092	|gn|=3.9586	time=3.40it/s
2025-11-26 03:51:27,625 epoch=18	global_step=15000	acc=0.2500	acc_avg=0.2473	loss=3.1139	loss_avg=3.1151	lr=0.0092	|gn|=3.5481	time=3.42it/s
2025-11-26 03:52:01,408 epoch=18	global_step=15100	acc=0.3125	acc_avg=0.2471	loss=2.8354	loss_avg=3.1131	lr=0.0092	|gn|=3.2926	time=3.41it/s
2025-11-26 03:52:35,253 epoch=18	global_step=15200	acc=0.2188	acc_avg=0.2474	loss=3.2358	loss_avg=3.1094	lr=0.0092	|gn|=3.4567	time=3.41it/s
2025-11-26 03:53:09,105 epoch=18	global_step=15300	acc=0.3125	acc_avg=0.2474	loss=3.0364	loss_avg=3.1058	lr=0.0092	|gn|=4.0169	time=3.42it/s
2025-11-26 03:53:26,467 ====================Eval Epoch 18====================
2025-11-26 03:53:28,998 epoch=18	global_step=31	acc=0.3750	acc_avg=0.2790	acc5=0.7500	acc5_avg=0.5840	loss=2.3071	loss_avg=2.9192	time=77.71it/s
2025-11-26 03:53:28,998 Eval Loss:2.9192	Eval acc: 27.90
2025-11-26 03:53:28,998 
2025-11-26 03:53:28,998 ====================Training Epoch 19====================
2025-11-26 03:53:46,130 epoch=19	global_step=15400	acc=0.2188	acc_avg=0.2564	loss=2.9142	loss_avg=3.0388	lr=0.0091	|gn|=3.5434	time=3.41it/s
2025-11-26 03:54:19,670 epoch=19	global_step=15500	acc=0.2188	acc_avg=0.2536	loss=3.1047	loss_avg=3.0424	lr=0.0091	|gn|=3.7705	time=3.42it/s
2025-11-26 03:54:53,206 epoch=19	global_step=15600	acc=0.2188	acc_avg=0.2574	loss=3.1391	loss_avg=3.0382	lr=0.0091	|gn|=3.8812	time=3.42it/s
2025-11-26 03:55:26,794 epoch=19	global_step=15700	acc=0.1250	acc_avg=0.2601	loss=3.9496	loss_avg=3.0374	lr=0.0091	|gn|=4.4218	time=3.42it/s
2025-11-26 03:56:00,473 epoch=19	global_step=15800	acc=0.2500	acc_avg=0.2596	loss=3.0916	loss_avg=3.0474	lr=0.0091	|gn|=3.9448	time=3.42it/s
2025-11-26 03:56:34,096 epoch=19	global_step=15900	acc=0.2812	acc_avg=0.2598	loss=3.0624	loss_avg=3.0475	lr=0.0091	|gn|=3.7515	time=3.42it/s
2025-11-26 03:57:07,708 epoch=19	global_step=16000	acc=0.3750	acc_avg=0.2621	loss=2.7256	loss_avg=3.0404	lr=0.0091	|gn|=3.2508	time=3.42it/s
2025-11-26 03:57:41,378 epoch=19	global_step=16100	acc=0.2812	acc_avg=0.2620	loss=3.3745	loss_avg=3.0384	lr=0.0091	|gn|=3.8323	time=3.41it/s
2025-11-26 03:58:01,307 ====================Eval Epoch 19====================
2025-11-26 03:58:03,832 epoch=19	global_step=31	acc=0.3750	acc_avg=0.2780	acc5=0.6250	acc5_avg=0.5860	loss=2.9006	loss_avg=2.9077	time=77.82it/s
2025-11-26 03:58:03,832 Eval Loss:2.9077	Eval acc: 27.80
2025-11-26 03:58:03,832 
2025-11-26 03:58:03,832 ====================Training Epoch 20====================
2025-11-26 03:58:18,331 epoch=20	global_step=16200	acc=0.1875	acc_avg=0.2698	loss=3.3204	loss_avg=3.0140	lr=0.0090	|gn|=3.9034	time=3.41it/s
2025-11-26 03:58:52,247 epoch=20	global_step=16300	acc=0.3438	acc_avg=0.2706	loss=2.7875	loss_avg=2.9728	lr=0.0090	|gn|=3.7186	time=3.39it/s
2025-11-26 03:59:25,900 epoch=20	global_step=16400	acc=0.2812	acc_avg=0.2787	loss=3.0406	loss_avg=2.9727	lr=0.0090	|gn|=3.5009	time=3.41it/s
2025-11-26 03:59:59,620 epoch=20	global_step=16500	acc=0.2188	acc_avg=0.2771	loss=3.3841	loss_avg=2.9822	lr=0.0090	|gn|=3.4122	time=3.40it/s
2025-11-26 04:00:33,346 epoch=20	global_step=16600	acc=0.2500	acc_avg=0.2766	loss=3.0113	loss_avg=2.9817	lr=0.0090	|gn|=3.9015	time=3.41it/s
2025-11-26 04:01:06,999 epoch=20	global_step=16700	acc=0.3125	acc_avg=0.2770	loss=3.0444	loss_avg=2.9785	lr=0.0090	|gn|=3.8692	time=3.41it/s
2025-11-26 04:01:40,697 epoch=20	global_step=16800	acc=0.1875	acc_avg=0.2767	loss=3.1654	loss_avg=2.9805	lr=0.0090	|gn|=3.7642	time=3.41it/s
2025-11-26 04:02:14,387 epoch=20	global_step=16900	acc=0.2812	acc_avg=0.2769	loss=3.0330	loss_avg=2.9790	lr=0.0090	|gn|=3.3543	time=3.42it/s
2025-11-26 04:02:37,089 ====================Eval Epoch 20====================
2025-11-26 04:02:39,628 epoch=20	global_step=31	acc=0.3750	acc_avg=0.2810	acc5=0.7500	acc5_avg=0.5860	loss=2.7878	loss_avg=2.9685	time=77.97it/s
2025-11-26 04:02:39,629 Eval Loss:2.9685	Eval acc: 28.10
2025-11-26 04:02:39,629 
2025-11-26 04:02:39,629 ====================Training Epoch 21====================
2025-11-26 04:02:51,305 epoch=21	global_step=17000	acc=0.3438	acc_avg=0.2670	loss=2.4557	loss_avg=2.9636	lr=0.0090	|gn|=3.0169	time=3.42it/s
2025-11-26 04:03:25,008 epoch=21	global_step=17100	acc=0.2812	acc_avg=0.2817	loss=2.5583	loss_avg=2.9264	lr=0.0090	|gn|=3.7113	time=3.41it/s
2025-11-26 04:03:58,763 epoch=21	global_step=17200	acc=0.4688	acc_avg=0.2822	loss=2.2466	loss_avg=2.9306	lr=0.0090	|gn|=3.0482	time=3.41it/s
2025-11-26 04:04:32,489 epoch=21	global_step=17300	acc=0.4062	acc_avg=0.2803	loss=2.5667	loss_avg=2.9413	lr=0.0090	|gn|=3.1259	time=3.41it/s
2025-11-26 04:05:06,299 epoch=21	global_step=17400	acc=0.1875	acc_avg=0.2827	loss=3.0608	loss_avg=2.9321	lr=0.0090	|gn|=3.9740	time=3.41it/s
2025-11-26 04:05:39,989 epoch=21	global_step=17500	acc=0.1250	acc_avg=0.2827	loss=3.0928	loss_avg=2.9261	lr=0.0090	|gn|=3.9466	time=3.41it/s
2025-11-26 04:06:13,633 epoch=21	global_step=17600	acc=0.4062	acc_avg=0.2827	loss=2.4693	loss_avg=2.9313	lr=0.0090	|gn|=3.6654	time=3.42it/s
2025-11-26 04:06:47,469 epoch=21	global_step=17700	acc=0.3125	acc_avg=0.2856	loss=2.9293	loss_avg=2.9245	lr=0.0090	|gn|=3.8205	time=3.41it/s
2025-11-26 04:07:12,817 ====================Eval Epoch 21====================
2025-11-26 04:07:15,450 epoch=21	global_step=31	acc=0.2500	acc_avg=0.3130	acc5=0.5000	acc5_avg=0.6130	loss=3.6491	loss_avg=2.8612	time=77.81it/s
2025-11-26 04:07:15,450 Eval Loss:2.8612	Eval acc: 31.30
2025-11-26 04:07:15,451 
2025-11-26 04:07:15,451 ====================Training Epoch 22====================
2025-11-26 04:07:24,479 epoch=22	global_step=17800	acc=0.2812	acc_avg=0.2925	loss=2.5281	loss_avg=2.8560	lr=0.0089	|gn|=3.4929	time=3.41it/s
2025-11-26 04:07:58,125 epoch=22	global_step=17900	acc=0.4375	acc_avg=0.3008	loss=2.7894	loss_avg=2.8513	lr=0.0089	|gn|=3.6905	time=3.41it/s
2025-11-26 04:08:31,914 epoch=22	global_step=18000	acc=0.2188	acc_avg=0.2981	loss=3.0290	loss_avg=2.8605	lr=0.0089	|gn|=5.3401	time=3.42it/s
2025-11-26 04:09:05,690 epoch=22	global_step=18100	acc=0.3750	acc_avg=0.2938	loss=2.7797	loss_avg=2.8679	lr=0.0089	|gn|=3.8111	time=3.41it/s
2025-11-26 04:09:39,401 epoch=22	global_step=18200	acc=0.3438	acc_avg=0.2963	loss=2.5844	loss_avg=2.8588	lr=0.0089	|gn|=3.7820	time=3.41it/s
2025-11-26 04:10:13,152 epoch=22	global_step=18300	acc=0.3438	acc_avg=0.2990	loss=2.6429	loss_avg=2.8576	lr=0.0089	|gn|=3.5679	time=3.41it/s
2025-11-26 04:10:46,852 epoch=22	global_step=18400	acc=0.2188	acc_avg=0.2990	loss=3.0794	loss_avg=2.8601	lr=0.0089	|gn|=3.5001	time=3.41it/s
2025-11-26 04:11:20,549 epoch=22	global_step=18500	acc=0.3438	acc_avg=0.3008	loss=3.1712	loss_avg=2.8593	lr=0.0089	|gn|=3.8441	time=3.41it/s
2025-11-26 04:11:48,654 ====================Eval Epoch 22====================
2025-11-26 04:11:51,216 epoch=22	global_step=31	acc=0.2500	acc_avg=0.3480	acc5=0.5000	acc5_avg=0.6560	loss=3.6546	loss_avg=2.6533	time=77.81it/s
2025-11-26 04:11:51,216 Eval Loss:2.6533	Eval acc: 34.80
2025-11-26 04:11:51,216 
2025-11-26 04:11:51,216 ====================Training Epoch 23====================
2025-11-26 04:11:57,433 epoch=23	global_step=18600	acc=0.3125	acc_avg=0.2923	loss=2.5849	loss_avg=2.7788	lr=0.0088	|gn|=3.5918	time=3.41it/s
2025-11-26 04:12:30,801 epoch=23	global_step=18700	acc=0.3750	acc_avg=0.3042	loss=2.6569	loss_avg=2.8130	lr=0.0088	|gn|=3.8164	time=3.41it/s
2025-11-26 04:13:04,163 epoch=23	global_step=18800	acc=0.2812	acc_avg=0.3036	loss=2.8284	loss_avg=2.8108	lr=0.0088	|gn|=3.7519	time=3.41it/s
2025-11-26 04:13:37,614 epoch=23	global_step=18900	acc=0.5000	acc_avg=0.3085	loss=2.4197	loss_avg=2.8059	lr=0.0088	|gn|=3.6151	time=3.41it/s
2025-11-26 04:14:10,942 epoch=23	global_step=19000	acc=0.2812	acc_avg=0.3094	loss=2.9757	loss_avg=2.8111	lr=0.0088	|gn|=3.6691	time=3.41it/s
2025-11-26 04:14:44,233 epoch=23	global_step=19100	acc=0.3438	acc_avg=0.3096	loss=2.4882	loss_avg=2.8090	lr=0.0088	|gn|=3.4294	time=3.41it/s
2025-11-26 04:15:17,653 epoch=23	global_step=19200	acc=0.2188	acc_avg=0.3128	loss=2.8804	loss_avg=2.7939	lr=0.0088	|gn|=3.8905	time=3.40it/s
2025-11-26 04:15:51,042 epoch=23	global_step=19300	acc=0.3438	acc_avg=0.3125	loss=2.5488	loss_avg=2.7942	lr=0.0088	|gn|=3.3255	time=3.41it/s
2025-11-26 04:16:21,528 ====================Eval Epoch 23====================
2025-11-26 04:16:24,067 epoch=23	global_step=31	acc=0.3750	acc_avg=0.3320	acc5=0.5000	acc5_avg=0.6380	loss=2.9030	loss_avg=2.7106	time=77.81it/s
2025-11-26 04:16:24,067 Eval Loss:2.7106	Eval acc: 33.20
2025-11-26 04:16:24,068 
2025-11-26 04:16:24,068 ====================Training Epoch 24====================
2025-11-26 04:16:27,677 epoch=24	global_step=19400	acc=0.2188	acc_avg=0.3611	loss=3.0478	loss_avg=2.6533	lr=0.0086	|gn|=4.4799	time=3.41it/s
2025-11-26 04:17:00,879 epoch=24	global_step=19500	acc=0.3438	acc_avg=0.3251	loss=2.7525	loss_avg=2.7092	lr=0.0086	|gn|=3.9196	time=3.41it/s
2025-11-26 04:17:34,101 epoch=24	global_step=19600	acc=0.4062	acc_avg=0.3219	loss=2.7482	loss_avg=2.7373	lr=0.0086	|gn|=3.9980	time=3.41it/s
2025-11-26 04:18:07,357 epoch=24	global_step=19700	acc=0.3750	acc_avg=0.3184	loss=2.5421	loss_avg=2.7572	lr=0.0086	|gn|=3.9865	time=3.41it/s
2025-11-26 04:18:40,603 epoch=24	global_step=19800	acc=0.1875	acc_avg=0.3231	loss=2.9812	loss_avg=2.7397	lr=0.0086	|gn|=4.3185	time=3.41it/s
2025-11-26 04:19:13,842 epoch=24	global_step=19900	acc=0.3438	acc_avg=0.3238	loss=2.7405	loss_avg=2.7449	lr=0.0086	|gn|=3.7874	time=3.41it/s
2025-11-26 04:19:47,101 epoch=24	global_step=20000	acc=0.3750	acc_avg=0.3227	loss=2.6972	loss_avg=2.7460	lr=0.0086	|gn|=3.8858	time=3.41it/s
2025-11-26 04:20:20,322 epoch=24	global_step=20100	acc=0.3438	acc_avg=0.3248	loss=2.8632	loss_avg=2.7368	lr=0.0086	|gn|=4.0336	time=3.41it/s
2025-11-26 04:20:53,269 ====================Eval Epoch 24====================
2025-11-26 04:20:55,787 epoch=24	global_step=31	acc=0.2500	acc_avg=0.3530	acc5=0.7500	acc5_avg=0.6510	loss=2.8614	loss_avg=2.6896	time=77.72it/s
2025-11-26 04:20:55,787 Eval Loss:2.6896	Eval acc: 35.30
2025-11-26 04:20:55,788 
2025-11-26 04:20:55,788 ====================Training Epoch 25====================
2025-11-26 04:20:56,724 epoch=25	global_step=20200	acc=0.3125	acc_avg=0.3125	loss=2.8696	loss_avg=2.8696	lr=0.0085	|gn|=3.9851	time=3.37it/s
2025-11-26 04:21:29,978 epoch=25	global_step=20300	acc=0.2812	acc_avg=0.3413	loss=2.8850	loss_avg=2.6545	lr=0.0085	|gn|=4.0222	time=3.41it/s
2025-11-26 04:22:03,195 epoch=25	global_step=20400	acc=0.4375	acc_avg=0.3431	loss=2.4333	loss_avg=2.6550	lr=0.0085	|gn|=3.5496	time=3.41it/s
2025-11-26 04:22:36,388 epoch=25	global_step=20500	acc=0.2812	acc_avg=0.3447	loss=3.1884	loss_avg=2.6661	lr=0.0085	|gn|=4.4507	time=3.41it/s
2025-11-26 04:23:09,583 epoch=25	global_step=20600	acc=0.3438	acc_avg=0.3413	loss=2.7449	loss_avg=2.6696	lr=0.0085	|gn|=3.8973	time=3.42it/s
2025-11-26 04:23:42,780 epoch=25	global_step=20700	acc=0.3750	acc_avg=0.3421	loss=2.5690	loss_avg=2.6688	lr=0.0085	|gn|=3.6600	time=3.41it/s
2025-11-26 04:24:15,966 epoch=25	global_step=20800	acc=0.2188	acc_avg=0.3411	loss=2.8399	loss_avg=2.6715	lr=0.0085	|gn|=4.4750	time=3.41it/s
2025-11-26 04:24:49,162 epoch=25	global_step=20900	acc=0.3125	acc_avg=0.3419	loss=2.9650	loss_avg=2.6690	lr=0.0085	|gn|=4.7114	time=3.41it/s
2025-11-26 04:25:22,368 epoch=25	global_step=21000	acc=0.2812	acc_avg=0.3424	loss=2.9447	loss_avg=2.6673	lr=0.0085	|gn|=3.9896	time=3.41it/s
2025-11-26 04:25:24,749 ====================Eval Epoch 25====================
2025-11-26 04:25:27,418 epoch=25	global_step=31	acc=0.3750	acc_avg=0.3490	acc5=0.6250	acc5_avg=0.6550	loss=2.5186	loss_avg=2.6372	time=77.99it/s
2025-11-26 04:25:27,419 Eval Loss:2.6372	Eval acc: 34.90
2025-11-26 04:25:27,420 
2025-11-26 04:25:27,420 ====================Training Epoch 26====================
2025-11-26 04:25:58,941 epoch=26	global_step=21100	acc=0.2500	acc_avg=0.3535	loss=3.0116	loss_avg=2.6074	lr=0.0084	|gn|=4.5999	time=3.41it/s
2025-11-26 04:26:32,184 epoch=26	global_step=21200	acc=0.5000	acc_avg=0.3525	loss=2.0014	loss_avg=2.6186	lr=0.0084	|gn|=4.2119	time=3.41it/s
2025-11-26 04:27:05,384 epoch=26	global_step=21300	acc=0.5000	acc_avg=0.3482	loss=2.2593	loss_avg=2.6086	lr=0.0084	|gn|=3.6955	time=3.40it/s
2025-11-26 04:27:38,560 epoch=26	global_step=21400	acc=0.1875	acc_avg=0.3487	loss=2.9906	loss_avg=2.6120	lr=0.0084	|gn|=4.0965	time=3.41it/s
2025-11-26 04:28:11,748 epoch=26	global_step=21500	acc=0.3750	acc_avg=0.3478	loss=2.2363	loss_avg=2.6199	lr=0.0084	|gn|=3.5686	time=3.41it/s
2025-11-26 04:28:44,943 epoch=26	global_step=21600	acc=0.3438	acc_avg=0.3475	loss=2.7305	loss_avg=2.6214	lr=0.0084	|gn|=4.0838	time=3.41it/s
2025-11-26 04:29:18,121 epoch=26	global_step=21700	acc=0.3750	acc_avg=0.3479	loss=2.2041	loss_avg=2.6212	lr=0.0084	|gn|=3.9497	time=3.41it/s
2025-11-26 04:29:51,312 epoch=26	global_step=21800	acc=0.2500	acc_avg=0.3475	loss=3.3342	loss_avg=2.6235	lr=0.0084	|gn|=4.1935	time=3.41it/s
2025-11-26 04:29:56,342 ====================Eval Epoch 26====================
2025-11-26 04:29:58,891 epoch=26	global_step=31	acc=0.2500	acc_avg=0.3820	acc5=0.6250	acc5_avg=0.6670	loss=2.8824	loss_avg=2.6105	time=77.73it/s
2025-11-26 04:29:58,891 Eval Loss:2.6105	Eval acc: 38.20
2025-11-26 04:29:58,892 
2025-11-26 04:29:58,892 ====================Training Epoch 27====================
2025-11-26 04:30:27,700 epoch=27	global_step=21900	acc=0.4062	acc_avg=0.3544	loss=2.1688	loss_avg=2.5543	lr=0.0083	|gn|=3.7009	time=3.42it/s
2025-11-26 04:31:00,874 epoch=27	global_step=22000	acc=0.3750	acc_avg=0.3642	loss=2.8221	loss_avg=2.5474	lr=0.0083	|gn|=4.2634	time=3.42it/s
2025-11-26 04:31:33,976 epoch=27	global_step=22100	acc=0.5000	acc_avg=0.3667	loss=2.3682	loss_avg=2.5518	lr=0.0083	|gn|=3.3595	time=3.42it/s
2025-11-26 04:32:07,160 epoch=27	global_step=22200	acc=0.5625	acc_avg=0.3650	loss=2.0877	loss_avg=2.5566	lr=0.0083	|gn|=3.9924	time=3.42it/s
2025-11-26 04:32:40,345 epoch=27	global_step=22300	acc=0.4062	acc_avg=0.3632	loss=2.5271	loss_avg=2.5607	lr=0.0083	|gn|=4.1197	time=3.42it/s
2025-11-26 04:33:13,525 epoch=27	global_step=22400	acc=0.4375	acc_avg=0.3619	loss=2.1258	loss_avg=2.5642	lr=0.0083	|gn|=3.5135	time=3.42it/s
2025-11-26 04:33:46,713 epoch=27	global_step=22500	acc=0.3750	acc_avg=0.3606	loss=2.2955	loss_avg=2.5677	lr=0.0083	|gn|=4.3613	time=3.42it/s
2025-11-26 04:34:19,849 epoch=27	global_step=22600	acc=0.2500	acc_avg=0.3609	loss=3.0131	loss_avg=2.5712	lr=0.0083	|gn|=4.4406	time=3.42it/s
2025-11-26 04:34:27,502 ====================Eval Epoch 27====================
2025-11-26 04:34:30,060 epoch=27	global_step=31	acc=0.2500	acc_avg=0.3820	acc5=0.7500	acc5_avg=0.6960	loss=2.5292	loss_avg=2.6159	time=77.84it/s
2025-11-26 04:34:30,060 Eval Loss:2.6159	Eval acc: 38.20
2025-11-26 04:34:30,061 
2025-11-26 04:34:30,061 ====================Training Epoch 28====================
2025-11-26 04:34:56,152 epoch=28	global_step=22700	acc=0.3438	acc_avg=0.3738	loss=2.4942	loss_avg=2.5252	lr=0.0082	|gn|=3.7924	time=3.42it/s
2025-11-26 04:35:29,241 epoch=28	global_step=22800	acc=0.3750	acc_avg=0.3768	loss=2.5357	loss_avg=2.5112	lr=0.0082	|gn|=3.7668	time=3.42it/s
2025-11-26 04:36:02,354 epoch=28	global_step=22900	acc=0.3750	acc_avg=0.3697	loss=2.5175	loss_avg=2.5362	lr=0.0082	|gn|=4.0494	time=3.42it/s
2025-11-26 04:36:35,467 epoch=28	global_step=23000	acc=0.4062	acc_avg=0.3726	loss=2.4711	loss_avg=2.5257	lr=0.0082	|gn|=4.1332	time=3.42it/s
2025-11-26 04:37:08,616 epoch=28	global_step=23100	acc=0.4062	acc_avg=0.3717	loss=2.1483	loss_avg=2.5192	lr=0.0082	|gn|=4.0914	time=3.42it/s
2025-11-26 04:37:41,739 epoch=28	global_step=23200	acc=0.3125	acc_avg=0.3735	loss=2.6294	loss_avg=2.5201	lr=0.0082	|gn|=4.1969	time=3.42it/s
2025-11-26 04:38:14,884 epoch=28	global_step=23300	acc=0.4375	acc_avg=0.3738	loss=2.2254	loss_avg=2.5139	lr=0.0082	|gn|=4.1409	time=3.42it/s
2025-11-26 04:38:48,050 epoch=28	global_step=23400	acc=0.3438	acc_avg=0.3731	loss=2.7868	loss_avg=2.5177	lr=0.0082	|gn|=4.2738	time=3.42it/s
2025-11-26 04:38:58,357 ====================Eval Epoch 28====================
2025-11-26 04:39:00,935 epoch=28	global_step=31	acc=0.2500	acc_avg=0.3730	acc5=0.6250	acc5_avg=0.6890	loss=3.1154	loss_avg=2.5360	time=77.88it/s
2025-11-26 04:39:00,935 Eval Loss:2.5360	Eval acc: 37.30
2025-11-26 04:39:00,936 
2025-11-26 04:39:00,936 ====================Training Epoch 29====================
2025-11-26 04:39:24,414 epoch=29	global_step=23500	acc=0.3438	acc_avg=0.3890	loss=2.9118	loss_avg=2.4328	lr=0.0081	|gn|=4.5077	time=3.42it/s
2025-11-26 04:39:57,475 epoch=29	global_step=23600	acc=0.4062	acc_avg=0.3818	loss=2.2135	loss_avg=2.4688	lr=0.0081	|gn|=3.6227	time=3.42it/s
2025-11-26 04:40:30,505 epoch=29	global_step=23700	acc=0.3438	acc_avg=0.3806	loss=2.6654	loss_avg=2.4714	lr=0.0081	|gn|=4.3419	time=3.42it/s
2025-11-26 04:41:03,553 epoch=29	global_step=23800	acc=0.3438	acc_avg=0.3836	loss=2.6530	loss_avg=2.4664	lr=0.0081	|gn|=4.5285	time=3.42it/s
2025-11-26 04:41:36,591 epoch=29	global_step=23900	acc=0.5000	acc_avg=0.3861	loss=2.3114	loss_avg=2.4464	lr=0.0081	|gn|=3.7393	time=3.42it/s
2025-11-26 04:42:09,650 epoch=29	global_step=24000	acc=0.3125	acc_avg=0.3878	loss=2.1947	loss_avg=2.4472	lr=0.0081	|gn|=4.3916	time=3.43it/s
2025-11-26 04:42:42,700 epoch=29	global_step=24100	acc=0.3438	acc_avg=0.3859	loss=2.4427	loss_avg=2.4491	lr=0.0081	|gn|=4.1815	time=3.43it/s
2025-11-26 04:43:15,739 epoch=29	global_step=24200	acc=0.2500	acc_avg=0.3839	loss=2.8782	loss_avg=2.4569	lr=0.0081	|gn|=4.5751	time=3.43it/s
2025-11-26 04:43:28,666 ====================Eval Epoch 29====================
2025-11-26 04:43:31,255 epoch=29	global_step=31	acc=0.3750	acc_avg=0.4300	acc5=0.5000	acc5_avg=0.7060	loss=3.1472	loss_avg=2.4562	time=78.03it/s
2025-11-26 04:43:31,255 Eval Loss:2.4562	Eval acc: 43.00
2025-11-26 04:43:31,256 
2025-11-26 04:43:31,256 ====================Training Epoch 30====================
2025-11-26 04:43:52,053 epoch=30	global_step=24300	acc=0.4688	acc_avg=0.4037	loss=2.2109	loss_avg=2.3969	lr=0.0079	|gn|=4.3876	time=3.43it/s
2025-11-26 04:44:25,147 epoch=30	global_step=24400	acc=0.3750	acc_avg=0.3934	loss=2.5812	loss_avg=2.4338	lr=0.0079	|gn|=4.2730	time=3.43it/s
2025-11-26 04:44:58,269 epoch=30	global_step=24500	acc=0.3750	acc_avg=0.3886	loss=2.6643	loss_avg=2.4385	lr=0.0079	|gn|=4.2458	time=3.43it/s
2025-11-26 04:45:31,400 epoch=30	global_step=24600	acc=0.4062	acc_avg=0.3952	loss=2.2598	loss_avg=2.4118	lr=0.0079	|gn|=3.6576	time=3.42it/s
2025-11-26 04:46:04,591 epoch=30	global_step=24700	acc=0.5312	acc_avg=0.3959	loss=2.0126	loss_avg=2.4153	lr=0.0079	|gn|=3.8786	time=3.42it/s
2025-11-26 04:46:37,813 epoch=30	global_step=24800	acc=0.3750	acc_avg=0.3941	loss=2.5736	loss_avg=2.4229	lr=0.0079	|gn|=4.1746	time=3.41it/s
2025-11-26 04:47:11,080 epoch=30	global_step=24900	acc=0.3125	acc_avg=0.3931	loss=2.4492	loss_avg=2.4193	lr=0.0079	|gn|=4.6126	time=3.39it/s
2025-11-26 04:47:44,408 epoch=30	global_step=25000	acc=0.2188	acc_avg=0.3947	loss=2.7305	loss_avg=2.4152	lr=0.0079	|gn|=4.1731	time=3.40it/s
2025-11-26 04:48:00,101 ====================Eval Epoch 30====================
2025-11-26 04:48:02,698 epoch=30	global_step=31	acc=0.3750	acc_avg=0.4150	acc5=0.6250	acc5_avg=0.7200	loss=2.5713	loss_avg=2.3525	time=77.71it/s
2025-11-26 04:48:02,698 Eval Loss:2.3525	Eval acc: 41.50
2025-11-26 04:48:02,698 
2025-11-26 04:48:02,698 ====================Training Epoch 31====================
2025-11-26 04:48:20,889 epoch=31	global_step=25100	acc=0.3750	acc_avg=0.3956	loss=2.3308	loss_avg=2.3545	lr=0.0078	|gn|=4.8080	time=3.41it/s
2025-11-26 04:48:54,106 epoch=31	global_step=25200	acc=0.3438	acc_avg=0.4024	loss=2.3267	loss_avg=2.3561	lr=0.0078	|gn|=3.9108	time=3.41it/s
2025-11-26 04:49:27,294 epoch=31	global_step=25300	acc=0.4062	acc_avg=0.4018	loss=2.2816	loss_avg=2.3891	lr=0.0078	|gn|=4.1402	time=3.42it/s
2025-11-26 04:50:00,485 epoch=31	global_step=25400	acc=0.3750	acc_avg=0.4029	loss=2.4711	loss_avg=2.3742	lr=0.0078	|gn|=4.9257	time=3.42it/s
2025-11-26 04:50:33,634 epoch=31	global_step=25500	acc=0.5000	acc_avg=0.4038	loss=2.0065	loss_avg=2.3665	lr=0.0078	|gn|=3.9162	time=3.42it/s
2025-11-26 04:51:06,756 epoch=31	global_step=25600	acc=0.2812	acc_avg=0.4034	loss=2.7559	loss_avg=2.3685	lr=0.0078	|gn|=5.0110	time=3.42it/s
2025-11-26 04:51:39,913 epoch=31	global_step=25700	acc=0.2188	acc_avg=0.4011	loss=2.9289	loss_avg=2.3724	lr=0.0078	|gn|=4.6935	time=3.42it/s
2025-11-26 04:52:13,067 epoch=31	global_step=25800	acc=0.3750	acc_avg=0.4023	loss=2.2313	loss_avg=2.3727	lr=0.0078	|gn|=4.0252	time=3.42it/s
2025-11-26 04:52:31,346 ====================Eval Epoch 31====================
2025-11-26 04:52:33,913 epoch=31	global_step=31	acc=0.3750	acc_avg=0.4310	acc5=0.7500	acc5_avg=0.7420	loss=2.3807	loss_avg=2.2794	time=77.52it/s
2025-11-26 04:52:33,913 Eval Loss:2.2794	Eval acc: 43.10
2025-11-26 04:52:33,914 
2025-11-26 04:52:33,914 ====================Training Epoch 32====================
2025-11-26 04:52:49,435 epoch=32	global_step=25900	acc=0.5312	acc_avg=0.4146	loss=2.2333	loss_avg=2.3115	lr=0.0077	|gn|=4.4250	time=3.42it/s
2025-11-26 04:53:22,538 epoch=32	global_step=26000	acc=0.3750	acc_avg=0.4175	loss=2.1541	loss_avg=2.3069	lr=0.0077	|gn|=4.2902	time=3.42it/s
2025-11-26 04:53:55,664 epoch=32	global_step=26100	acc=0.4375	acc_avg=0.4157	loss=2.7377	loss_avg=2.2945	lr=0.0077	|gn|=4.3387	time=3.42it/s
2025-11-26 04:54:28,805 epoch=32	global_step=26200	acc=0.4062	acc_avg=0.4144	loss=2.3783	loss_avg=2.3003	lr=0.0077	|gn|=4.1488	time=3.42it/s
2025-11-26 04:55:01,953 epoch=32	global_step=26300	acc=0.4688	acc_avg=0.4104	loss=2.0177	loss_avg=2.3237	lr=0.0077	|gn|=3.7016	time=3.42it/s
2025-11-26 04:55:35,078 epoch=32	global_step=26400	acc=0.2812	acc_avg=0.4122	loss=2.9390	loss_avg=2.3211	lr=0.0077	|gn|=5.0294	time=3.42it/s
2025-11-26 04:56:08,209 epoch=32	global_step=26500	acc=0.2812	acc_avg=0.4149	loss=2.7689	loss_avg=2.3106	lr=0.0077	|gn|=4.8407	time=3.42it/s
2025-11-26 04:56:41,334 epoch=32	global_step=26600	acc=0.3750	acc_avg=0.4143	loss=2.2549	loss_avg=2.3176	lr=0.0077	|gn|=4.4433	time=3.42it/s
2025-11-26 04:57:02,218 ====================Eval Epoch 32====================
2025-11-26 04:57:04,763 epoch=32	global_step=31	acc=0.6250	acc_avg=0.4490	acc5=0.8750	acc5_avg=0.7390	loss=1.7861	loss_avg=2.2803	time=77.92it/s
2025-11-26 04:57:04,763 Eval Loss:2.2803	Eval acc: 44.90
2025-11-26 04:57:04,763 
2025-11-26 04:57:04,763 ====================Training Epoch 33====================
2025-11-26 04:57:17,599 epoch=33	global_step=26700	acc=0.3750	acc_avg=0.4485	loss=2.8533	loss_avg=2.2119	lr=0.0075	|gn|=4.8095	time=3.42it/s
2025-11-26 04:57:50,744 epoch=33	global_step=26800	acc=0.3438	acc_avg=0.4391	loss=2.7579	loss_avg=2.2511	lr=0.0075	|gn|=4.9503	time=3.42it/s
2025-11-26 04:58:23,877 epoch=33	global_step=26900	acc=0.3438	acc_avg=0.4342	loss=2.7829	loss_avg=2.2542	lr=0.0075	|gn|=4.8963	time=3.42it/s
2025-11-26 04:58:57,046 epoch=33	global_step=27000	acc=0.3438	acc_avg=0.4376	loss=2.3728	loss_avg=2.2449	lr=0.0075	|gn|=4.0499	time=3.42it/s
2025-11-26 04:59:30,178 epoch=33	global_step=27100	acc=0.5312	acc_avg=0.4338	loss=1.9564	loss_avg=2.2627	lr=0.0075	|gn|=4.1571	time=3.41it/s
2025-11-26 05:00:03,301 epoch=33	global_step=27200	acc=0.3750	acc_avg=0.4317	loss=2.3418	loss_avg=2.2599	lr=0.0075	|gn|=4.3539	time=3.42it/s
2025-11-26 05:00:36,411 epoch=33	global_step=27300	acc=0.5625	acc_avg=0.4294	loss=1.7822	loss_avg=2.2675	lr=0.0075	|gn|=3.5934	time=3.42it/s
2025-11-26 05:01:09,530 epoch=33	global_step=27400	acc=0.5312	acc_avg=0.4274	loss=1.8482	loss_avg=2.2813	lr=0.0075	|gn|=3.5507	time=3.42it/s
2025-11-26 05:01:33,079 ====================Eval Epoch 33====================
2025-11-26 05:01:35,545 epoch=33	global_step=31	acc=0.5000	acc_avg=0.4510	acc5=0.7500	acc5_avg=0.7570	loss=2.0311	loss_avg=2.1787	time=77.71it/s
2025-11-26 05:01:35,545 Eval Loss:2.1787	Eval acc: 45.10
2025-11-26 05:01:35,546 
2025-11-26 05:01:35,546 ====================Training Epoch 34====================
2025-11-26 05:01:45,916 epoch=34	global_step=27500	acc=0.4062	acc_avg=0.4547	loss=2.1129	loss_avg=2.1999	lr=0.0074	|gn|=3.8186	time=3.42it/s
2025-11-26 05:02:19,029 epoch=34	global_step=27600	acc=0.4375	acc_avg=0.4365	loss=2.1949	loss_avg=2.2275	lr=0.0074	|gn|=4.6128	time=3.42it/s
2025-11-26 05:02:52,159 epoch=34	global_step=27700	acc=0.4688	acc_avg=0.4380	loss=2.1852	loss_avg=2.2147	lr=0.0074	|gn|=4.7712	time=3.42it/s
2025-11-26 05:03:25,278 epoch=34	global_step=27800	acc=0.5938	acc_avg=0.4366	loss=1.8891	loss_avg=2.2203	lr=0.0074	|gn|=4.0835	time=3.42it/s
2025-11-26 05:03:58,406 epoch=34	global_step=27900	acc=0.3750	acc_avg=0.4359	loss=2.1949	loss_avg=2.2279	lr=0.0074	|gn|=4.4001	time=3.42it/s
2025-11-26 05:04:31,544 epoch=34	global_step=28000	acc=0.3750	acc_avg=0.4372	loss=2.4316	loss_avg=2.2218	lr=0.0074	|gn|=4.9681	time=3.42it/s
2025-11-26 05:05:04,670 epoch=34	global_step=28100	acc=0.4375	acc_avg=0.4359	loss=2.6631	loss_avg=2.2269	lr=0.0074	|gn|=4.6973	time=3.42it/s
2025-11-26 05:05:37,795 epoch=34	global_step=28200	acc=0.5000	acc_avg=0.4352	loss=2.1726	loss_avg=2.2304	lr=0.0074	|gn|=4.8043	time=3.42it/s
2025-11-26 05:06:04,010 ====================Eval Epoch 34====================
2025-11-26 05:06:06,586 epoch=34	global_step=31	acc=0.3750	acc_avg=0.4440	acc5=0.7500	acc5_avg=0.7280	loss=1.9602	loss_avg=4.9692	time=77.75it/s
2025-11-26 05:06:06,586 Eval Loss:4.9692	Eval acc: 44.40
2025-11-26 05:06:06,587 
2025-11-26 05:06:06,587 ====================Training Epoch 35====================
2025-11-26 05:06:14,195 epoch=35	global_step=28300	acc=0.3125	acc_avg=0.4449	loss=2.8130	loss_avg=2.1597	lr=0.0073	|gn|=4.9017	time=3.41it/s
2025-11-26 05:06:47,383 epoch=35	global_step=28400	acc=0.6875	acc_avg=0.4455	loss=1.5348	loss_avg=2.1649	lr=0.0073	|gn|=3.3489	time=3.42it/s
2025-11-26 05:07:20,519 epoch=35	global_step=28500	acc=0.5625	acc_avg=0.4497	loss=1.9815	loss_avg=2.1559	lr=0.0073	|gn|=3.7706	time=3.42it/s
2025-11-26 05:07:53,648 epoch=35	global_step=28600	acc=0.3125	acc_avg=0.4452	loss=2.3432	loss_avg=2.1758	lr=0.0073	|gn|=4.8715	time=3.42it/s
2025-11-26 05:08:26,777 epoch=35	global_step=28700	acc=0.5312	acc_avg=0.4454	loss=2.2250	loss_avg=2.1864	lr=0.0073	|gn|=4.5810	time=3.42it/s
2025-11-26 05:08:59,897 epoch=35	global_step=28800	acc=0.5000	acc_avg=0.4456	loss=2.1201	loss_avg=2.1862	lr=0.0073	|gn|=4.3893	time=3.42it/s
2025-11-26 05:09:33,020 epoch=35	global_step=28900	acc=0.4375	acc_avg=0.4453	loss=2.1052	loss_avg=2.1853	lr=0.0073	|gn|=4.0275	time=3.42it/s
2025-11-26 05:10:06,132 epoch=35	global_step=29000	acc=0.4375	acc_avg=0.4456	loss=2.5759	loss_avg=2.1878	lr=0.0073	|gn|=5.1763	time=3.42it/s
2025-11-26 05:10:34,983 ====================Eval Epoch 35====================
2025-11-26 05:10:37,533 epoch=35	global_step=31	acc=0.2500	acc_avg=0.4590	acc5=0.6250	acc5_avg=0.7290	loss=2.6191	loss_avg=2.5942	time=77.91it/s
2025-11-26 05:10:37,533 Eval Loss:2.5942	Eval acc: 45.90
2025-11-26 05:10:37,534 
2025-11-26 05:10:37,534 ====================Training Epoch 36====================
2025-11-26 05:10:42,452 epoch=36	global_step=29100	acc=0.4688	acc_avg=0.4928	loss=1.8884	loss_avg=2.1026	lr=0.0071	|gn|=3.7969	time=3.42it/s
2025-11-26 05:11:15,551 epoch=36	global_step=29200	acc=0.4688	acc_avg=0.4649	loss=1.9269	loss_avg=2.1112	lr=0.0071	|gn|=4.5821	time=3.42it/s
2025-11-26 05:11:48,673 epoch=36	global_step=29300	acc=0.3125	acc_avg=0.4528	loss=2.2087	loss_avg=2.1562	lr=0.0071	|gn|=5.3347	time=3.41it/s
2025-11-26 05:12:21,772 epoch=36	global_step=29400	acc=0.4375	acc_avg=0.4528	loss=2.0369	loss_avg=2.1483	lr=0.0071	|gn|=4.0980	time=3.43it/s
2025-11-26 05:12:54,880 epoch=36	global_step=29500	acc=0.3125	acc_avg=0.4549	loss=2.3923	loss_avg=2.1448	lr=0.0071	|gn|=4.8885	time=3.42it/s
2025-11-26 05:13:27,974 epoch=36	global_step=29600	acc=0.6250	acc_avg=0.4549	loss=1.7987	loss_avg=2.1493	lr=0.0071	|gn|=3.7679	time=3.42it/s
2025-11-26 05:14:01,054 epoch=36	global_step=29700	acc=0.3750	acc_avg=0.4541	loss=2.0798	loss_avg=2.1470	lr=0.0071	|gn|=5.0136	time=3.42it/s
2025-11-26 05:14:34,143 epoch=36	global_step=29800	acc=0.3750	acc_avg=0.4545	loss=2.2533	loss_avg=2.1516	lr=0.0071	|gn|=4.8664	time=3.42it/s
2025-11-26 05:15:05,620 ====================Eval Epoch 36====================
2025-11-26 05:15:08,215 epoch=36	global_step=31	acc=0.3750	acc_avg=0.4730	acc5=0.7500	acc5_avg=0.7610	loss=2.4271	loss_avg=2.2151	time=78.04it/s
2025-11-26 05:15:08,215 Eval Loss:2.2151	Eval acc: 47.30
2025-11-26 05:15:08,215 
2025-11-26 05:15:08,215 ====================Training Epoch 37====================
2025-11-26 05:15:10,447 epoch=37	global_step=29900	acc=0.5312	acc_avg=0.4625	loss=1.8307	loss_avg=1.9868	lr=0.0070	|gn|=4.4928	time=3.42it/s
2025-11-26 05:15:43,611 epoch=37	global_step=30000	acc=0.4062	acc_avg=0.4693	loss=2.2377	loss_avg=2.0370	lr=0.0070	|gn|=4.5373	time=3.41it/s
2025-11-26 05:16:16,790 epoch=37	global_step=30100	acc=0.4688	acc_avg=0.4616	loss=1.9783	loss_avg=2.0809	lr=0.0070	|gn|=4.1367	time=3.41it/s
2025-11-26 05:16:49,953 epoch=37	global_step=30200	acc=0.5625	acc_avg=0.4606	loss=2.0245	loss_avg=2.0932	lr=0.0070	|gn|=4.3585	time=3.42it/s
2025-11-26 05:17:23,120 epoch=37	global_step=30300	acc=0.3750	acc_avg=0.4629	loss=2.6111	loss_avg=2.0870	lr=0.0070	|gn|=5.7973	time=3.42it/s
2025-11-26 05:17:56,285 epoch=37	global_step=30400	acc=0.6250	acc_avg=0.4647	loss=1.9576	loss_avg=2.0895	lr=0.0070	|gn|=4.2852	time=3.42it/s
2025-11-26 05:18:29,431 epoch=37	global_step=30500	acc=0.5000	acc_avg=0.4624	loss=2.0786	loss_avg=2.1061	lr=0.0070	|gn|=4.4540	time=3.42it/s
2025-11-26 05:19:02,582 epoch=37	global_step=30600	acc=0.4688	acc_avg=0.4616	loss=1.9501	loss_avg=2.1089	lr=0.0070	|gn|=4.6539	time=3.42it/s
2025-11-26 05:19:35,728 epoch=37	global_step=30700	acc=0.4688	acc_avg=0.4631	loss=1.7728	loss_avg=2.1024	lr=0.0070	|gn|=4.1953	time=3.42it/s
2025-11-26 05:19:36,778 ====================Eval Epoch 37====================
2025-11-26 05:19:39,338 epoch=37	global_step=31	acc=0.3750	acc_avg=0.4730	acc5=0.6250	acc5_avg=0.7490	loss=2.1987	loss_avg=2.1722	time=78.05it/s
2025-11-26 05:19:39,339 Eval Loss:2.1722	Eval acc: 47.30
2025-11-26 05:19:39,339 
2025-11-26 05:19:39,339 ====================Training Epoch 38====================
2025-11-26 05:20:12,049 epoch=38	global_step=30800	acc=0.2812	acc_avg=0.4688	loss=2.2713	loss_avg=2.0469	lr=0.0068	|gn|=5.0796	time=3.42it/s
2025-11-26 05:20:45,177 epoch=38	global_step=30900	acc=0.2812	acc_avg=0.4686	loss=2.2359	loss_avg=2.0559	lr=0.0068	|gn|=4.5434	time=3.41it/s
2025-11-26 05:21:18,301 epoch=38	global_step=31000	acc=0.5938	acc_avg=0.4740	loss=1.6920	loss_avg=2.0584	lr=0.0068	|gn|=4.3878	time=3.42it/s
2025-11-26 05:21:51,429 epoch=38	global_step=31100	acc=0.4375	acc_avg=0.4710	loss=2.5091	loss_avg=2.0525	lr=0.0068	|gn|=5.3925	time=3.42it/s
2025-11-26 05:22:24,537 epoch=38	global_step=31200	acc=0.5312	acc_avg=0.4707	loss=2.1114	loss_avg=2.0541	lr=0.0068	|gn|=4.5152	time=3.42it/s
2025-11-26 05:22:57,725 epoch=38	global_step=31300	acc=0.5625	acc_avg=0.4731	loss=1.5084	loss_avg=2.0494	lr=0.0068	|gn|=3.8042	time=3.42it/s
2025-11-26 05:23:30,894 epoch=38	global_step=31400	acc=0.5938	acc_avg=0.4712	loss=1.7726	loss_avg=2.0564	lr=0.0068	|gn|=4.2085	time=3.41it/s
2025-11-26 05:24:04,054 epoch=38	global_step=31500	acc=0.3750	acc_avg=0.4701	loss=2.7195	loss_avg=2.0657	lr=0.0068	|gn|=4.7355	time=3.42it/s
2025-11-26 05:24:07,743 ====================Eval Epoch 38====================
2025-11-26 05:24:10,294 epoch=38	global_step=31	acc=0.2500	acc_avg=0.4500	acc5=0.8750	acc5_avg=0.7520	loss=2.3448	loss_avg=2.4138	time=77.63it/s
2025-11-26 05:24:10,295 Eval Loss:2.4138	Eval acc: 45.00
2025-11-26 05:24:10,295 
2025-11-26 05:24:10,295 ====================Training Epoch 39====================
2025-11-26 05:24:40,415 epoch=39	global_step=31600	acc=0.5000	acc_avg=0.4789	loss=2.0405	loss_avg=2.0370	lr=0.0067	|gn|=4.1435	time=3.42it/s
2025-11-26 05:25:13,585 epoch=39	global_step=31700	acc=0.3750	acc_avg=0.4782	loss=1.8355	loss_avg=2.0380	lr=0.0067	|gn|=4.4069	time=3.42it/s
2025-11-26 05:25:46,759 epoch=39	global_step=31800	acc=0.4688	acc_avg=0.4769	loss=1.9819	loss_avg=2.0358	lr=0.0067	|gn|=4.9773	time=3.41it/s
2025-11-26 05:26:19,923 epoch=39	global_step=31900	acc=0.5938	acc_avg=0.4747	loss=1.6582	loss_avg=2.0449	lr=0.0067	|gn|=4.3933	time=3.42it/s
2025-11-26 05:26:53,051 epoch=39	global_step=32000	acc=0.5938	acc_avg=0.4750	loss=1.6819	loss_avg=2.0353	lr=0.0067	|gn|=3.7248	time=3.42it/s
2025-11-26 05:27:26,179 epoch=39	global_step=32100	acc=0.5000	acc_avg=0.4759	loss=2.1022	loss_avg=2.0358	lr=0.0067	|gn|=4.6649	time=3.41it/s
2025-11-26 05:27:59,296 epoch=39	global_step=32200	acc=0.5312	acc_avg=0.4743	loss=1.8683	loss_avg=2.0459	lr=0.0067	|gn|=4.2713	time=3.42it/s
2025-11-26 05:28:32,411 epoch=39	global_step=32300	acc=0.4688	acc_avg=0.4761	loss=1.9819	loss_avg=2.0399	lr=0.0067	|gn|=4.9762	time=3.42it/s
2025-11-26 05:28:38,756 ====================Eval Epoch 39====================
2025-11-26 05:28:41,301 epoch=39	global_step=31	acc=0.5000	acc_avg=0.4570	acc5=0.7500	acc5_avg=0.7580	loss=1.9902	loss_avg=2.3394	time=77.56it/s
2025-11-26 05:28:41,301 Eval Loss:2.3394	Eval acc: 45.70
2025-11-26 05:28:41,302 
2025-11-26 05:28:41,302 ====================Training Epoch 40====================
2025-11-26 05:29:08,839 epoch=40	global_step=32400	acc=0.4688	acc_avg=0.5135	loss=1.7849	loss_avg=1.9109	lr=0.0065	|gn|=4.5237	time=3.41it/s
2025-11-26 05:29:41,984 epoch=40	global_step=32500	acc=0.5000	acc_avg=0.5067	loss=1.8950	loss_avg=1.9363	lr=0.0065	|gn|=3.9790	time=3.42it/s
2025-11-26 05:30:15,101 epoch=40	global_step=32600	acc=0.4688	acc_avg=0.5063	loss=1.8740	loss_avg=1.9312	lr=0.0065	|gn|=4.5377	time=3.42it/s
2025-11-26 05:30:48,255 epoch=40	global_step=32700	acc=0.6250	acc_avg=0.4993	loss=1.7777	loss_avg=1.9495	lr=0.0065	|gn|=4.8309	time=3.42it/s
2025-11-26 05:31:21,441 epoch=40	global_step=32800	acc=0.5312	acc_avg=0.4980	loss=1.9641	loss_avg=1.9607	lr=0.0065	|gn|=4.7949	time=3.42it/s
2025-11-26 05:31:54,627 epoch=40	global_step=32900	acc=0.5000	acc_avg=0.4998	loss=1.8967	loss_avg=1.9541	lr=0.0065	|gn|=4.5178	time=3.42it/s
2025-11-26 05:32:27,813 epoch=40	global_step=33000	acc=0.5938	acc_avg=0.4973	loss=1.9239	loss_avg=1.9617	lr=0.0065	|gn|=4.6771	time=3.42it/s
2025-11-26 05:33:00,976 epoch=40	global_step=33100	acc=0.5625	acc_avg=0.4968	loss=1.9759	loss_avg=1.9633	lr=0.0065	|gn|=4.4261	time=3.42it/s
2025-11-26 05:33:09,953 ====================Eval Epoch 40====================
2025-11-26 05:33:12,498 epoch=40	global_step=31	acc=0.2500	acc_avg=0.4900	acc5=0.6250	acc5_avg=0.7730	loss=2.6524	loss_avg=2.0705	time=77.79it/s
2025-11-26 05:33:12,498 Eval Loss:2.0705	Eval acc: 49.00
2025-11-26 05:33:12,498 
2025-11-26 05:33:12,498 ====================Training Epoch 41====================
2025-11-26 05:33:37,298 epoch=41	global_step=33200	acc=0.4062	acc_avg=0.5223	loss=1.8822	loss_avg=1.8920	lr=0.0064	|gn|=4.1967	time=3.42it/s
2025-11-26 05:34:10,450 epoch=41	global_step=33300	acc=0.5000	acc_avg=0.5128	loss=1.9371	loss_avg=1.9206	lr=0.0064	|gn|=4.8053	time=3.42it/s
2025-11-26 05:34:43,575 epoch=41	global_step=33400	acc=0.4375	acc_avg=0.5125	loss=2.2587	loss_avg=1.9099	lr=0.0064	|gn|=4.3823	time=3.42it/s
2025-11-26 05:35:16,692 epoch=41	global_step=33500	acc=0.6875	acc_avg=0.5078	loss=1.3221	loss_avg=1.9195	lr=0.0064	|gn|=4.1054	time=3.42it/s
2025-11-26 05:35:49,848 epoch=41	global_step=33600	acc=0.6250	acc_avg=0.5064	loss=1.4282	loss_avg=1.9276	lr=0.0064	|gn|=3.8720	time=3.42it/s
2025-11-26 05:36:22,976 epoch=41	global_step=33700	acc=0.4062	acc_avg=0.5049	loss=2.3515	loss_avg=1.9330	lr=0.0064	|gn|=6.0004	time=3.42it/s
2025-11-26 05:36:56,143 epoch=41	global_step=33800	acc=0.5000	acc_avg=0.5044	loss=2.3967	loss_avg=1.9405	lr=0.0064	|gn|=5.9470	time=3.42it/s
2025-11-26 05:37:29,272 epoch=41	global_step=33900	acc=0.4688	acc_avg=0.5034	loss=2.1378	loss_avg=1.9466	lr=0.0064	|gn|=6.1402	time=3.42it/s
2025-11-26 05:37:40,913 ====================Eval Epoch 41====================
2025-11-26 05:37:43,503 epoch=41	global_step=31	acc=0.5000	acc_avg=0.4870	acc5=0.6250	acc5_avg=0.7560	loss=2.2574	loss_avg=2.2471	time=77.72it/s
2025-11-26 05:37:43,504 Eval Loss:2.2471	Eval acc: 48.70
2025-11-26 05:37:43,504 
2025-11-26 05:37:43,504 ====================Training Epoch 42====================
2025-11-26 05:38:05,688 epoch=42	global_step=34000	acc=0.6562	acc_avg=0.4957	loss=1.3681	loss_avg=1.9139	lr=0.0062	|gn|=3.7497	time=3.42it/s
2025-11-26 05:38:38,810 epoch=42	global_step=34100	acc=0.5000	acc_avg=0.5091	loss=1.7327	loss_avg=1.8834	lr=0.0062	|gn|=4.6279	time=3.42it/s
2025-11-26 05:39:11,950 epoch=42	global_step=34200	acc=0.4688	acc_avg=0.5064	loss=2.2133	loss_avg=1.9078	lr=0.0062	|gn|=5.0043	time=3.42it/s
2025-11-26 05:39:45,084 epoch=42	global_step=34300	acc=0.6562	acc_avg=0.5090	loss=1.4594	loss_avg=1.9087	lr=0.0062	|gn|=4.2415	time=3.42it/s
2025-11-26 05:40:18,245 epoch=42	global_step=34400	acc=0.5312	acc_avg=0.5080	loss=1.7950	loss_avg=1.9154	lr=0.0062	|gn|=4.7403	time=3.42it/s
2025-11-26 05:40:51,426 epoch=42	global_step=34500	acc=0.6250	acc_avg=0.5082	loss=1.5997	loss_avg=1.9174	lr=0.0062	|gn|=3.9321	time=3.42it/s
2025-11-26 05:41:24,575 epoch=42	global_step=34600	acc=0.4062	acc_avg=0.5097	loss=2.1084	loss_avg=1.9155	lr=0.0062	|gn|=5.1466	time=3.42it/s
2025-11-26 05:41:57,725 epoch=42	global_step=34700	acc=0.4062	acc_avg=0.5074	loss=2.2623	loss_avg=1.9217	lr=0.0062	|gn|=4.9180	time=3.42it/s
2025-11-26 05:42:12,005 ====================Eval Epoch 42====================
2025-11-26 05:42:14,577 epoch=42	global_step=31	acc=0.3750	acc_avg=0.4760	acc5=0.6250	acc5_avg=0.7730	loss=2.0676	loss_avg=2.2818	time=77.91it/s
2025-11-26 05:42:14,577 Eval Loss:2.2818	Eval acc: 47.60
2025-11-26 05:42:14,578 
2025-11-26 05:42:14,578 ====================Training Epoch 43====================
2025-11-26 05:42:34,068 epoch=43	global_step=34800	acc=0.5000	acc_avg=0.4973	loss=2.3041	loss_avg=1.9508	lr=0.0061	|gn|=5.1139	time=3.42it/s
2025-11-26 05:43:07,200 epoch=43	global_step=34900	acc=0.6562	acc_avg=0.5072	loss=1.8061	loss_avg=1.9348	lr=0.0061	|gn|=4.5994	time=3.42it/s
2025-11-26 05:43:40,337 epoch=43	global_step=35000	acc=0.5625	acc_avg=0.5058	loss=1.8239	loss_avg=1.9157	lr=0.0061	|gn|=5.1827	time=3.42it/s
2025-11-26 05:44:13,473 epoch=43	global_step=35100	acc=0.5312	acc_avg=0.5096	loss=1.8114	loss_avg=1.8993	lr=0.0061	|gn|=4.2201	time=3.42it/s
2025-11-26 05:44:46,606 epoch=43	global_step=35200	acc=0.5312	acc_avg=0.5124	loss=1.4995	loss_avg=1.8918	lr=0.0061	|gn|=4.0927	time=3.42it/s
2025-11-26 05:45:19,736 epoch=43	global_step=35300	acc=0.6250	acc_avg=0.5112	loss=1.6418	loss_avg=1.8943	lr=0.0061	|gn|=4.6513	time=3.42it/s
2025-11-26 05:45:52,870 epoch=43	global_step=35400	acc=0.6875	acc_avg=0.5127	loss=1.4128	loss_avg=1.8886	lr=0.0061	|gn|=3.7908	time=3.42it/s
2025-11-26 05:46:25,978 epoch=43	global_step=35500	acc=0.5938	acc_avg=0.5132	loss=1.7721	loss_avg=1.8900	lr=0.0061	|gn|=4.5745	time=3.42it/s
2025-11-26 05:46:42,896 ====================Eval Epoch 43====================
2025-11-26 05:46:45,441 epoch=43	global_step=31	acc=0.2500	acc_avg=0.5250	acc5=0.7500	acc5_avg=0.7820	loss=2.3221	loss_avg=2.1037	time=77.77it/s
2025-11-26 05:46:45,441 Eval Loss:2.1037	Eval acc: 52.50
2025-11-26 05:46:45,441 
2025-11-26 05:46:45,442 ====================Training Epoch 44====================
2025-11-26 05:47:02,271 epoch=44	global_step=35600	acc=0.5000	acc_avg=0.5249	loss=2.0788	loss_avg=1.7771	lr=0.0059	|gn|=5.0496	time=3.42it/s
2025-11-26 05:47:35,418 epoch=44	global_step=35700	acc=0.5625	acc_avg=0.5170	loss=1.9587	loss_avg=1.8375	lr=0.0059	|gn|=4.8927	time=3.42it/s
2025-11-26 05:48:08,553 epoch=44	global_step=35800	acc=0.5938	acc_avg=0.5163	loss=1.5304	loss_avg=1.8438	lr=0.0059	|gn|=4.8505	time=3.42it/s
2025-11-26 05:48:41,703 epoch=44	global_step=35900	acc=0.4688	acc_avg=0.5203	loss=1.9552	loss_avg=1.8350	lr=0.0059	|gn|=4.7894	time=3.43it/s
2025-11-26 05:49:14,873 epoch=44	global_step=36000	acc=0.6250	acc_avg=0.5189	loss=1.5280	loss_avg=1.8424	lr=0.0059	|gn|=4.3390	time=3.42it/s
2025-11-26 05:49:47,991 epoch=44	global_step=36100	acc=0.6562	acc_avg=0.5196	loss=1.8788	loss_avg=1.8489	lr=0.0059	|gn|=5.4795	time=3.42it/s
2025-11-26 05:50:21,071 epoch=44	global_step=36200	acc=0.6562	acc_avg=0.5208	loss=1.3078	loss_avg=1.8475	lr=0.0059	|gn|=4.5880	time=3.42it/s
2025-11-26 05:50:54,120 epoch=44	global_step=36300	acc=0.5625	acc_avg=0.5198	loss=1.8833	loss_avg=1.8518	lr=0.0059	|gn|=5.2535	time=3.42it/s
2025-11-26 05:51:13,675 ====================Eval Epoch 44====================
2025-11-26 05:51:16,240 epoch=44	global_step=31	acc=0.3750	acc_avg=0.5350	acc5=0.7500	acc5_avg=0.7840	loss=2.2221	loss_avg=2.0141	time=78.01it/s
2025-11-26 05:51:16,241 Eval Loss:2.0141	Eval acc: 53.50
2025-11-26 05:51:16,241 
2025-11-26 05:51:16,241 ====================Training Epoch 45====================
2025-11-26 05:51:30,405 epoch=45	global_step=36400	acc=0.4375	acc_avg=0.5091	loss=2.0626	loss_avg=1.9265	lr=0.0058	|gn|=5.3127	time=3.43it/s
2025-11-26 05:52:03,464 epoch=45	global_step=36500	acc=0.5625	acc_avg=0.5264	loss=1.3823	loss_avg=1.8661	lr=0.0058	|gn|=4.6566	time=3.42it/s
2025-11-26 05:52:36,505 epoch=45	global_step=36600	acc=0.6250	acc_avg=0.5279	loss=1.5559	loss_avg=1.8435	lr=0.0058	|gn|=4.4145	time=3.42it/s
2025-11-26 05:53:09,587 epoch=45	global_step=36700	acc=0.6250	acc_avg=0.5276	loss=1.6378	loss_avg=1.8387	lr=0.0058	|gn|=4.1848	time=3.42it/s
2025-11-26 05:53:42,692 epoch=45	global_step=36800	acc=0.4062	acc_avg=0.5272	loss=2.1740	loss_avg=1.8386	lr=0.0058	|gn|=5.1361	time=3.43it/s
2025-11-26 05:54:15,809 epoch=45	global_step=36900	acc=0.4688	acc_avg=0.5272	loss=1.8492	loss_avg=1.8346	lr=0.0058	|gn|=4.8663	time=3.43it/s
2025-11-26 05:54:48,890 epoch=45	global_step=37000	acc=0.4688	acc_avg=0.5293	loss=1.8136	loss_avg=1.8277	lr=0.0058	|gn|=5.1967	time=3.43it/s
2025-11-26 05:55:21,983 epoch=45	global_step=37100	acc=0.5938	acc_avg=0.5300	loss=1.6976	loss_avg=1.8242	lr=0.0058	|gn|=4.6832	time=3.43it/s
2025-11-26 05:55:44,207 ====================Eval Epoch 45====================
2025-11-26 05:55:46,727 epoch=45	global_step=31	acc=0.6250	acc_avg=0.5170	acc5=0.8750	acc5_avg=0.7860	loss=1.4916	loss_avg=2.1001	time=77.97it/s
2025-11-26 05:55:46,727 Eval Loss:2.1001	Eval acc: 51.70
2025-11-26 05:55:46,727 
2025-11-26 05:55:46,727 ====================Training Epoch 46====================
2025-11-26 05:55:58,220 epoch=46	global_step=37200	acc=0.5000	acc_avg=0.5237	loss=1.6256	loss_avg=1.7988	lr=0.0056	|gn|=4.1551	time=3.43it/s
2025-11-26 05:56:31,272 epoch=46	global_step=37300	acc=0.5938	acc_avg=0.5500	loss=1.3927	loss_avg=1.7114	lr=0.0056	|gn|=4.0762	time=3.43it/s
2025-11-26 05:57:04,402 epoch=46	global_step=37400	acc=0.5000	acc_avg=0.5463	loss=1.5170	loss_avg=1.7116	lr=0.0056	|gn|=4.6384	time=3.42it/s
2025-11-26 05:57:37,541 epoch=46	global_step=37500	acc=0.4688	acc_avg=0.5411	loss=2.0309	loss_avg=1.7405	lr=0.0056	|gn|=4.8159	time=3.42it/s
2025-11-26 05:58:10,732 epoch=46	global_step=37600	acc=0.4062	acc_avg=0.5415	loss=2.0159	loss_avg=1.7407	lr=0.0056	|gn|=5.5322	time=3.42it/s
2025-11-26 05:58:43,956 epoch=46	global_step=37700	acc=0.5938	acc_avg=0.5407	loss=1.7551	loss_avg=1.7508	lr=0.0056	|gn|=5.0097	time=3.41it/s
2025-11-26 05:59:17,256 epoch=46	global_step=37800	acc=0.4688	acc_avg=0.5388	loss=1.9309	loss_avg=1.7653	lr=0.0056	|gn|=4.9490	time=3.41it/s
2025-11-26 05:59:50,526 epoch=46	global_step=37900	acc=0.4375	acc_avg=0.5373	loss=1.8893	loss_avg=1.7697	lr=0.0056	|gn|=5.5820	time=3.41it/s
2025-11-26 06:00:15,488 ====================Eval Epoch 46====================
2025-11-26 06:00:18,097 epoch=46	global_step=31	acc=0.5000	acc_avg=0.5400	acc5=1.0000	acc5_avg=0.8130	loss=1.2375	loss_avg=1.8462	time=78.22it/s
2025-11-26 06:00:18,097 Eval Loss:1.8462	Eval acc: 54.00
2025-11-26 06:00:18,097 
2025-11-26 06:00:18,097 ====================Training Epoch 47====================
2025-11-26 06:00:26,998 epoch=47	global_step=38000	acc=0.5000	acc_avg=0.5913	loss=1.8350	loss_avg=1.5604	lr=0.0055	|gn|=4.7393	time=3.41it/s
2025-11-26 06:01:00,209 epoch=47	global_step=38100	acc=0.5625	acc_avg=0.5680	loss=1.8717	loss_avg=1.6747	lr=0.0055	|gn|=5.4421	time=3.41it/s
2025-11-26 06:01:33,380 epoch=47	global_step=38200	acc=0.3125	acc_avg=0.5561	loss=1.8615	loss_avg=1.6963	lr=0.0055	|gn|=5.2357	time=3.42it/s
2025-11-26 06:02:06,557 epoch=47	global_step=38300	acc=0.5938	acc_avg=0.5492	loss=1.7538	loss_avg=1.7253	lr=0.0055	|gn|=5.2335	time=3.42it/s
2025-11-26 06:02:39,742 epoch=47	global_step=38400	acc=0.5000	acc_avg=0.5471	loss=1.9327	loss_avg=1.7382	lr=0.0055	|gn|=5.4878	time=3.42it/s
2025-11-26 06:03:12,903 epoch=47	global_step=38500	acc=0.5938	acc_avg=0.5474	loss=1.4125	loss_avg=1.7415	lr=0.0055	|gn|=4.8088	time=3.42it/s
2025-11-26 06:03:46,087 epoch=47	global_step=38600	acc=0.5938	acc_avg=0.5455	loss=1.5936	loss_avg=1.7511	lr=0.0055	|gn|=4.5842	time=3.42it/s
2025-11-26 06:04:19,256 epoch=47	global_step=38700	acc=0.5000	acc_avg=0.5463	loss=1.4569	loss_avg=1.7525	lr=0.0055	|gn|=4.6758	time=3.42it/s
2025-11-26 06:04:46,824 ====================Eval Epoch 47====================
2025-11-26 06:04:49,374 epoch=47	global_step=31	acc=0.3750	acc_avg=0.5200	acc5=0.6250	acc5_avg=0.8000	loss=2.5934	loss_avg=2.1236	time=77.67it/s
2025-11-26 06:04:49,375 Eval Loss:2.1236	Eval acc: 52.00
2025-11-26 06:04:49,375 
2025-11-26 06:04:49,375 ====================Training Epoch 48====================
2025-11-26 06:04:55,716 epoch=48	global_step=38800	acc=0.5312	acc_avg=0.5699	loss=2.1102	loss_avg=1.6402	lr=0.0053	|gn|=9.0423	time=3.42it/s
2025-11-26 06:05:28,818 epoch=48	global_step=38900	acc=0.5000	acc_avg=0.5577	loss=1.9298	loss_avg=1.7047	lr=0.0053	|gn|=5.5479	time=3.42it/s
2025-11-26 06:06:01,913 epoch=48	global_step=39000	acc=0.5938	acc_avg=0.5593	loss=1.6599	loss_avg=1.7060	lr=0.0053	|gn|=4.8197	time=3.42it/s
2025-11-26 06:06:35,013 epoch=48	global_step=39100	acc=0.3750	acc_avg=0.5592	loss=2.2677	loss_avg=1.7104	lr=0.0053	|gn|=5.6864	time=3.42it/s
2025-11-26 06:07:08,091 epoch=48	global_step=39200	acc=0.6562	acc_avg=0.5567	loss=1.2103	loss_avg=1.7167	lr=0.0053	|gn|=4.6431	time=3.42it/s
2025-11-26 06:07:41,200 epoch=48	global_step=39300	acc=0.7188	acc_avg=0.5564	loss=1.0941	loss_avg=1.7199	lr=0.0053	|gn|=3.4221	time=3.42it/s
2025-11-26 06:08:14,304 epoch=48	global_step=39400	acc=0.5000	acc_avg=0.5565	loss=1.9626	loss_avg=1.7202	lr=0.0053	|gn|=5.4515	time=3.42it/s
2025-11-26 06:08:47,404 epoch=48	global_step=39500	acc=0.4688	acc_avg=0.5567	loss=1.7370	loss_avg=1.7191	lr=0.0053	|gn|=5.3660	time=3.42it/s
2025-11-26 06:09:17,592 ====================Eval Epoch 48====================
2025-11-26 06:09:20,138 epoch=48	global_step=31	acc=0.2500	acc_avg=0.5080	acc5=0.6250	acc5_avg=0.7870	loss=2.6788	loss_avg=2.1897	time=77.69it/s
2025-11-26 06:09:20,138 Eval Loss:2.1897	Eval acc: 50.80
2025-11-26 06:09:20,139 
2025-11-26 06:09:20,139 ====================Training Epoch 49====================
2025-11-26 06:09:23,711 epoch=49	global_step=39600	acc=0.4062	acc_avg=0.5139	loss=1.9987	loss_avg=1.7957	lr=0.0052	|gn|=5.1392	time=3.42it/s
2025-11-26 06:09:56,819 epoch=49	global_step=39700	acc=0.6562	acc_avg=0.5665	loss=1.9859	loss_avg=1.6940	lr=0.0052	|gn|=5.0382	time=3.42it/s
2025-11-26 06:10:29,922 epoch=49	global_step=39800	acc=0.7812	acc_avg=0.5677	loss=1.0081	loss_avg=1.6678	lr=0.0052	|gn|=3.7174	time=3.42it/s
2025-11-26 06:11:03,096 epoch=49	global_step=39900	acc=0.5625	acc_avg=0.5650	loss=1.4964	loss_avg=1.6808	lr=0.0052	|gn|=5.0271	time=3.42it/s
2025-11-26 06:11:36,221 epoch=49	global_step=40000	acc=0.5938	acc_avg=0.5643	loss=1.4697	loss_avg=1.6875	lr=0.0052	|gn|=4.4889	time=3.42it/s
2025-11-26 06:12:09,387 epoch=49	global_step=40100	acc=0.5625	acc_avg=0.5632	loss=1.6635	loss_avg=1.6908	lr=0.0052	|gn|=5.2903	time=3.42it/s
2025-11-26 06:12:42,525 epoch=49	global_step=40200	acc=0.4062	acc_avg=0.5623	loss=1.9823	loss_avg=1.6875	lr=0.0052	|gn|=6.1439	time=3.41it/s
2025-11-26 06:13:15,676 epoch=49	global_step=40300	acc=0.4688	acc_avg=0.5597	loss=1.7016	loss_avg=1.6917	lr=0.0052	|gn|=4.9463	time=3.42it/s
2025-11-26 06:13:48,549 ====================Eval Epoch 49====================
2025-11-26 06:13:51,157 epoch=49	global_step=31	acc=0.7500	acc_avg=0.5390	acc5=1.0000	acc5_avg=0.8050	loss=0.8459	loss_avg=1.9753	time=77.89it/s
2025-11-26 06:13:51,157 Eval Loss:1.9753	Eval acc: 53.90
2025-11-26 06:13:51,158 
2025-11-26 06:13:51,158 ====================Training Epoch 50====================
2025-11-26 06:13:52,077 epoch=50	global_step=40400	acc=0.6250	acc_avg=0.6250	loss=1.2187	loss_avg=1.2187	lr=0.0050	|gn|=4.3783	time=3.41it/s
2025-11-26 06:14:25,183 epoch=50	global_step=40500	acc=0.5938	acc_avg=0.5854	loss=1.2413	loss_avg=1.6048	lr=0.0050	|gn|=4.6860	time=3.42it/s
2025-11-26 06:14:58,281 epoch=50	global_step=40600	acc=0.5000	acc_avg=0.5774	loss=1.9638	loss_avg=1.6241	lr=0.0050	|gn|=5.5979	time=3.42it/s
2025-11-26 06:15:31,381 epoch=50	global_step=40700	acc=0.6250	acc_avg=0.5776	loss=1.3805	loss_avg=1.6318	lr=0.0050	|gn|=4.9679	time=3.42it/s
2025-11-26 06:16:04,501 epoch=50	global_step=40800	acc=0.5625	acc_avg=0.5763	loss=1.3903	loss_avg=1.6305	lr=0.0050	|gn|=4.2512	time=3.42it/s
2025-11-26 06:16:37,600 epoch=50	global_step=40900	acc=0.5312	acc_avg=0.5716	loss=1.6465	loss_avg=1.6417	lr=0.0050	|gn|=5.0005	time=3.42it/s
2025-11-26 06:17:10,731 epoch=50	global_step=41000	acc=0.5625	acc_avg=0.5676	loss=1.3733	loss_avg=1.6522	lr=0.0050	|gn|=4.9849	time=3.42it/s
2025-11-26 06:17:43,849 epoch=50	global_step=41100	acc=0.4688	acc_avg=0.5677	loss=1.7718	loss_avg=1.6473	lr=0.0050	|gn|=6.2568	time=3.42it/s
2025-11-26 06:18:16,975 epoch=50	global_step=41200	acc=0.3750	acc_avg=0.5673	loss=1.9792	loss_avg=1.6487	lr=0.0050	|gn|=5.8095	time=3.42it/s
2025-11-26 06:18:19,345 ====================Eval Epoch 50====================
2025-11-26 06:18:21,932 epoch=50	global_step=31	acc=0.2500	acc_avg=0.5430	acc5=0.6250	acc5_avg=0.8030	loss=2.7075	loss_avg=1.9119	time=77.61it/s
2025-11-26 06:18:21,932 Eval Loss:1.9119	Eval acc: 54.30
2025-11-26 06:18:21,932 
2025-11-26 06:18:21,932 ====================Training Epoch 51====================
2025-11-26 06:18:53,319 epoch=51	global_step=41300	acc=0.6875	acc_avg=0.5739	loss=1.3776	loss_avg=1.6520	lr=0.0048	|gn|=3.9944	time=3.42it/s
2025-11-26 06:19:26,545 epoch=51	global_step=41400	acc=0.5625	acc_avg=0.5795	loss=1.7082	loss_avg=1.6124	lr=0.0048	|gn|=4.4711	time=3.41it/s
2025-11-26 06:19:59,734 epoch=51	global_step=41500	acc=0.4688	acc_avg=0.5737	loss=2.1683	loss_avg=1.6310	lr=0.0048	|gn|=6.3106	time=3.42it/s
2025-11-26 06:20:32,907 epoch=51	global_step=41600	acc=0.5938	acc_avg=0.5748	loss=1.4032	loss_avg=1.6264	lr=0.0048	|gn|=4.7761	time=3.42it/s
2025-11-26 06:21:06,079 epoch=51	global_step=41700	acc=0.5000	acc_avg=0.5724	loss=1.5654	loss_avg=1.6250	lr=0.0048	|gn|=5.0744	time=3.42it/s
2025-11-26 06:21:39,258 epoch=51	global_step=41800	acc=0.5938	acc_avg=0.5710	loss=1.7294	loss_avg=1.6345	lr=0.0048	|gn|=5.5837	time=3.42it/s
2025-11-26 06:22:12,435 epoch=51	global_step=41900	acc=0.6562	acc_avg=0.5690	loss=1.6213	loss_avg=1.6365	lr=0.0048	|gn|=5.4375	time=3.42it/s
2025-11-26 06:22:45,618 epoch=51	global_step=42000	acc=0.6562	acc_avg=0.5701	loss=1.7470	loss_avg=1.6340	lr=0.0048	|gn|=6.0433	time=3.42it/s
2025-11-26 06:22:50,664 ====================Eval Epoch 51====================
2025-11-26 06:22:53,226 epoch=51	global_step=31	acc=0.3750	acc_avg=0.5270	acc5=0.6250	acc5_avg=0.7920	loss=2.7978	loss_avg=2.0233	time=77.95it/s
2025-11-26 06:22:53,226 Eval Loss:2.0233	Eval acc: 52.70
2025-11-26 06:22:53,227 
2025-11-26 06:22:53,227 ====================Training Epoch 52====================
2025-11-26 06:23:21,989 epoch=52	global_step=42100	acc=0.6875	acc_avg=0.5978	loss=1.1688	loss_avg=1.5353	lr=0.0047	|gn|=4.6238	time=3.42it/s
2025-11-26 06:23:55,116 epoch=52	global_step=42200	acc=0.5938	acc_avg=0.5916	loss=1.4684	loss_avg=1.5502	lr=0.0047	|gn|=5.1141	time=3.42it/s
2025-11-26 06:24:28,269 epoch=52	global_step=42300	acc=0.5625	acc_avg=0.5854	loss=1.4909	loss_avg=1.5672	lr=0.0047	|gn|=4.8677	time=3.42it/s
2025-11-26 06:25:01,420 epoch=52	global_step=42400	acc=0.6875	acc_avg=0.5835	loss=1.3265	loss_avg=1.5852	lr=0.0047	|gn|=5.2457	time=3.42it/s
2025-11-26 06:25:34,596 epoch=52	global_step=42500	acc=0.6562	acc_avg=0.5803	loss=1.4333	loss_avg=1.5950	lr=0.0047	|gn|=4.9913	time=3.41it/s
2025-11-26 06:26:07,751 epoch=52	global_step=42600	acc=0.7188	acc_avg=0.5816	loss=1.1991	loss_avg=1.5939	lr=0.0047	|gn|=5.0311	time=3.42it/s
2025-11-26 06:26:40,888 epoch=52	global_step=42700	acc=0.5312	acc_avg=0.5807	loss=1.5491	loss_avg=1.5976	lr=0.0047	|gn|=5.2945	time=3.42it/s
2025-11-26 06:27:14,060 epoch=52	global_step=42800	acc=0.7188	acc_avg=0.5837	loss=1.0954	loss_avg=1.5907	lr=0.0047	|gn|=4.3819	time=3.43it/s
2025-11-26 06:27:21,736 ====================Eval Epoch 52====================
2025-11-26 06:27:24,305 epoch=52	global_step=31	acc=0.2500	acc_avg=0.5590	acc5=0.6250	acc5_avg=0.8020	loss=2.8275	loss_avg=2.0423	time=77.63it/s
2025-11-26 06:27:24,305 Eval Loss:2.0423	Eval acc: 55.90
2025-11-26 06:27:24,306 
2025-11-26 06:27:24,306 ====================Training Epoch 53====================
2025-11-26 06:27:50,527 epoch=53	global_step=42900	acc=0.3750	acc_avg=0.5966	loss=2.3835	loss_avg=1.5580	lr=0.0045	|gn|=6.4441	time=3.42it/s
2025-11-26 06:28:23,751 epoch=53	global_step=43000	acc=0.7188	acc_avg=0.5877	loss=1.2194	loss_avg=1.5756	lr=0.0045	|gn|=4.4610	time=3.42it/s
2025-11-26 06:28:56,953 epoch=53	global_step=43100	acc=0.6250	acc_avg=0.5879	loss=1.1671	loss_avg=1.5715	lr=0.0045	|gn|=4.2106	time=3.42it/s
2025-11-26 06:29:30,157 epoch=53	global_step=43200	acc=0.6562	acc_avg=0.5889	loss=1.1641	loss_avg=1.5662	lr=0.0045	|gn|=4.5854	time=3.42it/s
2025-11-26 06:30:03,350 epoch=53	global_step=43300	acc=0.5000	acc_avg=0.5860	loss=2.0094	loss_avg=1.5781	lr=0.0045	|gn|=5.5986	time=3.42it/s
2025-11-26 06:30:36,606 epoch=53	global_step=43400	acc=0.5312	acc_avg=0.5864	loss=2.1147	loss_avg=1.5804	lr=0.0045	|gn|=6.0988	time=3.42it/s
2025-11-26 06:31:09,891 epoch=53	global_step=43500	acc=0.5312	acc_avg=0.5851	loss=1.9386	loss_avg=1.5822	lr=0.0045	|gn|=5.1014	time=3.41it/s
2025-11-26 06:31:43,162 epoch=53	global_step=43600	acc=0.5312	acc_avg=0.5850	loss=1.7963	loss_avg=1.5806	lr=0.0045	|gn|=5.6781	time=3.42it/s
2025-11-26 06:31:53,621 ====================Eval Epoch 53====================
2025-11-26 06:31:56,205 epoch=53	global_step=31	acc=0.2500	acc_avg=0.5400	acc5=0.5000	acc5_avg=0.7990	loss=3.2549	loss_avg=1.8726	time=77.99it/s
2025-11-26 06:31:56,205 Eval Loss:1.8726	Eval acc: 54.00
2025-11-26 06:31:56,206 
2025-11-26 06:31:56,206 ====================Training Epoch 54====================
2025-11-26 06:32:19,747 epoch=54	global_step=43700	acc=0.6875	acc_avg=0.6105	loss=1.2931	loss_avg=1.5202	lr=0.0044	|gn|=4.4599	time=3.41it/s
2025-11-26 06:32:53,000 epoch=54	global_step=43800	acc=0.5312	acc_avg=0.6002	loss=1.5618	loss_avg=1.5311	lr=0.0044	|gn|=5.0138	time=3.42it/s
2025-11-26 06:33:26,243 epoch=54	global_step=43900	acc=0.6875	acc_avg=0.6007	loss=1.1607	loss_avg=1.5294	lr=0.0044	|gn|=4.4950	time=3.41it/s
2025-11-26 06:33:59,489 epoch=54	global_step=44000	acc=0.5625	acc_avg=0.5978	loss=1.4117	loss_avg=1.5307	lr=0.0044	|gn|=5.1588	time=3.42it/s
2025-11-26 06:34:32,721 epoch=54	global_step=44100	acc=0.5312	acc_avg=0.5945	loss=1.6229	loss_avg=1.5465	lr=0.0044	|gn|=5.5289	time=3.42it/s
2025-11-26 06:35:05,951 epoch=54	global_step=44200	acc=0.6250	acc_avg=0.5975	loss=1.3281	loss_avg=1.5383	lr=0.0044	|gn|=4.6312	time=3.41it/s
2025-11-26 06:35:39,164 epoch=54	global_step=44300	acc=0.5312	acc_avg=0.5959	loss=1.5615	loss_avg=1.5416	lr=0.0044	|gn|=5.2859	time=3.42it/s
2025-11-26 06:36:12,402 epoch=54	global_step=44400	acc=0.5312	acc_avg=0.5967	loss=1.5169	loss_avg=1.5445	lr=0.0044	|gn|=5.0212	time=3.42it/s
2025-11-26 06:36:25,383 ====================Eval Epoch 54====================
2025-11-26 06:36:27,900 epoch=54	global_step=31	acc=0.2500	acc_avg=0.5420	acc5=0.7500	acc5_avg=0.8000	loss=2.1577	loss_avg=2.3737	time=77.88it/s
2025-11-26 06:36:27,900 Eval Loss:2.3737	Eval acc: 54.20
2025-11-26 06:36:27,900 
2025-11-26 06:36:27,901 ====================Training Epoch 55====================
2025-11-26 06:36:48,740 epoch=55	global_step=44500	acc=0.6250	acc_avg=0.6281	loss=1.4457	loss_avg=1.4586	lr=0.0042	|gn|=5.0716	time=3.42it/s
2025-11-26 06:37:21,901 epoch=55	global_step=44600	acc=0.6250	acc_avg=0.6091	loss=1.2139	loss_avg=1.5066	lr=0.0042	|gn|=4.2691	time=3.42it/s
2025-11-26 06:37:55,073 epoch=55	global_step=44700	acc=0.5000	acc_avg=0.6078	loss=1.6974	loss_avg=1.5064	lr=0.0042	|gn|=5.5432	time=3.42it/s
2025-11-26 06:38:28,245 epoch=55	global_step=44800	acc=0.6562	acc_avg=0.6034	loss=1.4279	loss_avg=1.5154	lr=0.0042	|gn|=4.5559	time=3.41it/s
2025-11-26 06:39:01,429 epoch=55	global_step=44900	acc=0.5312	acc_avg=0.6034	loss=1.5181	loss_avg=1.5185	lr=0.0042	|gn|=5.4122	time=3.41it/s
2025-11-26 06:39:34,603 epoch=55	global_step=45000	acc=0.6250	acc_avg=0.6007	loss=1.5420	loss_avg=1.5260	lr=0.0042	|gn|=5.9979	time=3.41it/s
2025-11-26 06:40:07,732 epoch=55	global_step=45100	acc=0.7188	acc_avg=0.6007	loss=1.4250	loss_avg=1.5267	lr=0.0042	|gn|=5.2129	time=3.42it/s
2025-11-26 06:40:40,906 epoch=55	global_step=45200	acc=0.6250	acc_avg=0.6019	loss=1.3267	loss_avg=1.5199	lr=0.0042	|gn|=5.0450	time=3.41it/s
2025-11-26 06:40:56,557 ====================Eval Epoch 55====================
2025-11-26 06:40:59,100 epoch=55	global_step=31	acc=0.3750	acc_avg=0.5510	acc5=0.7500	acc5_avg=0.8040	loss=2.3712	loss_avg=2.3300	time=77.67it/s
2025-11-26 06:40:59,101 Eval Loss:2.3300	Eval acc: 55.10
2025-11-26 06:40:59,101 
2025-11-26 06:40:59,101 ====================Training Epoch 56====================
2025-11-26 06:41:17,292 epoch=56	global_step=45300	acc=0.5938	acc_avg=0.6132	loss=1.2324	loss_avg=1.4165	lr=0.0041	|gn|=5.0610	time=3.42it/s
2025-11-26 06:41:50,472 epoch=56	global_step=45400	acc=0.6250	acc_avg=0.6109	loss=1.6041	loss_avg=1.4664	lr=0.0041	|gn|=5.3829	time=3.41it/s
2025-11-26 06:42:23,646 epoch=56	global_step=45500	acc=0.6562	acc_avg=0.6055	loss=1.3421	loss_avg=1.4898	lr=0.0041	|gn|=4.8582	time=3.42it/s
2025-11-26 06:42:56,756 epoch=56	global_step=45600	acc=0.5625	acc_avg=0.6132	loss=1.8442	loss_avg=1.4697	lr=0.0041	|gn|=6.2673	time=3.42it/s
2025-11-26 06:43:29,861 epoch=56	global_step=45700	acc=0.5312	acc_avg=0.6095	loss=1.3981	loss_avg=1.4753	lr=0.0041	|gn|=6.2506	time=3.42it/s
2025-11-26 06:44:02,968 epoch=56	global_step=45800	acc=0.4688	acc_avg=0.6100	loss=2.0958	loss_avg=1.4762	lr=0.0041	|gn|=7.4984	time=3.42it/s
2025-11-26 06:44:36,083 epoch=56	global_step=45900	acc=0.6562	acc_avg=0.6098	loss=1.3376	loss_avg=1.4801	lr=0.0041	|gn|=5.5903	time=3.42it/s
2025-11-26 06:45:09,209 epoch=56	global_step=46000	acc=0.5000	acc_avg=0.6072	loss=1.8002	loss_avg=1.4881	lr=0.0041	|gn|=7.2734	time=3.42it/s
2025-11-26 06:45:27,472 ====================Eval Epoch 56====================
2025-11-26 06:45:30,017 epoch=56	global_step=31	acc=0.3750	acc_avg=0.5560	acc5=0.7500	acc5_avg=0.8060	loss=1.9349	loss_avg=1.8681	time=77.50it/s
2025-11-26 06:45:30,017 Eval Loss:1.8681	Eval acc: 55.60
2025-11-26 06:45:30,017 
2025-11-26 06:45:30,017 ====================Training Epoch 57====================
2025-11-26 06:45:45,571 epoch=57	global_step=46100	acc=0.5938	acc_avg=0.6188	loss=1.3897	loss_avg=1.4195	lr=0.0039	|gn|=5.4747	time=3.42it/s
2025-11-26 06:46:18,742 epoch=57	global_step=46200	acc=0.6250	acc_avg=0.6300	loss=1.1564	loss_avg=1.4173	lr=0.0039	|gn|=4.9421	time=3.42it/s
2025-11-26 06:46:51,868 epoch=57	global_step=46300	acc=0.6250	acc_avg=0.6217	loss=1.4110	loss_avg=1.4373	lr=0.0039	|gn|=5.2015	time=3.42it/s
2025-11-26 06:47:24,985 epoch=57	global_step=46400	acc=0.6250	acc_avg=0.6222	loss=1.3872	loss_avg=1.4365	lr=0.0039	|gn|=5.2190	time=3.42it/s
2025-11-26 06:47:58,117 epoch=57	global_step=46500	acc=0.6562	acc_avg=0.6211	loss=1.3547	loss_avg=1.4385	lr=0.0039	|gn|=4.4149	time=3.42it/s
2025-11-26 06:48:31,237 epoch=57	global_step=46600	acc=0.5625	acc_avg=0.6189	loss=1.6487	loss_avg=1.4475	lr=0.0039	|gn|=5.8966	time=3.42it/s
2025-11-26 06:49:04,359 epoch=57	global_step=46700	acc=0.5000	acc_avg=0.6167	loss=1.5455	loss_avg=1.4551	lr=0.0039	|gn|=6.5138	time=3.42it/s
2025-11-26 06:49:37,474 epoch=57	global_step=46800	acc=0.6250	acc_avg=0.6160	loss=1.4091	loss_avg=1.4561	lr=0.0039	|gn|=5.9256	time=3.42it/s
2025-11-26 06:49:58,393 ====================Eval Epoch 57====================
2025-11-26 06:50:00,939 epoch=57	global_step=31	acc=0.3750	acc_avg=0.5540	acc5=0.8750	acc5_avg=0.8030	loss=1.4562	loss_avg=2.1520	time=77.77it/s
2025-11-26 06:50:00,939 Eval Loss:2.1520	Eval acc: 55.40
2025-11-26 06:50:00,940 
2025-11-26 06:50:00,940 ====================Training Epoch 58====================
2025-11-26 06:50:13,828 epoch=58	global_step=46900	acc=0.7188	acc_avg=0.6351	loss=1.1724	loss_avg=1.3978	lr=0.0038	|gn|=4.6719	time=3.43it/s
2025-11-26 06:50:46,947 epoch=58	global_step=47000	acc=0.6875	acc_avg=0.6198	loss=1.1288	loss_avg=1.4261	lr=0.0038	|gn|=5.1177	time=3.42it/s
2025-11-26 06:51:20,092 epoch=58	global_step=47100	acc=0.6875	acc_avg=0.6167	loss=1.1931	loss_avg=1.4455	lr=0.0038	|gn|=5.3194	time=3.42it/s
2025-11-26 06:51:53,202 epoch=58	global_step=47200	acc=0.6562	acc_avg=0.6193	loss=1.4040	loss_avg=1.4389	lr=0.0038	|gn|=5.1920	time=3.42it/s
2025-11-26 06:52:26,335 epoch=58	global_step=47300	acc=0.5938	acc_avg=0.6209	loss=1.5354	loss_avg=1.4334	lr=0.0038	|gn|=6.3011	time=3.42it/s
2025-11-26 06:52:59,469 epoch=58	global_step=47400	acc=0.6562	acc_avg=0.6190	loss=1.3074	loss_avg=1.4454	lr=0.0038	|gn|=5.2923	time=3.42it/s
2025-11-26 06:53:32,616 epoch=58	global_step=47500	acc=0.7188	acc_avg=0.6209	loss=1.0705	loss_avg=1.4379	lr=0.0038	|gn|=4.8606	time=3.42it/s
2025-11-26 06:54:05,686 epoch=58	global_step=47600	acc=0.5625	acc_avg=0.6215	loss=1.5078	loss_avg=1.4381	lr=0.0038	|gn|=5.5343	time=3.42it/s
2025-11-26 06:54:29,196 ====================Eval Epoch 58====================
2025-11-26 06:54:31,729 epoch=58	global_step=31	acc=0.3750	acc_avg=0.5570	acc5=0.8750	acc5_avg=0.7980	loss=2.1312	loss_avg=1.9281	time=77.88it/s
2025-11-26 06:54:31,730 Eval Loss:1.9281	Eval acc: 55.70
2025-11-26 06:54:31,730 
2025-11-26 06:54:31,730 ====================Training Epoch 59====================
2025-11-26 06:54:42,022 epoch=59	global_step=47700	acc=0.5938	acc_avg=0.6541	loss=1.2590	loss_avg=1.3436	lr=0.0036	|gn|=4.8699	time=3.40it/s
2025-11-26 06:55:15,214 epoch=59	global_step=47800	acc=0.5938	acc_avg=0.6284	loss=1.7059	loss_avg=1.4031	lr=0.0036	|gn|=5.8650	time=3.41it/s
2025-11-26 06:55:48,415 epoch=59	global_step=47900	acc=0.6562	acc_avg=0.6291	loss=1.1896	loss_avg=1.4074	lr=0.0036	|gn|=5.4104	time=3.41it/s
2025-11-26 06:56:21,617 epoch=59	global_step=48000	acc=0.5625	acc_avg=0.6281	loss=1.9011	loss_avg=1.4132	lr=0.0036	|gn|=6.1542	time=3.41it/s
2025-11-26 06:56:54,825 epoch=59	global_step=48100	acc=0.6562	acc_avg=0.6308	loss=1.1297	loss_avg=1.4052	lr=0.0036	|gn|=5.2010	time=3.41it/s
2025-11-26 06:57:28,035 epoch=59	global_step=48200	acc=0.5625	acc_avg=0.6314	loss=1.4352	loss_avg=1.3993	lr=0.0036	|gn|=6.4128	time=3.41it/s
2025-11-26 06:58:01,211 epoch=59	global_step=48300	acc=0.6562	acc_avg=0.6285	loss=1.3979	loss_avg=1.4085	lr=0.0036	|gn|=5.2031	time=3.41it/s
2025-11-26 06:58:34,392 epoch=59	global_step=48400	acc=0.6250	acc_avg=0.6272	loss=1.2142	loss_avg=1.4136	lr=0.0036	|gn|=5.0966	time=3.40it/s
2025-11-26 06:59:00,643 ====================Eval Epoch 59====================
2025-11-26 06:59:03,217 epoch=59	global_step=31	acc=0.1250	acc_avg=0.5640	acc5=0.6250	acc5_avg=0.8130	loss=2.9205	loss_avg=2.0757	time=77.86it/s
2025-11-26 06:59:03,217 Eval Loss:2.0757	Eval acc: 56.40
2025-11-26 06:59:03,217 
2025-11-26 06:59:03,218 ====================Training Epoch 60====================
2025-11-26 06:59:10,747 epoch=60	global_step=48500	acc=0.5938	acc_avg=0.6429	loss=1.2436	loss_avg=1.3458	lr=0.0035	|gn|=5.1957	time=3.42it/s
2025-11-26 06:59:43,897 epoch=60	global_step=48600	acc=0.7812	acc_avg=0.6444	loss=1.2122	loss_avg=1.3782	lr=0.0035	|gn|=4.9313	time=3.42it/s
2025-11-26 07:00:17,051 epoch=60	global_step=48700	acc=0.5938	acc_avg=0.6380	loss=1.5661	loss_avg=1.3863	lr=0.0035	|gn|=6.5238	time=3.42it/s
2025-11-26 07:00:50,178 epoch=60	global_step=48800	acc=0.6562	acc_avg=0.6331	loss=1.4592	loss_avg=1.3910	lr=0.0035	|gn|=5.5365	time=3.41it/s
2025-11-26 07:01:23,290 epoch=60	global_step=48900	acc=0.5938	acc_avg=0.6358	loss=1.2517	loss_avg=1.3911	lr=0.0035	|gn|=6.3205	time=3.42it/s
2025-11-26 07:01:56,373 epoch=60	global_step=49000	acc=0.6875	acc_avg=0.6351	loss=1.1280	loss_avg=1.3883	lr=0.0035	|gn|=4.9275	time=3.42it/s
2025-11-26 07:02:29,446 epoch=60	global_step=49100	acc=0.5625	acc_avg=0.6346	loss=1.7024	loss_avg=1.3898	lr=0.0035	|gn|=6.3175	time=3.42it/s
2025-11-26 07:03:02,511 epoch=60	global_step=49200	acc=0.7500	acc_avg=0.6356	loss=1.0267	loss_avg=1.3875	lr=0.0035	|gn|=4.2885	time=3.43it/s
2025-11-26 07:03:31,309 ====================Eval Epoch 60====================
2025-11-26 07:03:33,844 epoch=60	global_step=31	acc=0.3750	acc_avg=0.5430	acc5=0.8750	acc5_avg=0.8110	loss=2.2768	loss_avg=2.3937	time=78.04it/s
2025-11-26 07:03:33,845 Eval Loss:2.3937	Eval acc: 54.30
2025-11-26 07:03:33,845 
2025-11-26 07:03:33,845 ====================Training Epoch 61====================
2025-11-26 07:03:38,740 epoch=61	global_step=49300	acc=0.6875	acc_avg=0.6587	loss=1.1930	loss_avg=1.3400	lr=0.0033	|gn|=5.0834	time=3.42it/s
2025-11-26 07:04:11,776 epoch=61	global_step=49400	acc=0.5625	acc_avg=0.6513	loss=1.7157	loss_avg=1.3098	lr=0.0033	|gn|=5.7893	time=3.43it/s
2025-11-26 07:04:44,828 epoch=61	global_step=49500	acc=0.6250	acc_avg=0.6477	loss=1.2432	loss_avg=1.3235	lr=0.0033	|gn|=4.7391	time=3.43it/s
2025-11-26 07:05:17,913 epoch=61	global_step=49600	acc=0.6562	acc_avg=0.6417	loss=1.5291	loss_avg=1.3417	lr=0.0033	|gn|=6.2836	time=3.43it/s
2025-11-26 07:05:50,962 epoch=61	global_step=49700	acc=0.8125	acc_avg=0.6426	loss=0.9305	loss_avg=1.3531	lr=0.0033	|gn|=4.7834	time=3.42it/s
2025-11-26 07:06:24,046 epoch=61	global_step=49800	acc=0.6250	acc_avg=0.6410	loss=1.4330	loss_avg=1.3590	lr=0.0033	|gn|=5.8059	time=3.43it/s
2025-11-26 07:06:57,097 epoch=61	global_step=49900	acc=0.7188	acc_avg=0.6407	loss=1.2090	loss_avg=1.3602	lr=0.0033	|gn|=5.5191	time=3.43it/s
2025-11-26 07:07:30,177 epoch=61	global_step=50000	acc=0.8438	acc_avg=0.6392	loss=1.0871	loss_avg=1.3674	lr=0.0033	|gn|=5.5687	time=3.43it/s
2025-11-26 07:08:01,624 ====================Eval Epoch 61====================
2025-11-26 07:08:04,184 epoch=61	global_step=31	acc=0.5000	acc_avg=0.5810	acc5=0.8750	acc5_avg=0.8240	loss=1.8745	loss_avg=1.8523	time=77.88it/s
2025-11-26 07:08:04,184 Eval Loss:1.8523	Eval acc: 58.10
2025-11-26 07:08:04,184 
2025-11-26 07:08:04,185 ====================Training Epoch 62====================
2025-11-26 07:08:06,452 epoch=62	global_step=50100	acc=0.7500	acc_avg=0.6625	loss=0.9960	loss_avg=1.2350	lr=0.0032	|gn|=4.9665	time=3.43it/s
2025-11-26 07:08:39,606 epoch=62	global_step=50200	acc=0.6250	acc_avg=0.6551	loss=1.4391	loss_avg=1.3233	lr=0.0032	|gn|=5.8776	time=3.43it/s
2025-11-26 07:09:12,771 epoch=62	global_step=50300	acc=0.6250	acc_avg=0.6489	loss=1.5664	loss_avg=1.3301	lr=0.0032	|gn|=5.7539	time=3.42it/s
2025-11-26 07:09:45,996 epoch=62	global_step=50400	acc=0.6562	acc_avg=0.6447	loss=1.4205	loss_avg=1.3439	lr=0.0032	|gn|=7.3035	time=3.42it/s
2025-11-26 07:10:19,247 epoch=62	global_step=50500	acc=0.6250	acc_avg=0.6452	loss=1.3525	loss_avg=1.3404	lr=0.0032	|gn|=6.1427	time=3.41it/s
2025-11-26 07:10:52,526 epoch=62	global_step=50600	acc=0.6562	acc_avg=0.6452	loss=1.4458	loss_avg=1.3399	lr=0.0032	|gn|=6.7525	time=3.41it/s
2025-11-26 07:11:25,777 epoch=62	global_step=50700	acc=0.6875	acc_avg=0.6445	loss=1.4614	loss_avg=1.3390	lr=0.0032	|gn|=6.4665	time=3.41it/s
2025-11-26 07:11:58,997 epoch=62	global_step=50800	acc=0.7500	acc_avg=0.6433	loss=1.0866	loss_avg=1.3458	lr=0.0032	|gn|=5.3248	time=3.42it/s
2025-11-26 07:12:32,192 epoch=62	global_step=50900	acc=0.6250	acc_avg=0.6446	loss=1.6135	loss_avg=1.3433	lr=0.0032	|gn|=6.4594	time=3.42it/s
2025-11-26 07:12:33,234 ====================Eval Epoch 62====================
2025-11-26 07:12:35,813 epoch=62	global_step=31	acc=0.3750	acc_avg=0.5760	acc5=0.8750	acc5_avg=0.8330	loss=2.2203	loss_avg=1.7276	time=77.86it/s
2025-11-26 07:12:35,814 Eval Loss:1.7276	Eval acc: 57.60
2025-11-26 07:12:35,814 
2025-11-26 07:12:35,814 ====================Training Epoch 63====================
2025-11-26 07:13:08,705 epoch=63	global_step=51000	acc=0.7812	acc_avg=0.6604	loss=0.9638	loss_avg=1.2700	lr=0.0030	|gn|=5.1250	time=3.42it/s
2025-11-26 07:13:41,865 epoch=63	global_step=51100	acc=0.6875	acc_avg=0.6626	loss=1.1586	loss_avg=1.2765	lr=0.0030	|gn|=5.2329	time=3.42it/s
2025-11-26 07:14:15,023 epoch=63	global_step=51200	acc=0.6250	acc_avg=0.6578	loss=1.3243	loss_avg=1.2885	lr=0.0030	|gn|=5.1098	time=3.42it/s
2025-11-26 07:14:48,169 epoch=63	global_step=51300	acc=0.5312	acc_avg=0.6549	loss=1.6600	loss_avg=1.3007	lr=0.0030	|gn|=5.7239	time=3.42it/s
2025-11-26 07:15:21,314 epoch=63	global_step=51400	acc=0.6250	acc_avg=0.6559	loss=1.1997	loss_avg=1.3015	lr=0.0030	|gn|=5.4233	time=3.42it/s
2025-11-26 07:15:54,485 epoch=63	global_step=51500	acc=0.6250	acc_avg=0.6566	loss=1.1441	loss_avg=1.3025	lr=0.0030	|gn|=4.9651	time=3.42it/s
2025-11-26 07:16:27,598 epoch=63	global_step=51600	acc=0.7500	acc_avg=0.6553	loss=1.0588	loss_avg=1.3065	lr=0.0030	|gn|=5.3353	time=3.42it/s
2025-11-26 07:17:00,685 epoch=63	global_step=51700	acc=0.5625	acc_avg=0.6554	loss=1.6560	loss_avg=1.3066	lr=0.0030	|gn|=6.8039	time=3.43it/s
2025-11-26 07:17:04,358 ====================Eval Epoch 63====================
2025-11-26 07:17:06,926 epoch=63	global_step=31	acc=0.3750	acc_avg=0.5680	acc5=0.8750	acc5_avg=0.8190	loss=1.9953	loss_avg=2.8608	time=77.81it/s
2025-11-26 07:17:06,926 Eval Loss:2.8608	Eval acc: 56.80
2025-11-26 07:17:06,927 
2025-11-26 07:17:06,927 ====================Training Epoch 64====================
2025-11-26 07:17:37,075 epoch=64	global_step=51800	acc=0.8125	acc_avg=0.6598	loss=1.0323	loss_avg=1.3170	lr=0.0029	|gn|=4.9346	time=3.42it/s
2025-11-26 07:18:10,184 epoch=64	global_step=51900	acc=0.6875	acc_avg=0.6546	loss=0.9893	loss_avg=1.3024	lr=0.0029	|gn|=5.6553	time=3.42it/s
2025-11-26 07:18:43,290 epoch=64	global_step=52000	acc=0.7188	acc_avg=0.6547	loss=1.3876	loss_avg=1.3069	lr=0.0029	|gn|=5.5855	time=3.42it/s
2025-11-26 07:19:16,432 epoch=64	global_step=52100	acc=0.6250	acc_avg=0.6595	loss=1.4748	loss_avg=1.2912	lr=0.0029	|gn|=6.6601	time=3.42it/s
2025-11-26 07:19:49,618 epoch=64	global_step=52200	acc=0.6250	acc_avg=0.6586	loss=1.4857	loss_avg=1.2934	lr=0.0029	|gn|=6.1067	time=3.42it/s
2025-11-26 07:20:22,790 epoch=64	global_step=52300	acc=0.5938	acc_avg=0.6574	loss=1.3595	loss_avg=1.2928	lr=0.0029	|gn|=5.2617	time=3.42it/s
2025-11-26 07:20:55,970 epoch=64	global_step=52400	acc=0.4688	acc_avg=0.6557	loss=2.2436	loss_avg=1.3039	lr=0.0029	|gn|=7.7256	time=3.42it/s
2025-11-26 07:21:29,147 epoch=64	global_step=52500	acc=0.5625	acc_avg=0.6540	loss=1.7440	loss_avg=1.3114	lr=0.0029	|gn|=8.1246	time=3.42it/s
2025-11-26 07:21:35,507 ====================Eval Epoch 64====================
2025-11-26 07:21:38,091 epoch=64	global_step=31	acc=0.2500	acc_avg=0.5610	acc5=0.7500	acc5_avg=0.8010	loss=2.3175	loss_avg=4.6993	time=77.66it/s
2025-11-26 07:21:38,092 Eval Loss:4.6993	Eval acc: 56.10
2025-11-26 07:21:38,092 
2025-11-26 07:21:38,092 ====================Training Epoch 65====================
2025-11-26 07:22:05,624 epoch=65	global_step=52600	acc=0.6562	acc_avg=0.6478	loss=1.2437	loss_avg=1.2833	lr=0.0027	|gn|=5.7324	time=3.41it/s
2025-11-26 07:22:38,852 epoch=65	global_step=52700	acc=0.6250	acc_avg=0.6692	loss=1.3056	loss_avg=1.2304	lr=0.0027	|gn|=6.0043	time=3.41it/s
2025-11-26 07:23:12,105 epoch=65	global_step=52800	acc=0.6875	acc_avg=0.6616	loss=1.3514	loss_avg=1.2633	lr=0.0027	|gn|=6.5679	time=3.41it/s
2025-11-26 07:23:45,323 epoch=65	global_step=52900	acc=0.5625	acc_avg=0.6626	loss=1.3706	loss_avg=1.2653	lr=0.0027	|gn|=6.1984	time=3.41it/s
2025-11-26 07:24:18,564 epoch=65	global_step=53000	acc=0.5625	acc_avg=0.6598	loss=1.5457	loss_avg=1.2780	lr=0.0027	|gn|=7.7154	time=3.40it/s
2025-11-26 07:24:51,777 epoch=65	global_step=53100	acc=0.7188	acc_avg=0.6599	loss=1.2317	loss_avg=1.2784	lr=0.0027	|gn|=5.0448	time=3.41it/s
2025-11-26 07:25:25,021 epoch=65	global_step=53200	acc=0.6562	acc_avg=0.6567	loss=1.2171	loss_avg=1.2860	lr=0.0027	|gn|=6.0758	time=3.41it/s
2025-11-26 07:25:58,240 epoch=65	global_step=53300	acc=0.6875	acc_avg=0.6577	loss=1.0811	loss_avg=1.2879	lr=0.0027	|gn|=5.8226	time=3.41it/s
2025-11-26 07:26:07,252 ====================Eval Epoch 65====================
2025-11-26 07:26:09,823 epoch=65	global_step=31	acc=0.3750	acc_avg=0.5720	acc5=0.8750	acc5_avg=0.8130	loss=2.5743	loss_avg=2.4156	time=77.60it/s
2025-11-26 07:26:09,824 Eval Loss:2.4156	Eval acc: 57.20
2025-11-26 07:26:09,824 
2025-11-26 07:26:09,824 ====================Training Epoch 66====================
2025-11-26 07:26:34,628 epoch=66	global_step=53400	acc=0.7500	acc_avg=0.6652	loss=1.0602	loss_avg=1.2401	lr=0.0026	|gn|=6.3216	time=3.42it/s
2025-11-26 07:27:07,754 epoch=66	global_step=53500	acc=0.6875	acc_avg=0.6691	loss=1.1415	loss_avg=1.2357	lr=0.0026	|gn|=5.3846	time=3.42it/s
2025-11-26 07:27:40,894 epoch=66	global_step=53600	acc=0.7188	acc_avg=0.6710	loss=0.9555	loss_avg=1.2338	lr=0.0026	|gn|=4.8903	time=3.42it/s
2025-11-26 07:28:14,026 epoch=66	global_step=53700	acc=0.5938	acc_avg=0.6712	loss=1.4252	loss_avg=1.2393	lr=0.0026	|gn|=6.3934	time=3.43it/s
2025-11-26 07:28:47,142 epoch=66	global_step=53800	acc=0.6875	acc_avg=0.6697	loss=1.6480	loss_avg=1.2504	lr=0.0026	|gn|=7.1329	time=3.42it/s
2025-11-26 07:29:20,216 epoch=66	global_step=53900	acc=0.5938	acc_avg=0.6667	loss=1.3994	loss_avg=1.2590	lr=0.0026	|gn|=6.1252	time=3.42it/s
2025-11-26 07:29:53,294 epoch=66	global_step=54000	acc=0.5625	acc_avg=0.6669	loss=1.4232	loss_avg=1.2536	lr=0.0026	|gn|=6.5792	time=3.43it/s
2025-11-26 07:30:26,381 epoch=66	global_step=54100	acc=0.5625	acc_avg=0.6687	loss=1.5669	loss_avg=1.2537	lr=0.0026	|gn|=7.3888	time=3.42it/s
2025-11-26 07:30:38,015 ====================Eval Epoch 66====================
2025-11-26 07:30:40,580 epoch=66	global_step=31	acc=0.2500	acc_avg=0.5650	acc5=0.8750	acc5_avg=0.8080	loss=2.2190	loss_avg=2.8202	time=77.78it/s
2025-11-26 07:30:40,580 Eval Loss:2.8202	Eval acc: 56.50
2025-11-26 07:30:40,581 
2025-11-26 07:30:40,581 ====================Training Epoch 67====================
2025-11-26 07:31:02,770 epoch=67	global_step=54200	acc=0.5938	acc_avg=0.6875	loss=1.3166	loss_avg=1.1592	lr=0.0025	|gn|=5.9903	time=3.42it/s
2025-11-26 07:31:35,963 epoch=67	global_step=54300	acc=0.6875	acc_avg=0.6860	loss=1.2113	loss_avg=1.1958	lr=0.0025	|gn|=7.0870	time=3.42it/s
2025-11-26 07:32:09,143 epoch=67	global_step=54400	acc=0.6875	acc_avg=0.6866	loss=1.1612	loss_avg=1.1916	lr=0.0025	|gn|=5.4799	time=3.41it/s
2025-11-26 07:32:42,332 epoch=67	global_step=54500	acc=0.7500	acc_avg=0.6860	loss=1.3675	loss_avg=1.1917	lr=0.0025	|gn|=6.4052	time=3.42it/s
2025-11-26 07:33:15,534 epoch=67	global_step=54600	acc=0.5938	acc_avg=0.6805	loss=1.6997	loss_avg=1.2110	lr=0.0025	|gn|=7.8513	time=3.42it/s
2025-11-26 07:33:48,717 epoch=67	global_step=54700	acc=0.6875	acc_avg=0.6787	loss=1.1809	loss_avg=1.2140	lr=0.0025	|gn|=6.9716	time=3.42it/s
2025-11-26 07:34:21,902 epoch=67	global_step=54800	acc=0.6875	acc_avg=0.6781	loss=1.0026	loss_avg=1.2171	lr=0.0025	|gn|=5.2747	time=3.41it/s
2025-11-26 07:34:55,109 epoch=67	global_step=54900	acc=0.7812	acc_avg=0.6790	loss=0.8608	loss_avg=1.2175	lr=0.0025	|gn|=4.3539	time=3.41it/s
2025-11-26 07:35:09,421 ====================Eval Epoch 67====================
2025-11-26 07:35:11,960 epoch=67	global_step=31	acc=0.5000	acc_avg=0.5630	acc5=0.7500	acc5_avg=0.8220	loss=2.1106	loss_avg=2.0802	time=77.60it/s
2025-11-26 07:35:11,960 Eval Loss:2.0802	Eval acc: 56.30
2025-11-26 07:35:11,961 
2025-11-26 07:35:11,961 ====================Training Epoch 68====================
2025-11-26 07:35:31,430 epoch=68	global_step=55000	acc=0.6562	acc_avg=0.6842	loss=1.2981	loss_avg=1.2165	lr=0.0023	|gn|=8.0970	time=3.43it/s
2025-11-26 07:36:04,534 epoch=68	global_step=55100	acc=0.6250	acc_avg=0.6901	loss=1.5092	loss_avg=1.1767	lr=0.0023	|gn|=5.7782	time=3.42it/s
2025-11-26 07:36:37,676 epoch=68	global_step=55200	acc=0.8125	acc_avg=0.6823	loss=0.7323	loss_avg=1.1903	lr=0.0023	|gn|=5.6655	time=3.43it/s
2025-11-26 07:37:10,786 epoch=68	global_step=55300	acc=0.6562	acc_avg=0.6821	loss=1.0242	loss_avg=1.2003	lr=0.0023	|gn|=5.1193	time=3.42it/s
2025-11-26 07:37:43,935 epoch=68	global_step=55400	acc=0.6875	acc_avg=0.6814	loss=1.5468	loss_avg=1.2030	lr=0.0023	|gn|=7.1379	time=3.42it/s
2025-11-26 07:38:17,078 epoch=68	global_step=55500	acc=0.6250	acc_avg=0.6814	loss=1.2796	loss_avg=1.2033	lr=0.0023	|gn|=6.9151	time=3.42it/s
2025-11-26 07:38:50,199 epoch=68	global_step=55600	acc=0.5938	acc_avg=0.6820	loss=1.3345	loss_avg=1.2046	lr=0.0023	|gn|=6.3101	time=3.43it/s
2025-11-26 07:39:23,362 epoch=68	global_step=55700	acc=0.7188	acc_avg=0.6812	loss=1.0282	loss_avg=1.2061	lr=0.0023	|gn|=4.8390	time=3.42it/s
2025-11-26 07:39:40,303 ====================Eval Epoch 68====================
2025-11-26 07:39:42,744 epoch=68	global_step=31	acc=0.6250	acc_avg=0.5740	acc5=0.8750	acc5_avg=0.8040	loss=1.5353	loss_avg=3.7790	time=77.92it/s
2025-11-26 07:39:42,744 Eval Loss:3.7790	Eval acc: 57.40
2025-11-26 07:39:42,745 
2025-11-26 07:39:42,745 ====================Training Epoch 69====================
2025-11-26 07:39:59,598 epoch=69	global_step=55800	acc=0.5938	acc_avg=0.7054	loss=1.2744	loss_avg=1.1134	lr=0.0022	|gn|=5.8619	time=3.41it/s
2025-11-26 07:40:32,853 epoch=69	global_step=55900	acc=0.5938	acc_avg=0.6961	loss=1.2887	loss_avg=1.1709	lr=0.0022	|gn|=5.9180	time=3.41it/s
2025-11-26 07:41:06,071 epoch=69	global_step=56000	acc=0.6875	acc_avg=0.6977	loss=1.2273	loss_avg=1.1633	lr=0.0022	|gn|=5.8757	time=3.41it/s
2025-11-26 07:41:39,326 epoch=69	global_step=56100	acc=0.5938	acc_avg=0.6898	loss=1.2364	loss_avg=1.1780	lr=0.0022	|gn|=6.5727	time=3.41it/s
2025-11-26 07:42:12,544 epoch=69	global_step=56200	acc=0.6875	acc_avg=0.6868	loss=0.9831	loss_avg=1.1833	lr=0.0022	|gn|=5.6067	time=3.41it/s
2025-11-26 07:42:45,788 epoch=69	global_step=56300	acc=0.6250	acc_avg=0.6841	loss=1.5027	loss_avg=1.1913	lr=0.0022	|gn|=7.7836	time=3.41it/s
2025-11-26 07:43:19,032 epoch=69	global_step=56400	acc=0.7500	acc_avg=0.6844	loss=1.1912	loss_avg=1.1888	lr=0.0022	|gn|=6.7850	time=3.41it/s
2025-11-26 07:43:52,257 epoch=69	global_step=56500	acc=0.7188	acc_avg=0.6852	loss=1.0029	loss_avg=1.1882	lr=0.0022	|gn|=6.0432	time=3.42it/s
2025-11-26 07:44:11,912 ====================Eval Epoch 69====================
2025-11-26 07:44:14,485 epoch=69	global_step=31	acc=0.5000	acc_avg=0.5720	acc5=0.7500	acc5_avg=0.8140	loss=1.8359	loss_avg=2.6720	time=77.77it/s
2025-11-26 07:44:14,485 Eval Loss:2.6720	Eval acc: 57.20
2025-11-26 07:44:14,485 
2025-11-26 07:44:14,485 ====================Training Epoch 70====================
2025-11-26 07:44:28,725 epoch=70	global_step=56600	acc=0.5938	acc_avg=0.7066	loss=1.3815	loss_avg=1.0790	lr=0.0021	|gn|=7.5949	time=3.41it/s
2025-11-26 07:45:01,961 epoch=70	global_step=56700	acc=0.6875	acc_avg=0.6953	loss=1.0507	loss_avg=1.1505	lr=0.0021	|gn|=5.8474	time=3.41it/s
2025-11-26 07:45:35,207 epoch=70	global_step=56800	acc=0.6562	acc_avg=0.6944	loss=1.2779	loss_avg=1.1560	lr=0.0021	|gn|=5.7360	time=3.41it/s
2025-11-26 07:46:08,461 epoch=70	global_step=56900	acc=0.5000	acc_avg=0.6908	loss=1.6877	loss_avg=1.1697	lr=0.0021	|gn|=8.1756	time=3.41it/s
2025-11-26 07:46:41,710 epoch=70	global_step=57000	acc=0.7500	acc_avg=0.6914	loss=1.2568	loss_avg=1.1691	lr=0.0021	|gn|=6.5248	time=3.41it/s
2025-11-26 07:47:14,946 epoch=70	global_step=57100	acc=0.6875	acc_avg=0.6911	loss=1.0787	loss_avg=1.1697	lr=0.0021	|gn|=5.9689	time=3.41it/s
2025-11-26 07:47:48,174 epoch=70	global_step=57200	acc=0.6562	acc_avg=0.6913	loss=1.1463	loss_avg=1.1680	lr=0.0021	|gn|=6.1217	time=3.42it/s
2025-11-26 07:48:21,407 epoch=70	global_step=57300	acc=0.6875	acc_avg=0.6908	loss=1.3141	loss_avg=1.1719	lr=0.0021	|gn|=6.4025	time=3.42it/s
2025-11-26 07:48:43,710 ====================Eval Epoch 70====================
2025-11-26 07:48:46,293 epoch=70	global_step=31	acc=0.3750	acc_avg=0.5780	acc5=0.8750	acc5_avg=0.8170	loss=2.3918	loss_avg=3.4982	time=77.85it/s
2025-11-26 07:48:46,293 Eval Loss:3.4982	Eval acc: 57.80
2025-11-26 07:48:46,294 
2025-11-26 07:48:46,294 ====================Training Epoch 71====================
2025-11-26 07:48:57,834 epoch=71	global_step=57400	acc=0.6562	acc_avg=0.7301	loss=1.1270	loss_avg=1.0523	lr=0.0019	|gn|=6.4306	time=3.41it/s
2025-11-26 07:49:30,992 epoch=71	global_step=57500	acc=0.5938	acc_avg=0.6997	loss=1.5247	loss_avg=1.1334	lr=0.0019	|gn|=6.8141	time=3.43it/s
2025-11-26 07:50:04,119 epoch=71	global_step=57600	acc=0.7500	acc_avg=0.6974	loss=0.8474	loss_avg=1.1353	lr=0.0019	|gn|=5.2909	time=3.43it/s
2025-11-26 07:50:37,275 epoch=71	global_step=57700	acc=0.6875	acc_avg=0.6964	loss=1.1809	loss_avg=1.1473	lr=0.0019	|gn|=6.8485	time=3.43it/s
2025-11-26 07:51:10,385 epoch=71	global_step=57800	acc=0.5938	acc_avg=0.6962	loss=1.5002	loss_avg=1.1484	lr=0.0019	|gn|=7.5966	time=3.43it/s
2025-11-26 07:51:43,566 epoch=71	global_step=57900	acc=0.7188	acc_avg=0.6956	loss=1.0339	loss_avg=1.1490	lr=0.0019	|gn|=5.8906	time=3.42it/s
2025-11-26 07:52:16,731 epoch=71	global_step=58000	acc=0.6250	acc_avg=0.6935	loss=1.2467	loss_avg=1.1551	lr=0.0019	|gn|=6.9627	time=3.42it/s
2025-11-26 07:52:49,873 epoch=71	global_step=58100	acc=0.5312	acc_avg=0.6926	loss=1.5308	loss_avg=1.1636	lr=0.0019	|gn|=7.4730	time=3.43it/s
2025-11-26 07:53:14,771 ====================Eval Epoch 71====================
2025-11-26 07:53:17,335 epoch=71	global_step=31	acc=0.3750	acc_avg=0.5840	acc5=0.8750	acc5_avg=0.8330	loss=2.5073	loss_avg=2.0890	time=77.92it/s
2025-11-26 07:53:17,335 Eval Loss:2.0890	Eval acc: 58.40
2025-11-26 07:53:17,336 
2025-11-26 07:53:17,336 ====================Training Epoch 72====================
2025-11-26 07:53:26,278 epoch=72	global_step=58200	acc=0.6562	acc_avg=0.6987	loss=1.3565	loss_avg=1.1078	lr=0.0018	|gn|=6.7253	time=3.41it/s
2025-11-26 07:53:59,472 epoch=72	global_step=58300	acc=0.8125	acc_avg=0.7047	loss=0.9638	loss_avg=1.0967	lr=0.0018	|gn|=4.6292	time=3.42it/s
2025-11-26 07:54:32,656 epoch=72	global_step=58400	acc=0.7500	acc_avg=0.7007	loss=1.0506	loss_avg=1.1172	lr=0.0018	|gn|=5.4268	time=3.42it/s
2025-11-26 07:55:05,847 epoch=72	global_step=58500	acc=0.6875	acc_avg=0.6981	loss=1.2495	loss_avg=1.1265	lr=0.0018	|gn|=5.4823	time=3.41it/s
2025-11-26 07:55:39,018 epoch=72	global_step=58600	acc=0.8125	acc_avg=0.7013	loss=0.6517	loss_avg=1.1161	lr=0.0018	|gn|=5.1410	time=3.42it/s
2025-11-26 07:56:12,191 epoch=72	global_step=58700	acc=0.7500	acc_avg=0.7005	loss=1.0442	loss_avg=1.1203	lr=0.0018	|gn|=5.6721	time=3.41it/s
2025-11-26 07:56:45,372 epoch=72	global_step=58800	acc=0.7500	acc_avg=0.7025	loss=1.0234	loss_avg=1.1191	lr=0.0018	|gn|=5.4189	time=3.41it/s
2025-11-26 07:57:18,555 epoch=72	global_step=58900	acc=0.7188	acc_avg=0.7020	loss=1.3058	loss_avg=1.1220	lr=0.0018	|gn|=5.8754	time=3.42it/s
2025-11-26 07:57:46,125 ====================Eval Epoch 72====================
2025-11-26 07:57:48,674 epoch=72	global_step=31	acc=0.5000	acc_avg=0.5800	acc5=0.8750	acc5_avg=0.8130	loss=2.4025	loss_avg=2.5132	time=77.83it/s
2025-11-26 07:57:48,674 Eval Loss:2.5132	Eval acc: 58.00
2025-11-26 07:57:48,674 
2025-11-26 07:57:48,675 ====================Training Epoch 73====================
2025-11-26 07:57:55,012 epoch=73	global_step=59000	acc=0.6875	acc_avg=0.7261	loss=0.9682	loss_avg=1.0647	lr=0.0017	|gn|=5.4764	time=3.42it/s
2025-11-26 07:58:28,230 epoch=73	global_step=59100	acc=0.9062	acc_avg=0.7121	loss=0.7019	loss_avg=1.0819	lr=0.0017	|gn|=5.9451	time=3.42it/s
2025-11-26 07:59:01,411 epoch=73	global_step=59200	acc=0.7812	acc_avg=0.7101	loss=0.9388	loss_avg=1.0893	lr=0.0017	|gn|=6.2838	time=3.41it/s
2025-11-26 07:59:34,589 epoch=73	global_step=59300	acc=0.7812	acc_avg=0.7089	loss=0.8924	loss_avg=1.0950	lr=0.0017	|gn|=6.4530	time=3.42it/s
2025-11-26 08:00:07,776 epoch=73	global_step=59400	acc=0.6562	acc_avg=0.7054	loss=1.2549	loss_avg=1.1089	lr=0.0017	|gn|=5.9932	time=3.41it/s
2025-11-26 08:00:40,951 epoch=73	global_step=59500	acc=0.7812	acc_avg=0.7053	loss=0.9564	loss_avg=1.1106	lr=0.0017	|gn|=4.4740	time=3.41it/s
2025-11-26 08:01:14,146 epoch=73	global_step=59600	acc=0.8125	acc_avg=0.7051	loss=0.8770	loss_avg=1.1169	lr=0.0017	|gn|=4.3934	time=3.41it/s
2025-11-26 08:01:47,322 epoch=73	global_step=59700	acc=0.6875	acc_avg=0.7058	loss=0.9346	loss_avg=1.1165	lr=0.0017	|gn|=6.8622	time=3.42it/s
2025-11-26 08:02:17,565 ====================Eval Epoch 73====================
2025-11-26 08:02:20,141 epoch=73	global_step=31	acc=0.3750	acc_avg=0.5860	acc5=0.8750	acc5_avg=0.8300	loss=2.1799	loss_avg=1.8150	time=77.85it/s
2025-11-26 08:02:20,142 Eval Loss:1.8150	Eval acc: 58.60
2025-11-26 08:02:20,142 
2025-11-26 08:02:20,142 ====================Training Epoch 74====================
2025-11-26 08:02:23,720 epoch=74	global_step=59800	acc=0.5000	acc_avg=0.7014	loss=1.3415	loss_avg=1.0518	lr=0.0016	|gn|=7.7426	time=3.42it/s
2025-11-26 08:02:56,912 epoch=74	global_step=59900	acc=0.6875	acc_avg=0.7176	loss=1.4225	loss_avg=1.0754	lr=0.0016	|gn|=6.3058	time=3.41it/s
2025-11-26 08:03:30,138 epoch=74	global_step=60000	acc=0.7500	acc_avg=0.7129	loss=0.7085	loss_avg=1.0932	lr=0.0016	|gn|=6.4074	time=3.41it/s
2025-11-26 08:04:03,346 epoch=74	global_step=60100	acc=0.7188	acc_avg=0.7119	loss=1.0423	loss_avg=1.0920	lr=0.0016	|gn|=6.1495	time=3.41it/s
2025-11-26 08:04:36,556 epoch=74	global_step=60200	acc=0.7188	acc_avg=0.7114	loss=0.8650	loss_avg=1.0977	lr=0.0016	|gn|=6.1824	time=3.42it/s
2025-11-26 08:05:09,730 epoch=74	global_step=60300	acc=0.5938	acc_avg=0.7112	loss=1.2824	loss_avg=1.0931	lr=0.0016	|gn|=6.8247	time=3.41it/s
2025-11-26 08:05:42,917 epoch=74	global_step=60400	acc=0.6562	acc_avg=0.7093	loss=1.1873	loss_avg=1.0956	lr=0.0016	|gn|=7.1638	time=3.42it/s
2025-11-26 08:06:16,119 epoch=74	global_step=60500	acc=0.7188	acc_avg=0.7101	loss=0.8721	loss_avg=1.0949	lr=0.0016	|gn|=6.2994	time=3.41it/s
2025-11-26 08:06:49,021 ====================Eval Epoch 74====================
2025-11-26 08:06:51,574 epoch=74	global_step=31	acc=0.2500	acc_avg=0.5870	acc5=0.6250	acc5_avg=0.8410	loss=2.7985	loss_avg=1.6358	time=77.98it/s
2025-11-26 08:06:51,574 Eval Loss:1.6358	Eval acc: 58.70
2025-11-26 08:06:51,575 
2025-11-26 08:06:51,575 ====================Training Epoch 75====================
2025-11-26 08:06:52,506 epoch=75	global_step=60600	acc=0.7500	acc_avg=0.7500	loss=0.9509	loss_avg=0.9509	lr=0.0015	|gn|=5.2134	time=3.41it/s
2025-11-26 08:07:25,681 epoch=75	global_step=60700	acc=0.7188	acc_avg=0.7277	loss=0.8945	loss_avg=1.0506	lr=0.0015	|gn|=6.0612	time=3.41it/s
2025-11-26 08:07:58,845 epoch=75	global_step=60800	acc=0.6562	acc_avg=0.7251	loss=1.2513	loss_avg=1.0669	lr=0.0015	|gn|=7.1778	time=3.41it/s
2025-11-26 08:08:31,989 epoch=75	global_step=60900	acc=0.5625	acc_avg=0.7183	loss=1.6097	loss_avg=1.0810	lr=0.0015	|gn|=8.3358	time=3.41it/s
2025-11-26 08:09:05,141 epoch=75	global_step=61000	acc=0.7188	acc_avg=0.7170	loss=1.1974	loss_avg=1.0756	lr=0.0015	|gn|=5.8147	time=3.41it/s
2025-11-26 08:09:38,273 epoch=75	global_step=61100	acc=0.8125	acc_avg=0.7129	loss=0.7110	loss_avg=1.0893	lr=0.0015	|gn|=4.5420	time=3.42it/s
2025-11-26 08:10:11,416 epoch=75	global_step=61200	acc=0.5938	acc_avg=0.7110	loss=1.4013	loss_avg=1.0934	lr=0.0015	|gn|=8.4910	time=3.41it/s
2025-11-26 08:10:44,554 epoch=75	global_step=61300	acc=0.7500	acc_avg=0.7108	loss=1.0492	loss_avg=1.0921	lr=0.0015	|gn|=5.8430	time=3.41it/s
2025-11-26 08:11:17,695 epoch=75	global_step=61400	acc=0.8750	acc_avg=0.7098	loss=0.6462	loss_avg=1.0984	lr=0.0015	|gn|=5.3623	time=3.41it/s
2025-11-26 08:11:20,069 ====================Eval Epoch 75====================
2025-11-26 08:11:22,600 epoch=75	global_step=31	acc=0.5000	acc_avg=0.5760	acc5=0.7500	acc5_avg=0.8210	loss=2.5021	loss_avg=2.4721	time=77.74it/s
2025-11-26 08:11:22,600 Eval Loss:2.4721	Eval acc: 57.60
2025-11-26 08:11:22,601 
2025-11-26 08:11:22,601 ====================Training Epoch 76====================
2025-11-26 08:11:54,092 epoch=76	global_step=61500	acc=0.8750	acc_avg=0.7231	loss=0.9281	loss_avg=1.0572	lr=0.0014	|gn|=6.4797	time=3.42it/s
2025-11-26 08:12:27,247 epoch=76	global_step=61600	acc=0.7500	acc_avg=0.7247	loss=0.9890	loss_avg=1.0523	lr=0.0014	|gn|=5.8911	time=3.41it/s
2025-11-26 08:13:00,392 epoch=76	global_step=61700	acc=0.8750	acc_avg=0.7238	loss=0.9566	loss_avg=1.0559	lr=0.0014	|gn|=5.2694	time=3.42it/s
2025-11-26 08:13:33,513 epoch=76	global_step=61800	acc=0.5938	acc_avg=0.7216	loss=1.4345	loss_avg=1.0633	lr=0.0014	|gn|=7.8272	time=3.42it/s
2025-11-26 08:14:06,603 epoch=76	global_step=61900	acc=0.6875	acc_avg=0.7225	loss=1.2545	loss_avg=1.0602	lr=0.0014	|gn|=6.8945	time=3.42it/s
2025-11-26 08:14:39,658 epoch=76	global_step=62000	acc=0.7500	acc_avg=0.7211	loss=1.0063	loss_avg=1.0618	lr=0.0014	|gn|=6.7104	time=3.43it/s
2025-11-26 08:15:12,731 epoch=76	global_step=62100	acc=0.7188	acc_avg=0.7183	loss=1.1162	loss_avg=1.0663	lr=0.0014	|gn|=7.2441	time=3.43it/s
2025-11-26 08:15:45,790 epoch=76	global_step=62200	acc=0.8750	acc_avg=0.7193	loss=0.5101	loss_avg=1.0666	lr=0.0014	|gn|=4.4537	time=3.42it/s
2025-11-26 08:15:50,799 ====================Eval Epoch 76====================
2025-11-26 08:15:53,337 epoch=76	global_step=31	acc=0.5000	acc_avg=0.5770	acc5=0.7500	acc5_avg=0.8190	loss=2.5543	loss_avg=2.8079	time=78.27it/s
2025-11-26 08:15:53,337 Eval Loss:2.8079	Eval acc: 57.70
2025-11-26 08:15:53,338 
2025-11-26 08:15:53,338 ====================Training Epoch 77====================
2025-11-26 08:16:22,178 epoch=77	global_step=62300	acc=0.6875	acc_avg=0.7169	loss=1.0306	loss_avg=1.0707	lr=0.0012	|gn|=7.1256	time=3.43it/s
2025-11-26 08:16:55,215 epoch=77	global_step=62400	acc=0.6875	acc_avg=0.7196	loss=1.2220	loss_avg=1.0472	lr=0.0012	|gn|=6.0613	time=3.43it/s
2025-11-26 08:17:28,257 epoch=77	global_step=62500	acc=0.7500	acc_avg=0.7185	loss=0.9117	loss_avg=1.0570	lr=0.0012	|gn|=6.1264	time=3.43it/s
2025-11-26 08:18:01,297 epoch=77	global_step=62600	acc=0.7500	acc_avg=0.7196	loss=1.0392	loss_avg=1.0565	lr=0.0012	|gn|=6.5913	time=3.43it/s
2025-11-26 08:18:34,330 epoch=77	global_step=62700	acc=0.7500	acc_avg=0.7197	loss=1.3243	loss_avg=1.0599	lr=0.0012	|gn|=7.9299	time=3.43it/s
2025-11-26 08:19:07,371 epoch=77	global_step=62800	acc=0.7812	acc_avg=0.7210	loss=0.8207	loss_avg=1.0546	lr=0.0012	|gn|=4.9612	time=3.43it/s
2025-11-26 08:19:40,429 epoch=77	global_step=62900	acc=0.5938	acc_avg=0.7203	loss=1.2955	loss_avg=1.0578	lr=0.0012	|gn|=7.5983	time=3.43it/s
2025-11-26 08:20:13,525 epoch=77	global_step=63000	acc=0.7500	acc_avg=0.7221	loss=0.9325	loss_avg=1.0552	lr=0.0012	|gn|=6.5897	time=3.42it/s
2025-11-26 08:20:21,184 ====================Eval Epoch 77====================
2025-11-26 08:20:23,763 epoch=77	global_step=31	acc=0.2500	acc_avg=0.5790	acc5=0.7500	acc5_avg=0.8170	loss=2.8909	loss_avg=3.4274	time=78.01it/s
2025-11-26 08:20:23,763 Eval Loss:3.4274	Eval acc: 57.90
2025-11-26 08:20:23,763 
2025-11-26 08:20:23,763 ====================Training Epoch 78====================
2025-11-26 08:20:49,880 epoch=78	global_step=63100	acc=0.7188	acc_avg=0.7123	loss=1.2844	loss_avg=1.0801	lr=0.0011	|gn|=7.6432	time=3.41it/s
2025-11-26 08:21:23,103 epoch=78	global_step=63200	acc=0.8125	acc_avg=0.7138	loss=0.6849	loss_avg=1.0601	lr=0.0011	|gn|=4.7543	time=3.40it/s
2025-11-26 08:21:56,397 epoch=78	global_step=63300	acc=0.8125	acc_avg=0.7163	loss=0.8962	loss_avg=1.0564	lr=0.0011	|gn|=6.2559	time=3.40it/s
2025-11-26 08:22:29,711 epoch=78	global_step=63400	acc=0.5625	acc_avg=0.7214	loss=1.3984	loss_avg=1.0453	lr=0.0011	|gn|=7.4196	time=3.40it/s
2025-11-26 08:23:02,973 epoch=78	global_step=63500	acc=0.8125	acc_avg=0.7218	loss=0.7445	loss_avg=1.0450	lr=0.0011	|gn|=6.8021	time=3.41it/s
2025-11-26 08:23:36,230 epoch=78	global_step=63600	acc=0.6562	acc_avg=0.7242	loss=1.1517	loss_avg=1.0365	lr=0.0011	|gn|=6.8880	time=3.41it/s
2025-11-26 08:24:09,463 epoch=78	global_step=63700	acc=0.5938	acc_avg=0.7239	loss=1.3482	loss_avg=1.0377	lr=0.0011	|gn|=8.2777	time=3.41it/s
2025-11-26 08:24:42,674 epoch=78	global_step=63800	acc=0.8125	acc_avg=0.7222	loss=0.8472	loss_avg=1.0417	lr=0.0011	|gn|=6.2545	time=3.41it/s
2025-11-26 08:24:53,022 ====================Eval Epoch 78====================
2025-11-26 08:24:55,587 epoch=78	global_step=31	acc=0.5000	acc_avg=0.5890	acc5=0.8750	acc5_avg=0.8390	loss=2.4018	loss_avg=1.6514	time=77.68it/s
2025-11-26 08:24:55,588 Eval Loss:1.6514	Eval acc: 58.90
2025-11-26 08:24:55,588 
2025-11-26 08:24:55,588 ====================Training Epoch 79====================
2025-11-26 08:25:19,033 epoch=79	global_step=63900	acc=0.7812	acc_avg=0.7246	loss=0.7510	loss_avg=1.0316	lr=0.0010	|gn|=5.1562	time=3.43it/s
2025-11-26 08:25:52,153 epoch=79	global_step=64000	acc=0.7812	acc_avg=0.7267	loss=0.8343	loss_avg=1.0242	lr=0.0010	|gn|=5.8311	time=3.42it/s
2025-11-26 08:26:25,272 epoch=79	global_step=64100	acc=0.7500	acc_avg=0.7269	loss=0.8600	loss_avg=1.0250	lr=0.0010	|gn|=6.4311	time=3.42it/s
2025-11-26 08:26:58,390 epoch=79	global_step=64200	acc=0.8750	acc_avg=0.7271	loss=0.7249	loss_avg=1.0275	lr=0.0010	|gn|=5.1721	time=3.42it/s
2025-11-26 08:27:31,520 epoch=79	global_step=64300	acc=0.7500	acc_avg=0.7267	loss=0.9517	loss_avg=1.0261	lr=0.0010	|gn|=5.8273	time=3.42it/s
2025-11-26 08:28:04,655 epoch=79	global_step=64400	acc=0.7500	acc_avg=0.7295	loss=1.3585	loss_avg=1.0227	lr=0.0010	|gn|=7.6142	time=3.42it/s
2025-11-26 08:28:37,795 epoch=79	global_step=64500	acc=0.6562	acc_avg=0.7279	loss=1.1737	loss_avg=1.0256	lr=0.0010	|gn|=7.8316	time=3.42it/s
2025-11-26 08:29:10,921 epoch=79	global_step=64600	acc=0.8750	acc_avg=0.7277	loss=1.1363	loss_avg=1.0271	lr=0.0010	|gn|=6.6962	time=3.42it/s
2025-11-26 08:29:23,872 ====================Eval Epoch 79====================
2025-11-26 08:29:26,489 epoch=79	global_step=31	acc=0.5000	acc_avg=0.5880	acc5=0.8750	acc5_avg=0.8200	loss=2.0250	loss_avg=2.1966	time=77.75it/s
2025-11-26 08:29:26,489 Eval Loss:2.1966	Eval acc: 58.80
2025-11-26 08:29:26,490 
2025-11-26 08:29:26,490 ====================Training Epoch 80====================
2025-11-26 08:29:47,352 epoch=80	global_step=64700	acc=0.5938	acc_avg=0.7398	loss=1.5188	loss_avg=0.9679	lr=0.0010	|gn|=8.0935	time=3.42it/s
2025-11-26 08:30:20,470 epoch=80	global_step=64800	acc=0.6562	acc_avg=0.7283	loss=1.3234	loss_avg=1.0321	lr=0.0010	|gn|=8.6666	time=3.42it/s
2025-11-26 08:30:53,568 epoch=80	global_step=64900	acc=0.6250	acc_avg=0.7335	loss=1.1965	loss_avg=1.0131	lr=0.0010	|gn|=6.8815	time=3.42it/s
2025-11-26 08:31:26,703 epoch=80	global_step=65000	acc=0.6875	acc_avg=0.7322	loss=1.2440	loss_avg=1.0164	lr=0.0010	|gn|=7.1619	time=3.42it/s
2025-11-26 08:31:59,837 epoch=80	global_step=65100	acc=0.8438	acc_avg=0.7305	loss=0.7866	loss_avg=1.0166	lr=0.0010	|gn|=5.5663	time=3.42it/s
2025-11-26 08:32:32,947 epoch=80	global_step=65200	acc=0.8125	acc_avg=0.7324	loss=0.7179	loss_avg=1.0085	lr=0.0010	|gn|=6.8737	time=3.42it/s
2025-11-26 08:33:06,067 epoch=80	global_step=65300	acc=0.7812	acc_avg=0.7316	loss=0.9427	loss_avg=1.0131	lr=0.0010	|gn|=6.0181	time=3.43it/s
2025-11-26 08:33:39,185 epoch=80	global_step=65400	acc=0.6875	acc_avg=0.7310	loss=1.0497	loss_avg=1.0158	lr=0.0010	|gn|=6.3207	time=3.42it/s
2025-11-26 08:33:54,798 ====================Eval Epoch 80====================
2025-11-26 08:33:57,328 epoch=80	global_step=31	acc=0.3750	acc_avg=0.5840	acc5=0.7500	acc5_avg=0.8360	loss=2.5061	loss_avg=1.8247	time=77.86it/s
2025-11-26 08:33:57,329 Eval Loss:1.8247	Eval acc: 58.40
2025-11-26 08:33:57,329 
2025-11-26 08:33:57,329 ====================Training Epoch 81====================
2025-11-26 08:34:15,584 epoch=81	global_step=65500	acc=0.7812	acc_avg=0.7512	loss=0.8694	loss_avg=0.9937	lr=0.0009	|gn|=6.0726	time=3.42it/s
2025-11-26 08:34:48,704 epoch=81	global_step=65600	acc=0.5938	acc_avg=0.7390	loss=1.2566	loss_avg=1.0045	lr=0.0009	|gn|=7.5128	time=3.42it/s
2025-11-26 08:35:21,834 epoch=81	global_step=65700	acc=0.8125	acc_avg=0.7376	loss=0.7961	loss_avg=1.0041	lr=0.0009	|gn|=5.8539	time=3.42it/s
2025-11-26 08:35:54,954 epoch=81	global_step=65800	acc=0.7188	acc_avg=0.7378	loss=1.0519	loss_avg=1.0047	lr=0.0009	|gn|=6.8033	time=3.42it/s
2025-11-26 08:36:28,066 epoch=81	global_step=65900	acc=0.7188	acc_avg=0.7371	loss=1.2428	loss_avg=1.0030	lr=0.0009	|gn|=7.4258	time=3.42it/s
2025-11-26 08:37:01,175 epoch=81	global_step=66000	acc=0.7812	acc_avg=0.7350	loss=0.9470	loss_avg=1.0123	lr=0.0009	|gn|=5.7555	time=3.42it/s
2025-11-26 08:37:34,291 epoch=81	global_step=66100	acc=0.7500	acc_avg=0.7351	loss=1.0453	loss_avg=1.0095	lr=0.0009	|gn|=6.8971	time=3.41it/s
2025-11-26 08:38:07,450 epoch=81	global_step=66200	acc=0.7188	acc_avg=0.7344	loss=0.8107	loss_avg=1.0124	lr=0.0009	|gn|=6.0910	time=3.41it/s
2025-11-26 08:38:25,742 ====================Eval Epoch 81====================
2025-11-26 08:38:28,316 epoch=81	global_step=31	acc=0.2500	acc_avg=0.5810	acc5=0.8750	acc5_avg=0.8270	loss=2.4998	loss_avg=2.0228	time=77.55it/s
2025-11-26 08:38:28,317 Eval Loss:2.0228	Eval acc: 58.10
2025-11-26 08:38:28,317 
2025-11-26 08:38:28,317 ====================Training Epoch 82====================
2025-11-26 08:38:43,938 epoch=82	global_step=66300	acc=0.6562	acc_avg=0.7306	loss=1.1233	loss_avg=1.0014	lr=0.0008	|gn|=6.6295	time=3.41it/s
2025-11-26 08:39:17,159 epoch=82	global_step=66400	acc=0.7188	acc_avg=0.7358	loss=1.1337	loss_avg=1.0070	lr=0.0008	|gn|=7.2252	time=3.41it/s
2025-11-26 08:39:50,419 epoch=82	global_step=66500	acc=0.7500	acc_avg=0.7389	loss=1.1241	loss_avg=1.0049	lr=0.0008	|gn|=6.6637	time=3.41it/s
2025-11-26 08:40:23,663 epoch=82	global_step=66600	acc=0.7188	acc_avg=0.7367	loss=1.1183	loss_avg=1.0114	lr=0.0008	|gn|=6.4031	time=3.41it/s
2025-11-26 08:40:56,906 epoch=82	global_step=66700	acc=0.8438	acc_avg=0.7414	loss=0.7158	loss_avg=0.9987	lr=0.0008	|gn|=6.3443	time=3.42it/s
2025-11-26 08:41:30,109 epoch=82	global_step=66800	acc=0.8125	acc_avg=0.7424	loss=0.7679	loss_avg=1.0000	lr=0.0008	|gn|=5.1883	time=3.41it/s
2025-11-26 08:42:03,325 epoch=82	global_step=66900	acc=0.7500	acc_avg=0.7439	loss=1.0066	loss_avg=0.9961	lr=0.0008	|gn|=6.4631	time=3.42it/s
2025-11-26 08:42:36,569 epoch=82	global_step=67000	acc=0.7500	acc_avg=0.7421	loss=1.0908	loss_avg=1.0024	lr=0.0008	|gn|=7.3264	time=3.42it/s
2025-11-26 08:42:57,496 ====================Eval Epoch 82====================
2025-11-26 08:43:00,032 epoch=82	global_step=31	acc=0.2500	acc_avg=0.5820	acc5=0.7500	acc5_avg=0.8170	loss=2.6292	loss_avg=3.8977	time=77.74it/s
2025-11-26 08:43:00,032 Eval Loss:3.8977	Eval acc: 58.20
2025-11-26 08:43:00,032 
2025-11-26 08:43:00,032 ====================Training Epoch 83====================
2025-11-26 08:43:12,922 epoch=83	global_step=67100	acc=0.7188	acc_avg=0.7204	loss=1.2321	loss_avg=1.0546	lr=0.0007	|gn|=6.2492	time=3.42it/s
2025-11-26 08:43:46,043 epoch=83	global_step=67200	acc=0.7188	acc_avg=0.7391	loss=1.1816	loss_avg=1.0039	lr=0.0007	|gn|=6.6361	time=3.42it/s
2025-11-26 08:44:19,156 epoch=83	global_step=67300	acc=0.5625	acc_avg=0.7408	loss=1.1548	loss_avg=0.9866	lr=0.0007	|gn|=7.8070	time=3.43it/s
2025-11-26 08:44:52,291 epoch=83	global_step=67400	acc=0.6250	acc_avg=0.7366	loss=1.2438	loss_avg=0.9948	lr=0.0007	|gn|=7.2225	time=3.42it/s
2025-11-26 08:45:25,402 epoch=83	global_step=67500	acc=0.7500	acc_avg=0.7374	loss=1.1558	loss_avg=0.9967	lr=0.0007	|gn|=6.6819	time=3.42it/s
2025-11-26 08:45:58,546 epoch=83	global_step=67600	acc=0.7500	acc_avg=0.7399	loss=0.9300	loss_avg=0.9908	lr=0.0007	|gn|=5.9684	time=3.42it/s
2025-11-26 08:46:31,670 epoch=83	global_step=67700	acc=0.7812	acc_avg=0.7408	loss=0.7409	loss_avg=0.9859	lr=0.0007	|gn|=5.1582	time=3.42it/s
2025-11-26 08:47:04,833 epoch=83	global_step=67800	acc=0.7188	acc_avg=0.7390	loss=1.1674	loss_avg=0.9906	lr=0.0007	|gn|=7.2937	time=3.42it/s
2025-11-26 08:47:28,403 ====================Eval Epoch 83====================
2025-11-26 08:47:30,985 epoch=83	global_step=31	acc=0.3750	acc_avg=0.5770	acc5=0.7500	acc5_avg=0.8120	loss=2.3484	loss_avg=4.9722	time=77.71it/s
2025-11-26 08:47:30,985 Eval Loss:4.9722	Eval acc: 57.70
2025-11-26 08:47:30,985 
2025-11-26 08:47:30,986 ====================Training Epoch 84====================
2025-11-26 08:47:41,234 epoch=84	global_step=67900	acc=0.6250	acc_avg=0.7392	loss=1.4880	loss_avg=1.0257	lr=0.0006	|gn|=8.0834	time=3.43it/s
2025-11-26 08:48:14,329 epoch=84	global_step=68000	acc=0.8438	acc_avg=0.7548	loss=0.9503	loss_avg=0.9722	lr=0.0006	|gn|=7.1559	time=3.43it/s
2025-11-26 08:48:47,467 epoch=84	global_step=68100	acc=0.6875	acc_avg=0.7514	loss=1.1539	loss_avg=0.9624	lr=0.0006	|gn|=7.8454	time=3.42it/s
2025-11-26 08:49:20,575 epoch=84	global_step=68200	acc=0.8438	acc_avg=0.7472	loss=0.6315	loss_avg=0.9778	lr=0.0006	|gn|=5.0808	time=3.42it/s
2025-11-26 08:49:53,679 epoch=84	global_step=68300	acc=0.6250	acc_avg=0.7457	loss=1.3163	loss_avg=0.9768	lr=0.0006	|gn|=8.8607	time=3.42it/s
2025-11-26 08:50:26,781 epoch=84	global_step=68400	acc=0.9375	acc_avg=0.7463	loss=0.5140	loss_avg=0.9739	lr=0.0006	|gn|=4.1757	time=3.42it/s
2025-11-26 08:50:59,901 epoch=84	global_step=68500	acc=0.8750	acc_avg=0.7466	loss=0.6777	loss_avg=0.9773	lr=0.0006	|gn|=5.6717	time=3.42it/s
2025-11-26 08:51:33,006 epoch=84	global_step=68600	acc=0.7500	acc_avg=0.7453	loss=0.8949	loss_avg=0.9794	lr=0.0006	|gn|=5.2241	time=3.42it/s
2025-11-26 08:51:59,203 ====================Eval Epoch 84====================
2025-11-26 08:52:01,773 epoch=84	global_step=31	acc=0.5000	acc_avg=0.5830	acc5=0.7500	acc5_avg=0.8170	loss=2.6308	loss_avg=3.6857	time=77.53it/s
2025-11-26 08:52:01,773 Eval Loss:3.6857	Eval acc: 58.30
2025-11-26 08:52:01,774 
2025-11-26 08:52:01,774 ====================Training Epoch 85====================
2025-11-26 08:52:09,307 epoch=85	global_step=68700	acc=0.7812	acc_avg=0.7440	loss=0.7828	loss_avg=1.0173	lr=0.0005	|gn|=5.1406	time=3.43it/s
2025-11-26 08:52:42,422 epoch=85	global_step=68800	acc=0.6562	acc_avg=0.7523	loss=1.0432	loss_avg=0.9577	lr=0.0005	|gn|=7.2304	time=3.43it/s
2025-11-26 08:53:15,515 epoch=85	global_step=68900	acc=0.7812	acc_avg=0.7511	loss=1.1505	loss_avg=0.9575	lr=0.0005	|gn|=6.7784	time=3.42it/s
2025-11-26 08:53:48,613 epoch=85	global_step=69000	acc=0.6875	acc_avg=0.7504	loss=1.0277	loss_avg=0.9664	lr=0.0005	|gn|=6.8829	time=3.42it/s
2025-11-26 08:54:21,719 epoch=85	global_step=69100	acc=0.8438	acc_avg=0.7502	loss=0.7915	loss_avg=0.9622	lr=0.0005	|gn|=5.3922	time=3.42it/s
2025-11-26 08:54:54,810 epoch=85	global_step=69200	acc=0.6562	acc_avg=0.7491	loss=0.9769	loss_avg=0.9619	lr=0.0005	|gn|=6.3589	time=3.42it/s
2025-11-26 08:55:27,918 epoch=85	global_step=69300	acc=0.7812	acc_avg=0.7485	loss=0.6944	loss_avg=0.9639	lr=0.0005	|gn|=5.4781	time=3.42it/s
2025-11-26 08:56:01,015 epoch=85	global_step=69400	acc=0.8125	acc_avg=0.7486	loss=0.6275	loss_avg=0.9664	lr=0.0005	|gn|=5.9743	time=3.42it/s
2025-11-26 08:56:29,864 ====================Eval Epoch 85====================
2025-11-26 08:56:32,434 epoch=85	global_step=31	acc=0.3750	acc_avg=0.5830	acc5=0.8750	acc5_avg=0.8220	loss=2.1514	loss_avg=2.9232	time=78.01it/s
2025-11-26 08:56:32,434 Eval Loss:2.9232	Eval acc: 58.30
2025-11-26 08:56:32,434 
2025-11-26 08:56:32,434 ====================Training Epoch 86====================
2025-11-26 08:56:37,341 epoch=86	global_step=69500	acc=0.7812	acc_avg=0.7476	loss=0.8684	loss_avg=0.9865	lr=0.0005	|gn|=5.6198	time=3.42it/s
2025-11-26 08:57:10,464 epoch=86	global_step=69600	acc=0.7812	acc_avg=0.7536	loss=0.9138	loss_avg=0.9494	lr=0.0005	|gn|=6.3471	time=3.43it/s
2025-11-26 08:57:43,569 epoch=86	global_step=69700	acc=0.8125	acc_avg=0.7548	loss=0.9042	loss_avg=0.9464	lr=0.0005	|gn|=7.5156	time=3.42it/s
2025-11-26 08:58:16,674 epoch=86	global_step=69800	acc=0.8125	acc_avg=0.7534	loss=0.8823	loss_avg=0.9523	lr=0.0005	|gn|=4.9091	time=3.43it/s
2025-11-26 08:58:49,781 epoch=86	global_step=69900	acc=0.8125	acc_avg=0.7539	loss=0.7550	loss_avg=0.9490	lr=0.0005	|gn|=5.8876	time=3.42it/s
2025-11-26 08:59:22,881 epoch=86	global_step=70000	acc=0.8125	acc_avg=0.7527	loss=0.7871	loss_avg=0.9496	lr=0.0005	|gn|=5.6281	time=3.43it/s
2025-11-26 08:59:55,970 epoch=86	global_step=70100	acc=0.7188	acc_avg=0.7508	loss=1.0689	loss_avg=0.9542	lr=0.0005	|gn|=7.2008	time=3.43it/s
2025-11-26 09:00:29,066 epoch=86	global_step=70200	acc=0.7500	acc_avg=0.7521	loss=1.0948	loss_avg=0.9533	lr=0.0005	|gn|=6.4027	time=3.42it/s
2025-11-26 09:01:00,561 ====================Eval Epoch 86====================
2025-11-26 09:01:03,063 epoch=86	global_step=31	acc=0.5000	acc_avg=0.5800	acc5=0.8750	acc5_avg=0.8190	loss=2.0525	loss_avg=2.9045	time=77.85it/s
2025-11-26 09:01:03,064 Eval Loss:2.9045	Eval acc: 58.00
2025-11-26 09:01:03,064 
2025-11-26 09:01:03,064 ====================Training Epoch 87====================
2025-11-26 09:01:05,607 epoch=87	global_step=70300	acc=0.8125	acc_avg=0.7438	loss=1.0745	loss_avg=1.0165	lr=0.0004	|gn|=5.5938	time=3.40it/s
2025-11-26 09:01:38,778 epoch=87	global_step=70400	acc=0.6562	acc_avg=0.7536	loss=1.1625	loss_avg=0.9713	lr=0.0004	|gn|=6.5031	time=3.43it/s
2025-11-26 09:02:11,939 epoch=87	global_step=70500	acc=0.7812	acc_avg=0.7466	loss=1.0379	loss_avg=0.9675	lr=0.0004	|gn|=7.0556	time=3.42it/s
2025-11-26 09:02:45,063 epoch=87	global_step=70600	acc=0.8438	acc_avg=0.7499	loss=0.5924	loss_avg=0.9569	lr=0.0004	|gn|=6.9882	time=3.42it/s
2025-11-26 09:03:18,153 epoch=87	global_step=70700	acc=0.7500	acc_avg=0.7498	loss=0.8379	loss_avg=0.9558	lr=0.0004	|gn|=5.7896	time=3.43it/s
2025-11-26 09:03:51,254 epoch=87	global_step=70800	acc=0.7812	acc_avg=0.7483	loss=1.0798	loss_avg=0.9599	lr=0.0004	|gn|=6.8308	time=3.42it/s
2025-11-26 09:04:24,342 epoch=87	global_step=70900	acc=0.6875	acc_avg=0.7484	loss=1.1974	loss_avg=0.9584	lr=0.0004	|gn|=8.2823	time=3.42it/s
2025-11-26 09:04:57,440 epoch=87	global_step=71000	acc=0.6875	acc_avg=0.7477	loss=1.0077	loss_avg=0.9602	lr=0.0004	|gn|=5.5043	time=3.42it/s
2025-11-26 09:05:30,536 epoch=87	global_step=71100	acc=0.7500	acc_avg=0.7493	loss=1.0336	loss_avg=0.9530	lr=0.0004	|gn|=6.6776	time=3.42it/s
2025-11-26 09:05:31,571 ====================Eval Epoch 87====================
2025-11-26 09:05:34,200 epoch=87	global_step=31	acc=0.5000	acc_avg=0.5810	acc5=0.8750	acc5_avg=0.8140	loss=2.2769	loss_avg=2.8152	time=77.72it/s
2025-11-26 09:05:34,200 Eval Loss:2.8152	Eval acc: 58.10
2025-11-26 09:05:34,200 
2025-11-26 09:05:34,200 ====================Training Epoch 88====================
2025-11-26 09:06:07,054 epoch=88	global_step=71200	acc=0.8125	acc_avg=0.7568	loss=0.7128	loss_avg=0.9502	lr=0.0004	|gn|=5.4982	time=3.42it/s
2025-11-26 09:06:40,283 epoch=88	global_step=71300	acc=0.8125	acc_avg=0.7544	loss=0.7534	loss_avg=0.9450	lr=0.0004	|gn|=6.5061	time=3.41it/s
2025-11-26 09:07:13,520 epoch=88	global_step=71400	acc=0.8438	acc_avg=0.7528	loss=0.9783	loss_avg=0.9472	lr=0.0004	|gn|=6.3748	time=3.41it/s
2025-11-26 09:07:46,758 epoch=88	global_step=71500	acc=0.7812	acc_avg=0.7544	loss=0.9282	loss_avg=0.9381	lr=0.0004	|gn|=6.4787	time=3.42it/s
2025-11-26 09:08:19,999 epoch=88	global_step=71600	acc=0.8438	acc_avg=0.7521	loss=0.6980	loss_avg=0.9402	lr=0.0004	|gn|=6.3384	time=3.41it/s
2025-11-26 09:08:53,232 epoch=88	global_step=71700	acc=0.8125	acc_avg=0.7517	loss=0.7152	loss_avg=0.9457	lr=0.0004	|gn|=4.9045	time=3.41it/s
2025-11-26 09:09:26,440 epoch=88	global_step=71800	acc=0.6875	acc_avg=0.7516	loss=1.1609	loss_avg=0.9496	lr=0.0004	|gn|=7.2778	time=3.42it/s
2025-11-26 09:09:59,622 epoch=88	global_step=71900	acc=0.8125	acc_avg=0.7499	loss=0.8027	loss_avg=0.9520	lr=0.0004	|gn|=6.7531	time=3.41it/s
2025-11-26 09:10:03,328 ====================Eval Epoch 88====================
2025-11-26 09:10:05,889 epoch=88	global_step=31	acc=0.5000	acc_avg=0.5770	acc5=0.8750	acc5_avg=0.8140	loss=2.3079	loss_avg=4.3891	time=77.79it/s
2025-11-26 09:10:05,889 Eval Loss:4.3891	Eval acc: 57.70
2025-11-26 09:10:05,889 
2025-11-26 09:10:05,889 ====================Training Epoch 89====================
2025-11-26 09:10:36,068 epoch=89	global_step=72000	acc=0.6250	acc_avg=0.7479	loss=1.3764	loss_avg=0.9629	lr=0.0003	|gn|=8.5764	time=3.41it/s
2025-11-26 09:11:09,305 epoch=89	global_step=72100	acc=0.7812	acc_avg=0.7510	loss=0.7479	loss_avg=0.9505	lr=0.0003	|gn|=6.2331	time=3.41it/s
2025-11-26 09:11:42,544 epoch=89	global_step=72200	acc=0.8125	acc_avg=0.7531	loss=0.8808	loss_avg=0.9436	lr=0.0003	|gn|=5.7641	time=3.41it/s
2025-11-26 09:12:15,794 epoch=89	global_step=72300	acc=0.7812	acc_avg=0.7532	loss=0.8791	loss_avg=0.9425	lr=0.0003	|gn|=5.4958	time=3.42it/s
2025-11-26 09:12:49,035 epoch=89	global_step=72400	acc=0.5938	acc_avg=0.7554	loss=1.5128	loss_avg=0.9370	lr=0.0003	|gn|=7.9520	time=3.42it/s
2025-11-26 09:13:22,276 epoch=89	global_step=72500	acc=0.6562	acc_avg=0.7558	loss=0.9595	loss_avg=0.9389	lr=0.0003	|gn|=6.4421	time=3.41it/s
2025-11-26 09:13:55,515 epoch=89	global_step=72600	acc=0.7812	acc_avg=0.7543	loss=0.8882	loss_avg=0.9426	lr=0.0003	|gn|=5.7599	time=3.41it/s
2025-11-26 09:14:28,743 epoch=89	global_step=72700	acc=0.8125	acc_avg=0.7547	loss=0.9686	loss_avg=0.9385	lr=0.0003	|gn|=7.1495	time=3.41it/s
2025-11-26 09:14:35,103 ====================Eval Epoch 89====================
2025-11-26 09:14:37,570 epoch=89	global_step=31	acc=0.2500	acc_avg=0.5810	acc5=0.8750	acc5_avg=0.8150	loss=2.2975	loss_avg=2.9033	time=77.69it/s
2025-11-26 09:14:37,570 Eval Loss:2.9033	Eval acc: 58.10
2025-11-26 09:14:37,570 
2025-11-26 09:14:37,570 ====================Training Epoch 90====================
2025-11-26 09:15:05,101 epoch=90	global_step=72800	acc=0.7188	acc_avg=0.7681	loss=1.2033	loss_avg=0.9411	lr=0.0002	|gn|=7.0493	time=3.41it/s
2025-11-26 09:15:38,298 epoch=90	global_step=72900	acc=0.7188	acc_avg=0.7648	loss=0.8742	loss_avg=0.9172	lr=0.0002	|gn|=7.1018	time=3.42it/s
2025-11-26 09:16:11,481 epoch=90	global_step=73000	acc=0.7812	acc_avg=0.7595	loss=0.9975	loss_avg=0.9289	lr=0.0002	|gn|=5.9555	time=3.41it/s
2025-11-26 09:16:44,670 epoch=90	global_step=73100	acc=0.6250	acc_avg=0.7574	loss=1.3685	loss_avg=0.9367	lr=0.0002	|gn|=7.8746	time=3.41it/s
2025-11-26 09:17:17,866 epoch=90	global_step=73200	acc=0.7500	acc_avg=0.7530	loss=1.2032	loss_avg=0.9434	lr=0.0002	|gn|=6.8583	time=3.42it/s
2025-11-26 09:17:51,075 epoch=90	global_step=73300	acc=0.7188	acc_avg=0.7545	loss=0.8606	loss_avg=0.9344	lr=0.0002	|gn|=5.4877	time=3.41it/s
2025-11-26 09:18:24,315 epoch=90	global_step=73400	acc=0.7500	acc_avg=0.7525	loss=1.3112	loss_avg=0.9429	lr=0.0002	|gn|=7.0316	time=3.42it/s
2025-11-26 09:18:57,556 epoch=90	global_step=73500	acc=0.7500	acc_avg=0.7524	loss=0.9470	loss_avg=0.9451	lr=0.0002	|gn|=6.6896	time=3.41it/s
2025-11-26 09:19:06,588 ====================Eval Epoch 90====================
2025-11-26 09:19:09,151 epoch=90	global_step=31	acc=0.3750	acc_avg=0.5820	acc5=0.8750	acc5_avg=0.8090	loss=2.2200	loss_avg=5.1545	time=77.69it/s
2025-11-26 09:19:09,152 Eval Loss:5.1545	Eval acc: 58.20
2025-11-26 09:19:09,152 
2025-11-26 09:19:09,152 ====================Training Epoch 91====================
2025-11-26 09:19:33,926 epoch=91	global_step=73600	acc=0.7812	acc_avg=0.7521	loss=0.7436	loss_avg=0.9241	lr=0.0002	|gn|=5.7687	time=3.42it/s
2025-11-26 09:20:07,051 epoch=91	global_step=73700	acc=0.7812	acc_avg=0.7477	loss=1.2253	loss_avg=0.9506	lr=0.0002	|gn|=7.0319	time=3.43it/s
2025-11-26 09:20:40,156 epoch=91	global_step=73800	acc=0.8125	acc_avg=0.7546	loss=0.7646	loss_avg=0.9273	lr=0.0002	|gn|=6.4488	time=3.42it/s
2025-11-26 09:21:13,256 epoch=91	global_step=73900	acc=0.7188	acc_avg=0.7565	loss=0.7564	loss_avg=0.9240	lr=0.0002	|gn|=7.0225	time=3.42it/s
2025-11-26 09:21:46,368 epoch=91	global_step=74000	acc=0.8438	acc_avg=0.7550	loss=0.6494	loss_avg=0.9295	lr=0.0002	|gn|=5.0621	time=3.42it/s
2025-11-26 09:22:19,486 epoch=91	global_step=74100	acc=0.7812	acc_avg=0.7585	loss=0.9573	loss_avg=0.9190	lr=0.0002	|gn|=6.3315	time=3.42it/s
2025-11-26 09:22:52,595 epoch=91	global_step=74200	acc=0.6875	acc_avg=0.7588	loss=1.2644	loss_avg=0.9213	lr=0.0002	|gn|=8.7105	time=3.42it/s
2025-11-26 09:23:25,707 epoch=91	global_step=74300	acc=0.7188	acc_avg=0.7591	loss=1.0368	loss_avg=0.9212	lr=0.0002	|gn|=6.4248	time=3.42it/s
2025-11-26 09:23:37,333 ====================Eval Epoch 91====================
2025-11-26 09:23:39,914 epoch=91	global_step=31	acc=0.2500	acc_avg=0.5880	acc5=0.8750	acc5_avg=0.8210	loss=2.9127	loss_avg=2.7138	time=77.85it/s
2025-11-26 09:23:39,914 Eval Loss:2.7138	Eval acc: 58.80
2025-11-26 09:23:39,914 
2025-11-26 09:23:39,914 ====================Training Epoch 92====================
2025-11-26 09:24:02,022 epoch=92	global_step=74400	acc=0.7500	acc_avg=0.7481	loss=0.8937	loss_avg=0.9374	lr=0.0002	|gn|=6.7858	time=3.42it/s
2025-11-26 09:24:35,140 epoch=92	global_step=74500	acc=0.8125	acc_avg=0.7513	loss=0.6355	loss_avg=0.9253	lr=0.0002	|gn|=5.9998	time=3.42it/s
2025-11-26 09:25:08,220 epoch=92	global_step=74600	acc=0.6875	acc_avg=0.7603	loss=1.3128	loss_avg=0.9179	lr=0.0002	|gn|=7.5079	time=3.42it/s
2025-11-26 09:25:41,291 epoch=92	global_step=74700	acc=0.5938	acc_avg=0.7589	loss=1.1238	loss_avg=0.9247	lr=0.0002	|gn|=7.6852	time=3.43it/s
2025-11-26 09:26:14,349 epoch=92	global_step=74800	acc=0.8125	acc_avg=0.7611	loss=0.6433	loss_avg=0.9195	lr=0.0002	|gn|=5.3247	time=3.43it/s
2025-11-26 09:26:47,374 epoch=92	global_step=74900	acc=0.6875	acc_avg=0.7597	loss=0.9925	loss_avg=0.9217	lr=0.0002	|gn|=6.3656	time=3.41it/s
2025-11-26 09:27:20,407 epoch=92	global_step=75000	acc=0.8125	acc_avg=0.7583	loss=0.8358	loss_avg=0.9245	lr=0.0002	|gn|=6.7650	time=3.43it/s
2025-11-26 09:27:53,448 epoch=92	global_step=75100	acc=0.7812	acc_avg=0.7589	loss=0.7218	loss_avg=0.9229	lr=0.0002	|gn|=6.8426	time=3.43it/s
2025-11-26 09:28:07,696 ====================Eval Epoch 92====================
2025-11-26 09:28:10,244 epoch=92	global_step=31	acc=0.3750	acc_avg=0.5790	acc5=0.7500	acc5_avg=0.8110	loss=2.7578	loss_avg=3.3617	time=78.12it/s
2025-11-26 09:28:10,244 Eval Loss:3.3617	Eval acc: 57.90
2025-11-26 09:28:10,245 
2025-11-26 09:28:10,245 ====================Training Epoch 93====================
2025-11-26 09:28:29,718 epoch=93	global_step=75200	acc=0.5312	acc_avg=0.7505	loss=1.5653	loss_avg=0.9377	lr=0.0001	|gn|=8.2849	time=3.43it/s
2025-11-26 09:29:02,821 epoch=93	global_step=75300	acc=0.6875	acc_avg=0.7554	loss=0.9574	loss_avg=0.9382	lr=0.0001	|gn|=6.3630	time=3.43it/s
2025-11-26 09:29:35,926 epoch=93	global_step=75400	acc=0.6875	acc_avg=0.7586	loss=0.7976	loss_avg=0.9330	lr=0.0001	|gn|=6.2151	time=3.42it/s
2025-11-26 09:30:09,034 epoch=93	global_step=75500	acc=0.8125	acc_avg=0.7585	loss=0.5509	loss_avg=0.9368	lr=0.0001	|gn|=6.3641	time=3.43it/s
2025-11-26 09:30:42,133 epoch=93	global_step=75600	acc=0.7188	acc_avg=0.7581	loss=1.2048	loss_avg=0.9366	lr=0.0001	|gn|=7.5068	time=3.43it/s
2025-11-26 09:31:15,171 epoch=93	global_step=75700	acc=0.7812	acc_avg=0.7584	loss=0.7023	loss_avg=0.9386	lr=0.0001	|gn|=5.6193	time=3.43it/s
2025-11-26 09:31:48,256 epoch=93	global_step=75800	acc=0.7188	acc_avg=0.7578	loss=0.9654	loss_avg=0.9365	lr=0.0001	|gn|=6.3660	time=3.43it/s
2025-11-26 09:32:21,389 epoch=93	global_step=75900	acc=0.8750	acc_avg=0.7577	loss=0.6971	loss_avg=0.9343	lr=0.0001	|gn|=7.5645	time=3.42it/s
2025-11-26 09:32:38,354 ====================Eval Epoch 93====================
2025-11-26 09:32:41,009 epoch=93	global_step=31	acc=0.3750	acc_avg=0.5940	acc5=0.8750	acc5_avg=0.8280	loss=2.6118	loss_avg=2.0798	time=77.47it/s
2025-11-26 09:32:41,010 Eval Loss:2.0798	Eval acc: 59.40
2025-11-26 09:32:41,010 
2025-11-26 09:32:41,010 ====================Training Epoch 94====================
2025-11-26 09:32:57,868 epoch=94	global_step=76000	acc=0.8125	acc_avg=0.7666	loss=0.7713	loss_avg=0.9086	lr=0.0001	|gn|=5.8424	time=3.41it/s
2025-11-26 09:33:31,082 epoch=94	global_step=76100	acc=0.6875	acc_avg=0.7620	loss=1.1373	loss_avg=0.9036	lr=0.0001	|gn|=7.9057	time=3.41it/s
2025-11-26 09:34:04,360 epoch=94	global_step=76200	acc=0.7812	acc_avg=0.7666	loss=0.7989	loss_avg=0.9012	lr=0.0001	|gn|=6.9513	time=3.41it/s
2025-11-26 09:34:37,584 epoch=94	global_step=76300	acc=0.8125	acc_avg=0.7622	loss=0.6633	loss_avg=0.9146	lr=0.0001	|gn|=4.9929	time=3.41it/s
2025-11-26 09:35:10,771 epoch=94	global_step=76400	acc=0.7812	acc_avg=0.7623	loss=0.8649	loss_avg=0.9160	lr=0.0001	|gn|=6.2898	time=3.42it/s
2025-11-26 09:35:43,915 epoch=94	global_step=76500	acc=0.7500	acc_avg=0.7606	loss=0.8243	loss_avg=0.9193	lr=0.0001	|gn|=5.9878	time=3.42it/s
2025-11-26 09:36:17,056 epoch=94	global_step=76600	acc=0.6875	acc_avg=0.7610	loss=1.1311	loss_avg=0.9190	lr=0.0001	|gn|=7.0845	time=3.42it/s
2025-11-26 09:36:50,209 epoch=94	global_step=76700	acc=0.6875	acc_avg=0.7622	loss=1.1163	loss_avg=0.9186	lr=0.0001	|gn|=7.3971	time=3.42it/s
2025-11-26 09:37:09,798 ====================Eval Epoch 94====================
2025-11-26 09:37:12,367 epoch=94	global_step=31	acc=0.3750	acc_avg=0.5720	acc5=0.7500	acc5_avg=0.8080	loss=2.7317	loss_avg=7.4218	time=77.84it/s
2025-11-26 09:37:12,367 Eval Loss:7.4218	Eval acc: 57.20
2025-11-26 09:37:12,367 
2025-11-26 09:37:12,368 ====================Training Epoch 95====================
2025-11-26 09:37:26,587 epoch=95	global_step=76800	acc=0.7812	acc_avg=0.7767	loss=0.7305	loss_avg=0.8906	lr=0.0001	|gn|=5.8266	time=3.42it/s
2025-11-26 09:37:59,733 epoch=95	global_step=76900	acc=0.7812	acc_avg=0.7704	loss=0.9836	loss_avg=0.9081	lr=0.0001	|gn|=8.2602	time=3.43it/s
2025-11-26 09:38:32,898 epoch=95	global_step=77000	acc=0.6562	acc_avg=0.7683	loss=0.9812	loss_avg=0.9064	lr=0.0001	|gn|=6.2477	time=3.43it/s
2025-11-26 09:39:06,061 epoch=95	global_step=77100	acc=0.6875	acc_avg=0.7682	loss=0.9435	loss_avg=0.9069	lr=0.0001	|gn|=7.0653	time=3.42it/s
2025-11-26 09:39:39,153 epoch=95	global_step=77200	acc=0.6562	acc_avg=0.7648	loss=0.9891	loss_avg=0.9106	lr=0.0001	|gn|=6.0381	time=3.42it/s
2025-11-26 09:40:12,241 epoch=95	global_step=77300	acc=0.7500	acc_avg=0.7617	loss=0.8925	loss_avg=0.9158	lr=0.0001	|gn|=7.1313	time=3.42it/s
2025-11-26 09:40:45,318 epoch=95	global_step=77400	acc=0.7500	acc_avg=0.7601	loss=0.9930	loss_avg=0.9225	lr=0.0001	|gn|=6.9450	time=3.42it/s
2025-11-26 09:41:18,413 epoch=95	global_step=77500	acc=0.6875	acc_avg=0.7582	loss=1.2021	loss_avg=0.9303	lr=0.0001	|gn|=8.0621	time=3.42it/s
2025-11-26 09:41:40,642 ====================Eval Epoch 95====================
2025-11-26 09:41:43,213 epoch=95	global_step=31	acc=0.2500	acc_avg=0.5890	acc5=0.8750	acc5_avg=0.8200	loss=2.4091	loss_avg=3.1069	time=77.61it/s
2025-11-26 09:41:43,213 Eval Loss:3.1069	Eval acc: 58.90
2025-11-26 09:41:43,214 
2025-11-26 09:41:43,214 ====================Training Epoch 96====================
2025-11-26 09:41:54,712 epoch=96	global_step=77600	acc=0.9375	acc_avg=0.7623	loss=0.6136	loss_avg=0.9201	lr=0.0000	|gn|=4.9672	time=3.43it/s
2025-11-26 09:42:27,825 epoch=96	global_step=77700	acc=0.7812	acc_avg=0.7641	loss=0.7568	loss_avg=0.9207	lr=0.0000	|gn|=5.6751	time=3.42it/s
2025-11-26 09:43:00,930 epoch=96	global_step=77800	acc=0.8125	acc_avg=0.7657	loss=0.7518	loss_avg=0.9072	lr=0.0000	|gn|=5.2445	time=3.42it/s
2025-11-26 09:43:34,048 epoch=96	global_step=77900	acc=0.7188	acc_avg=0.7650	loss=0.8381	loss_avg=0.9048	lr=0.0000	|gn|=6.3495	time=3.42it/s
2025-11-26 09:44:07,143 epoch=96	global_step=78000	acc=0.8750	acc_avg=0.7629	loss=0.5028	loss_avg=0.9116	lr=0.0000	|gn|=4.2956	time=3.42it/s
2025-11-26 09:44:40,249 epoch=96	global_step=78100	acc=0.8125	acc_avg=0.7633	loss=0.8974	loss_avg=0.9169	lr=0.0000	|gn|=7.1664	time=3.42it/s
2025-11-26 09:45:13,339 epoch=96	global_step=78200	acc=0.7188	acc_avg=0.7638	loss=1.1118	loss_avg=0.9147	lr=0.0000	|gn|=6.8979	time=3.42it/s
2025-11-26 09:45:46,441 epoch=96	global_step=78300	acc=0.8125	acc_avg=0.7638	loss=0.7194	loss_avg=0.9166	lr=0.0000	|gn|=6.0375	time=3.42it/s
2025-11-26 09:46:11,321 ====================Eval Epoch 96====================
2025-11-26 09:46:13,877 epoch=96	global_step=31	acc=0.3750	acc_avg=0.5830	acc5=0.8750	acc5_avg=0.8140	loss=2.3151	loss_avg=3.0021	time=77.43it/s
2025-11-26 09:46:13,877 Eval Loss:3.0021	Eval acc: 58.30
2025-11-26 09:46:13,878 
2025-11-26 09:46:13,878 ====================Training Epoch 97====================
2025-11-26 09:46:22,783 epoch=97	global_step=78400	acc=0.8438	acc_avg=0.7625	loss=0.8713	loss_avg=0.9574	lr=0.0000	|gn|=5.7949	time=3.42it/s
2025-11-26 09:46:55,906 epoch=97	global_step=78500	acc=0.7812	acc_avg=0.7758	loss=0.8320	loss_avg=0.9057	lr=0.0000	|gn|=6.3052	time=3.42it/s
2025-11-26 09:47:29,029 epoch=97	global_step=78600	acc=0.6562	acc_avg=0.7675	loss=1.1016	loss_avg=0.9175	lr=0.0000	|gn|=7.7149	time=3.42it/s
2025-11-26 09:48:02,136 epoch=97	global_step=78700	acc=0.8438	acc_avg=0.7656	loss=0.7917	loss_avg=0.9176	lr=0.0000	|gn|=6.6199	time=3.43it/s
2025-11-26 09:48:35,284 epoch=97	global_step=78800	acc=0.8438	acc_avg=0.7663	loss=0.8049	loss_avg=0.9073	lr=0.0000	|gn|=5.9072	time=3.43it/s
2025-11-26 09:49:08,369 epoch=97	global_step=78900	acc=0.7188	acc_avg=0.7649	loss=0.8345	loss_avg=0.9104	lr=0.0000	|gn|=6.1962	time=3.43it/s
2025-11-26 09:49:41,514 epoch=97	global_step=79000	acc=0.8438	acc_avg=0.7651	loss=0.8153	loss_avg=0.9103	lr=0.0000	|gn|=6.2494	time=3.42it/s
2025-11-26 09:50:14,673 epoch=97	global_step=79100	acc=0.8125	acc_avg=0.7658	loss=0.7188	loss_avg=0.9079	lr=0.0000	|gn|=5.8211	time=3.41it/s
2025-11-26 09:50:42,192 ====================Eval Epoch 97====================
2025-11-26 09:50:44,779 epoch=97	global_step=31	acc=0.2500	acc_avg=0.6020	acc5=0.8750	acc5_avg=0.8380	loss=2.5687	loss_avg=1.9799	time=77.49it/s
2025-11-26 09:50:44,779 Eval Loss:1.9799	Eval acc: 60.20
2025-11-26 09:50:44,779 
2025-11-26 09:50:44,779 ====================Training Epoch 98====================
2025-11-26 09:50:51,039 epoch=98	global_step=79200	acc=0.6250	acc_avg=0.7868	loss=1.1583	loss_avg=0.8451	lr=0.0000	|gn|=8.0475	time=3.42it/s
2025-11-26 09:51:24,172 epoch=98	global_step=79300	acc=0.7812	acc_avg=0.7503	loss=0.9908	loss_avg=0.9547	lr=0.0000	|gn|=6.6994	time=3.42it/s
2025-11-26 09:51:57,338 epoch=98	global_step=79400	acc=0.7500	acc_avg=0.7556	loss=0.8674	loss_avg=0.9445	lr=0.0000	|gn|=7.2291	time=3.41it/s
2025-11-26 09:52:30,523 epoch=98	global_step=79500	acc=0.7812	acc_avg=0.7589	loss=0.7237	loss_avg=0.9337	lr=0.0000	|gn|=5.9257	time=3.42it/s
2025-11-26 09:53:03,690 epoch=98	global_step=79600	acc=0.7812	acc_avg=0.7607	loss=1.1077	loss_avg=0.9271	lr=0.0000	|gn|=6.7288	time=3.42it/s
2025-11-26 09:53:36,864 epoch=98	global_step=79700	acc=0.6562	acc_avg=0.7615	loss=1.1653	loss_avg=0.9220	lr=0.0000	|gn|=7.4143	time=3.42it/s
2025-11-26 09:54:10,036 epoch=98	global_step=79800	acc=0.7500	acc_avg=0.7611	loss=0.7615	loss_avg=0.9230	lr=0.0000	|gn|=5.6328	time=3.41it/s
2025-11-26 09:54:43,207 epoch=98	global_step=79900	acc=0.7188	acc_avg=0.7637	loss=1.1091	loss_avg=0.9167	lr=0.0000	|gn|=7.2061	time=3.41it/s
2025-11-26 09:55:13,452 ====================Eval Epoch 98====================
2025-11-26 09:55:16,065 epoch=98	global_step=31	acc=0.3750	acc_avg=0.5840	acc5=0.7500	acc5_avg=0.8140	loss=2.6364	loss_avg=3.5858	time=77.66it/s
2025-11-26 09:55:16,066 Eval Loss:3.5858	Eval acc: 58.40
2025-11-26 09:55:16,066 
2025-11-26 09:55:16,066 ====================Training Epoch 99====================
2025-11-26 09:55:19,702 epoch=99	global_step=80000	acc=0.6562	acc_avg=0.7326	loss=1.1282	loss_avg=0.9575	lr=0.0000	|gn|=6.9449	time=3.41it/s
2025-11-26 09:55:52,932 epoch=99	global_step=80100	acc=0.8438	acc_avg=0.7649	loss=0.8058	loss_avg=0.9081	lr=0.0000	|gn|=6.5305	time=3.42it/s
2025-11-26 09:56:26,140 epoch=99	global_step=80200	acc=0.7188	acc_avg=0.7602	loss=1.1567	loss_avg=0.9276	lr=0.0000	|gn|=6.9374	time=3.42it/s
2025-11-26 09:56:59,384 epoch=99	global_step=80300	acc=0.7812	acc_avg=0.7603	loss=0.9587	loss_avg=0.9216	lr=0.0000	|gn|=6.8074	time=3.41it/s
2025-11-26 09:57:32,589 epoch=99	global_step=80400	acc=0.7188	acc_avg=0.7614	loss=0.8495	loss_avg=0.9244	lr=0.0000	|gn|=5.8246	time=3.42it/s
2025-11-26 09:58:05,827 epoch=99	global_step=80500	acc=0.7188	acc_avg=0.7624	loss=1.2280	loss_avg=0.9244	lr=0.0000	|gn|=7.3695	time=3.42it/s
2025-11-26 09:58:39,032 epoch=99	global_step=80600	acc=0.7188	acc_avg=0.7632	loss=1.0424	loss_avg=0.9220	lr=0.0000	|gn|=6.3792	time=3.41it/s
2025-11-26 09:59:12,192 epoch=99	global_step=80700	acc=0.9375	acc_avg=0.7628	loss=0.3929	loss_avg=0.9229	lr=0.0000	|gn|=3.8578	time=3.42it/s
2025-11-26 09:59:45,065 ====================Eval Epoch 99====================
2025-11-26 09:59:47,631 epoch=99	global_step=31	acc=0.5000	acc_avg=0.5930	acc5=0.8750	acc5_avg=0.8240	loss=2.3306	loss_avg=2.7402	time=77.92it/s
2025-11-26 09:59:47,632 Eval Loss:2.7402	Eval acc: 59.30
2025-11-26 09:59:47,662 Running Cost 0.32 Days 

