2025-11-26 02:25:26,899 PyTorch Version: 2.6.0
2025-11-26 02:25:26,920 GPU List: ['NVIDIA L40S']
2025-11-26 02:25:26,923 num_classes: 100
2025-11-26 02:25:26,923 epochs: 100
2025-11-26 02:25:26,923 grad_clip: 5.0
2025-11-26 02:25:26,923 log_frequency: 100
2025-11-26 02:25:26,923 model: {'name': 'ResNet18', 'num_classes': 100}
2025-11-26 02:25:26,923 criterion: {'name': 'CrossEntropyLoss'}
2025-11-26 02:25:26,923 optimizer: {'name': 'SGD', 'lr': 0.01, 'weight_decay': 5e-05, 'momentum': 0.9}
2025-11-26 02:25:26,923 scheduler: {'name': 'CosineAnnealingLR', 'T_max': 100, 'eta_min': 0.0}
2025-11-26 02:25:26,923 dataset: {'name': 'DatasetGenerator', 'train_batch_size': 128, 'eval_batch_size': 128}
2025-11-26 02:25:26,925 seed: 0
2025-11-26 02:25:26,925 version: resnet18
2025-11-26 02:25:26,925 exp_name: experiment/classwise/model_training2025-11-26 02:25:26.897150
2025-11-26 02:25:26,925 config_path: configs/imagenet-mini
2025-11-26 02:25:26,925 load_model: False
2025-11-26 02:25:26,925 data_parallel: False
2025-11-26 02:25:26,926 train: True
2025-11-26 02:25:26,926 save_frequency: -1
2025-11-26 02:25:26,926 train_face: False
2025-11-26 02:25:26,926 train_portion: 1.0
2025-11-26 02:25:26,926 train_batch_size: 32
2025-11-26 02:25:26,926 eval_batch_size: 32
2025-11-26 02:25:26,926 num_of_workers: 6
2025-11-26 02:25:26,926 train_data_type: ImageNetMini
2025-11-26 02:25:26,926 test_data_type: ImageNetMini
2025-11-26 02:25:26,926 train_data_path: ../datasets
2025-11-26 02:25:26,926 test_data_path: ../datasets
2025-11-26 02:25:26,926 perturb_type: classwise
2025-11-26 02:25:26,926 patch_location: center
2025-11-26 02:25:26,926 poison_rate: 1.0
2025-11-26 02:25:26,926 perturb_tensor_filepath: 
2025-11-26 02:25:26,926 generator_filepath:./LSP/cifar10_samplewise_saved_perturbation.pt
2025-11-26 02:25:26,926 use_generator: False
2025-11-26 02:25:26,926 gue: False
2025-11-26 02:25:26,926 filter_type: low
2025-11-26 02:25:26,926 cutoff: 0.5
2025-11-26 02:25:26,926 img_denoise: 80
2025-11-26 02:25:26,926 jpeg_defense: True
2025-11-26 02:25:49,367 Training Dataset: Dataset ImageNetMini
    Number of datapoints: 25878
    Root location: ../datasets/ImageNet
    Split: train
    StandardTransform
Transform: Compose(
               Resize(size=224, interpolation=bilinear, max_size=None, antialias=True)
               RandomResizedCrop(size=(224, 224), scale=(0.08, 1.0), ratio=(0.75, 1.3333), interpolation=bilinear, antialias=True)
               RandomHorizontalFlip(p=0.5)
               ColorJitter(brightness=(0.6, 1.4), contrast=(0.6, 1.4), saturation=(0.6, 1.4), hue=(-0.2, 0.2))
               ToTensor()
           )
2025-11-26 02:25:49,367 Test Dataset: Dataset ImageNetMini
    Number of datapoints: 1000
    Root location: ../datasets/ImageNet
    Split: val
    StandardTransform
Transform: Compose(
               Resize(size=224, interpolation=bilinear, max_size=None, antialias=True)
               CenterCrop(size=(224, 224))
               ToTensor()
           )
2025-11-26 02:25:49,369 param size = 11.220132MB
2025-11-26 02:25:49,370 
2025-11-26 02:25:49,370 ====================Training Epoch 0====================
train_dataset
2025-11-26 02:25:53,477 epoch=0	global_step=0	acc=0.0312	acc_avg=0.0312	loss=4.6541	loss_avg=4.6541	lr=0.0100	|gn|=11.4130	time=0.32it/s
2025-11-26 02:26:26,329 epoch=0	global_step=100	acc=0.0312	acc_avg=0.0139	loss=4.7019	loss_avg=4.7432	lr=0.0100	|gn|=4.2591	time=3.48it/s
2025-11-26 02:26:59,274 epoch=0	global_step=200	acc=0.0625	acc_avg=0.0173	loss=4.3785	loss_avg=4.6537	lr=0.0100	|gn|=2.5923	time=3.46it/s
2025-11-26 02:27:32,270 epoch=0	global_step=300	acc=0.0312	acc_avg=0.0195	loss=4.5266	loss_avg=4.6200	lr=0.0100	|gn|=2.3867	time=3.45it/s
2025-11-26 02:28:05,299 epoch=0	global_step=400	acc=0.0312	acc_avg=0.0202	loss=4.5453	loss_avg=4.5940	lr=0.0100	|gn|=1.8741	time=3.45it/s
2025-11-26 02:28:38,348 epoch=0	global_step=500	acc=0.0312	acc_avg=0.0223	loss=4.4029	loss_avg=4.5714	lr=0.0100	|gn|=2.3625	time=3.45it/s
2025-11-26 02:29:11,447 epoch=0	global_step=600	acc=0.0000	acc_avg=0.0227	loss=4.7920	loss_avg=4.5556	lr=0.0100	|gn|=2.1928	time=3.44it/s
2025-11-26 02:29:44,609 epoch=0	global_step=700	acc=0.0000	acc_avg=0.0241	loss=4.6143	loss_avg=4.5425	lr=0.0100	|gn|=1.7922	time=3.44it/s
2025-11-26 02:30:17,726 epoch=0	global_step=800	acc=0.0000	acc_avg=0.0246	loss=4.5008	loss_avg=4.5341	lr=0.0100	|gn|=1.6384	time=3.45it/s
2025-11-26 02:30:20,067 ====================Eval Epoch 0====================
2025-11-26 02:30:22,870 epoch=0	global_step=31	acc=0.0000	acc_avg=0.0320	acc5=0.0000	acc5_avg=0.1390	loss=4.5295	loss_avg=4.3817	time=3.37it/s
2025-11-26 02:30:22,870 Eval Loss:4.3817	Eval acc: 3.20
2025-11-26 02:30:22,870 
2025-11-26 02:30:22,870 ====================Training Epoch 1====================
2025-11-26 02:30:54,252 epoch=1	global_step=900	acc=0.0312	acc_avg=0.0373	loss=4.5677	loss_avg=4.4300	lr=0.0100	|gn|=1.6291	time=3.45it/s
2025-11-26 02:31:27,286 epoch=1	global_step=1000	acc=0.0000	acc_avg=0.0330	loss=4.4493	loss_avg=4.4306	lr=0.0100	|gn|=2.3673	time=3.45it/s
2025-11-26 02:32:00,290 epoch=1	global_step=1100	acc=0.0312	acc_avg=0.0319	loss=4.4709	loss_avg=4.4293	lr=0.0100	|gn|=3.0840	time=3.46it/s
2025-11-26 02:32:33,282 epoch=1	global_step=1200	acc=0.0000	acc_avg=0.0323	loss=4.6236	loss_avg=4.4290	lr=0.0100	|gn|=1.8027	time=3.46it/s
2025-11-26 02:33:06,305 epoch=1	global_step=1300	acc=0.0625	acc_avg=0.0323	loss=4.2692	loss_avg=4.4209	lr=0.0100	|gn|=1.7087	time=3.45it/s
2025-11-26 02:33:39,347 epoch=1	global_step=1400	acc=0.0000	acc_avg=0.0318	loss=4.5419	loss_avg=4.4175	lr=0.0100	|gn|=1.6359	time=3.45it/s
2025-11-26 02:34:12,399 epoch=1	global_step=1500	acc=0.0000	acc_avg=0.0321	loss=4.5358	loss_avg=4.4148	lr=0.0100	|gn|=1.6901	time=3.45it/s
2025-11-26 02:34:45,427 epoch=1	global_step=1600	acc=0.0312	acc_avg=0.0320	loss=4.5023	loss_avg=4.4126	lr=0.0100	|gn|=1.4854	time=3.45it/s
2025-11-26 02:34:50,422 ====================Eval Epoch 1====================
2025-11-26 02:34:52,911 epoch=1	global_step=31	acc=0.0000	acc_avg=0.0420	acc5=0.0000	acc5_avg=0.1860	loss=4.6390	loss_avg=4.2998	time=79.33it/s
2025-11-26 02:34:52,912 Eval Loss:4.2998	Eval acc: 4.20
2025-11-26 02:34:52,912 
2025-11-26 02:34:52,912 ====================Training Epoch 2====================
2025-11-26 02:35:21,605 epoch=2	global_step=1700	acc=0.0625	acc_avg=0.0419	loss=4.3179	loss_avg=4.3609	lr=0.0100	|gn|=1.7125	time=3.45it/s
2025-11-26 02:35:54,654 epoch=2	global_step=1800	acc=0.0312	acc_avg=0.0419	loss=4.4214	loss_avg=4.3539	lr=0.0100	|gn|=1.6613	time=3.46it/s
2025-11-26 02:36:27,713 epoch=2	global_step=1900	acc=0.0625	acc_avg=0.0417	loss=4.2659	loss_avg=4.3552	lr=0.0100	|gn|=1.6520	time=3.45it/s
2025-11-26 02:37:00,760 epoch=2	global_step=2000	acc=0.0625	acc_avg=0.0424	loss=4.5444	loss_avg=4.3454	lr=0.0100	|gn|=2.0311	time=3.45it/s
2025-11-26 02:37:33,804 epoch=2	global_step=2100	acc=0.0312	acc_avg=0.0426	loss=4.1431	loss_avg=4.3446	lr=0.0100	|gn|=1.7684	time=3.44it/s
2025-11-26 02:38:06,831 epoch=2	global_step=2200	acc=0.1250	acc_avg=0.0435	loss=4.2762	loss_avg=4.3416	lr=0.0100	|gn|=1.3097	time=3.45it/s
2025-11-26 02:38:39,872 epoch=2	global_step=2300	acc=0.0625	acc_avg=0.0428	loss=4.4185	loss_avg=4.3402	lr=0.0100	|gn|=1.9916	time=3.44it/s
2025-11-26 02:39:12,917 epoch=2	global_step=2400	acc=0.0312	acc_avg=0.0432	loss=4.4487	loss_avg=4.3389	lr=0.0100	|gn|=1.7580	time=3.45it/s
2025-11-26 02:39:20,547 ====================Eval Epoch 2====================
2025-11-26 02:39:23,076 epoch=2	global_step=31	acc=0.0000	acc_avg=0.0530	acc5=0.1250	acc5_avg=0.2110	loss=4.2104	loss_avg=4.2332	time=79.35it/s
2025-11-26 02:39:23,077 Eval Loss:4.2332	Eval acc: 5.30
2025-11-26 02:39:23,077 
2025-11-26 02:39:23,077 ====================Training Epoch 3====================
2025-11-26 02:39:49,147 epoch=3	global_step=2500	acc=0.0000	acc_avg=0.0402	loss=4.2706	loss_avg=4.3022	lr=0.0100	|gn|=1.7500	time=3.45it/s
2025-11-26 02:40:22,228 epoch=3	global_step=2600	acc=0.0938	acc_avg=0.0411	loss=4.0764	loss_avg=4.3046	lr=0.0100	|gn|=1.4801	time=3.45it/s
2025-11-26 02:40:55,300 epoch=3	global_step=2700	acc=0.0312	acc_avg=0.0398	loss=4.3271	loss_avg=4.3028	lr=0.0100	|gn|=1.7128	time=3.45it/s
2025-11-26 02:41:28,352 epoch=3	global_step=2800	acc=0.0000	acc_avg=0.0403	loss=4.2990	loss_avg=4.3057	lr=0.0100	|gn|=1.5428	time=3.46it/s
2025-11-26 02:42:01,420 epoch=3	global_step=2900	acc=0.0312	acc_avg=0.0432	loss=4.2958	loss_avg=4.3006	lr=0.0100	|gn|=2.0748	time=3.45it/s
2025-11-26 02:42:34,499 epoch=3	global_step=3000	acc=0.0625	acc_avg=0.0442	loss=4.2925	loss_avg=4.2978	lr=0.0100	|gn|=1.5689	time=3.45it/s
2025-11-26 02:43:07,567 epoch=3	global_step=3100	acc=0.0312	acc_avg=0.0457	loss=4.2044	loss_avg=4.2936	lr=0.0100	|gn|=2.9180	time=3.45it/s
2025-11-26 02:43:40,644 epoch=3	global_step=3200	acc=0.0312	acc_avg=0.0473	loss=4.2833	loss_avg=4.2870	lr=0.0100	|gn|=2.5906	time=3.45it/s
2025-11-26 02:43:50,925 ====================Eval Epoch 3====================
2025-11-26 02:43:53,409 epoch=3	global_step=31	acc=0.0000	acc_avg=0.0770	acc5=0.3750	acc5_avg=0.2350	loss=4.1124	loss_avg=4.1385	time=79.38it/s
2025-11-26 02:43:53,409 Eval Loss:4.1385	Eval acc: 7.70
2025-11-26 02:43:53,410 
2025-11-26 02:43:53,410 ====================Training Epoch 4====================
2025-11-26 02:44:16,880 epoch=4	global_step=3300	acc=0.0312	acc_avg=0.0616	loss=4.1472	loss_avg=4.2211	lr=0.0100	|gn|=2.1210	time=3.45it/s
2025-11-26 02:44:49,998 epoch=4	global_step=3400	acc=0.0000	acc_avg=0.0571	loss=4.3399	loss_avg=4.2318	lr=0.0100	|gn|=1.8505	time=3.45it/s
2025-11-26 02:45:23,102 epoch=4	global_step=3500	acc=0.0312	acc_avg=0.0589	loss=4.5177	loss_avg=4.2297	lr=0.0100	|gn|=1.9617	time=3.45it/s
2025-11-26 02:45:56,199 epoch=4	global_step=3600	acc=0.0312	acc_avg=0.0588	loss=4.0135	loss_avg=4.2263	lr=0.0100	|gn|=2.0500	time=3.45it/s
2025-11-26 02:46:29,284 epoch=4	global_step=3700	acc=0.0938	acc_avg=0.0577	loss=3.8458	loss_avg=4.2217	lr=0.0100	|gn|=1.8587	time=3.45it/s
2025-11-26 02:47:02,372 epoch=4	global_step=3800	acc=0.1250	acc_avg=0.0579	loss=4.0958	loss_avg=4.2184	lr=0.0100	|gn|=1.9768	time=3.45it/s
2025-11-26 02:47:35,452 epoch=4	global_step=3900	acc=0.0938	acc_avg=0.0583	loss=4.0941	loss_avg=4.2102	lr=0.0100	|gn|=1.9631	time=3.45it/s
2025-11-26 02:48:08,521 epoch=4	global_step=4000	acc=0.0625	acc_avg=0.0595	loss=4.1442	loss_avg=4.2034	lr=0.0100	|gn|=2.0346	time=3.45it/s
2025-11-26 02:48:21,453 ====================Eval Epoch 4====================
2025-11-26 02:48:23,944 epoch=4	global_step=31	acc=0.0000	acc_avg=0.0950	acc5=0.0000	acc5_avg=0.2770	loss=4.5707	loss_avg=4.0274	time=79.29it/s
2025-11-26 02:48:23,945 Eval Loss:4.0274	Eval acc: 9.50
2025-11-26 02:48:23,945 
2025-11-26 02:48:23,945 ====================Training Epoch 5====================
2025-11-26 02:48:44,741 epoch=5	global_step=4100	acc=0.0312	acc_avg=0.0630	loss=4.0968	loss_avg=4.1349	lr=0.0099	|gn|=2.3167	time=3.45it/s
2025-11-26 02:49:17,824 epoch=5	global_step=4200	acc=0.0312	acc_avg=0.0658	loss=4.0949	loss_avg=4.1389	lr=0.0099	|gn|=2.0448	time=3.45it/s
2025-11-26 02:49:50,924 epoch=5	global_step=4300	acc=0.0938	acc_avg=0.0678	loss=4.0359	loss_avg=4.1293	lr=0.0099	|gn|=2.1408	time=3.45it/s
2025-11-26 02:50:24,035 epoch=5	global_step=4400	acc=0.0625	acc_avg=0.0683	loss=3.9861	loss_avg=4.1254	lr=0.0099	|gn|=2.2766	time=3.45it/s
2025-11-26 02:50:57,132 epoch=5	global_step=4500	acc=0.0938	acc_avg=0.0707	loss=4.0139	loss_avg=4.1149	lr=0.0099	|gn|=2.4294	time=3.45it/s
2025-11-26 02:51:30,220 epoch=5	global_step=4600	acc=0.0000	acc_avg=0.0714	loss=4.0801	loss_avg=4.1140	lr=0.0099	|gn|=2.5144	time=3.45it/s
2025-11-26 02:52:03,304 epoch=5	global_step=4700	acc=0.0625	acc_avg=0.0720	loss=4.2432	loss_avg=4.1102	lr=0.0099	|gn|=2.3948	time=3.45it/s
2025-11-26 02:52:36,376 epoch=5	global_step=4800	acc=0.1250	acc_avg=0.0724	loss=4.2447	loss_avg=4.1102	lr=0.0099	|gn|=2.2552	time=3.45it/s
2025-11-26 02:52:51,953 ====================Eval Epoch 5====================
2025-11-26 02:52:54,439 epoch=5	global_step=31	acc=0.0000	acc_avg=0.0950	acc5=0.2500	acc5_avg=0.2880	loss=4.3051	loss_avg=3.9672	time=79.25it/s
2025-11-26 02:52:54,439 Eval Loss:3.9672	Eval acc: 9.50
2025-11-26 02:52:54,439 
2025-11-26 02:52:54,439 ====================Training Epoch 6====================
2025-11-26 02:53:12,552 epoch=6	global_step=4900	acc=0.0000	acc_avg=0.0784	loss=4.1936	loss_avg=4.0509	lr=0.0099	|gn|=2.3806	time=3.45it/s
2025-11-26 02:53:45,613 epoch=6	global_step=5000	acc=0.1562	acc_avg=0.0768	loss=3.8854	loss_avg=4.0481	lr=0.0099	|gn|=2.2099	time=3.45it/s
2025-11-26 02:54:18,687 epoch=6	global_step=5100	acc=0.0938	acc_avg=0.0766	loss=4.0157	loss_avg=4.0562	lr=0.0099	|gn|=1.8992	time=3.45it/s
2025-11-26 02:54:51,758 epoch=6	global_step=5200	acc=0.1875	acc_avg=0.0791	loss=3.9568	loss_avg=4.0516	lr=0.0099	|gn|=2.1801	time=3.45it/s
2025-11-26 02:55:24,841 epoch=6	global_step=5300	acc=0.1250	acc_avg=0.0795	loss=3.8366	loss_avg=4.0464	lr=0.0099	|gn|=2.6622	time=3.44it/s
2025-11-26 02:55:57,930 epoch=6	global_step=5400	acc=0.0312	acc_avg=0.0804	loss=4.4468	loss_avg=4.0391	lr=0.0099	|gn|=3.2011	time=3.45it/s
2025-11-26 02:56:30,996 epoch=6	global_step=5500	acc=0.1875	acc_avg=0.0810	loss=3.7221	loss_avg=4.0319	lr=0.0099	|gn|=2.4312	time=3.45it/s
2025-11-26 02:57:04,072 epoch=6	global_step=5600	acc=0.1250	acc_avg=0.0819	loss=3.9000	loss_avg=4.0288	lr=0.0099	|gn|=2.7020	time=3.45it/s
2025-11-26 02:57:22,294 ====================Eval Epoch 6====================
2025-11-26 02:57:24,808 epoch=6	global_step=31	acc=0.0000	acc_avg=0.1160	acc5=0.3750	acc5_avg=0.3260	loss=4.0040	loss_avg=3.8739	time=79.25it/s
2025-11-26 02:57:24,808 Eval Loss:3.8739	Eval acc: 11.60
2025-11-26 02:57:24,809 
2025-11-26 02:57:24,809 ====================Training Epoch 7====================
2025-11-26 02:57:40,280 epoch=7	global_step=5700	acc=0.0625	acc_avg=0.0986	loss=4.1057	loss_avg=3.9746	lr=0.0099	|gn|=2.1639	time=3.45it/s
2025-11-26 02:58:13,343 epoch=7	global_step=5800	acc=0.0625	acc_avg=0.0927	loss=4.2029	loss_avg=3.9735	lr=0.0099	|gn|=3.5724	time=3.45it/s
2025-11-26 02:58:46,407 epoch=7	global_step=5900	acc=0.0625	acc_avg=0.0903	loss=4.0276	loss_avg=3.9793	lr=0.0099	|gn|=3.4415	time=3.44it/s
2025-11-26 02:59:19,531 epoch=7	global_step=6000	acc=0.0938	acc_avg=0.0920	loss=3.8936	loss_avg=3.9678	lr=0.0099	|gn|=2.5494	time=3.45it/s
2025-11-26 02:59:52,674 epoch=7	global_step=6100	acc=0.0938	acc_avg=0.0920	loss=3.9167	loss_avg=3.9705	lr=0.0099	|gn|=2.1974	time=3.44it/s
2025-11-26 03:00:25,819 epoch=7	global_step=6200	acc=0.0625	acc_avg=0.0946	loss=4.3102	loss_avg=3.9587	lr=0.0099	|gn|=2.7436	time=3.44it/s
2025-11-26 03:00:58,905 epoch=7	global_step=6300	acc=0.0938	acc_avg=0.0951	loss=3.9193	loss_avg=3.9574	lr=0.0099	|gn|=2.7221	time=3.45it/s
2025-11-26 03:01:32,022 epoch=7	global_step=6400	acc=0.0938	acc_avg=0.0945	loss=3.8496	loss_avg=3.9500	lr=0.0099	|gn|=2.5131	time=3.44it/s
2025-11-26 03:01:52,935 ====================Eval Epoch 7====================
2025-11-26 03:01:55,454 epoch=7	global_step=31	acc=0.0000	acc_avg=0.1010	acc5=0.3750	acc5_avg=0.3260	loss=3.8364	loss_avg=3.8697	time=79.19it/s
2025-11-26 03:01:55,454 Eval Loss:3.8697	Eval acc: 10.10
2025-11-26 03:01:55,455 
2025-11-26 03:01:55,455 ====================Training Epoch 8====================
2025-11-26 03:02:08,303 epoch=8	global_step=6500	acc=0.0938	acc_avg=0.1064	loss=3.9456	loss_avg=3.8154	lr=0.0098	|gn|=2.6552	time=3.44it/s
2025-11-26 03:02:41,413 epoch=8	global_step=6600	acc=0.1250	acc_avg=0.1111	loss=3.6647	loss_avg=3.8552	lr=0.0098	|gn|=3.1903	time=3.45it/s
2025-11-26 03:03:14,467 epoch=8	global_step=6700	acc=0.0625	acc_avg=0.1108	loss=3.6454	loss_avg=3.8595	lr=0.0098	|gn|=3.0901	time=3.43it/s
2025-11-26 03:03:47,576 epoch=8	global_step=6800	acc=0.2188	acc_avg=0.1086	loss=3.6608	loss_avg=3.8684	lr=0.0098	|gn|=2.7411	time=3.45it/s
2025-11-26 03:04:20,713 epoch=8	global_step=6900	acc=0.1250	acc_avg=0.1092	loss=3.8818	loss_avg=3.8736	lr=0.0098	|gn|=2.6122	time=3.44it/s
2025-11-26 03:04:53,837 epoch=8	global_step=7000	acc=0.0625	acc_avg=0.1079	loss=3.7495	loss_avg=3.8695	lr=0.0098	|gn|=2.8157	time=3.44it/s
2025-11-26 03:05:26,974 epoch=8	global_step=7100	acc=0.1562	acc_avg=0.1083	loss=3.4984	loss_avg=3.8674	lr=0.0098	|gn|=2.7959	time=3.44it/s
2025-11-26 03:06:00,102 epoch=8	global_step=7200	acc=0.1250	acc_avg=0.1095	loss=3.8718	loss_avg=3.8659	lr=0.0098	|gn|=2.4619	time=3.44it/s
2025-11-26 03:06:23,657 ====================Eval Epoch 8====================
2025-11-26 03:06:26,141 epoch=8	global_step=31	acc=0.2500	acc_avg=0.1460	acc5=0.3750	acc5_avg=0.3620	loss=3.6984	loss_avg=3.6921	time=79.07it/s
2025-11-26 03:06:26,141 Eval Loss:3.6921	Eval acc: 14.60
2025-11-26 03:06:26,141 
2025-11-26 03:06:26,141 ====================Training Epoch 9====================
2025-11-26 03:06:36,342 epoch=9	global_step=7300	acc=0.0312	acc_avg=0.1272	loss=3.6336	loss_avg=3.7871	lr=0.0098	|gn|=2.9566	time=3.45it/s
2025-11-26 03:07:09,500 epoch=9	global_step=7400	acc=0.2500	acc_avg=0.1240	loss=3.2996	loss_avg=3.7882	lr=0.0098	|gn|=3.0879	time=3.45it/s
2025-11-26 03:07:42,651 epoch=9	global_step=7500	acc=0.1562	acc_avg=0.1245	loss=3.4448	loss_avg=3.7856	lr=0.0098	|gn|=2.8927	time=3.45it/s
2025-11-26 03:08:15,770 epoch=9	global_step=7600	acc=0.0938	acc_avg=0.1243	loss=3.8004	loss_avg=3.7759	lr=0.0098	|gn|=3.0325	time=3.45it/s
2025-11-26 03:08:48,906 epoch=9	global_step=7700	acc=0.2500	acc_avg=0.1234	loss=3.6705	loss_avg=3.7763	lr=0.0098	|gn|=3.2271	time=3.44it/s
2025-11-26 03:09:22,029 epoch=9	global_step=7800	acc=0.0312	acc_avg=0.1255	loss=3.9507	loss_avg=3.7746	lr=0.0098	|gn|=2.9196	time=3.45it/s
2025-11-26 03:09:55,170 epoch=9	global_step=7900	acc=0.3125	acc_avg=0.1268	loss=3.4548	loss_avg=3.7687	lr=0.0098	|gn|=2.8338	time=3.45it/s
2025-11-26 03:10:28,317 epoch=9	global_step=8000	acc=0.1875	acc_avg=0.1281	loss=3.6799	loss_avg=3.7600	lr=0.0098	|gn|=2.7709	time=3.44it/s
2025-11-26 03:10:54,547 ====================Eval Epoch 9====================
2025-11-26 03:10:57,047 epoch=9	global_step=31	acc=0.1250	acc_avg=0.1410	acc5=0.5000	acc5_avg=0.4090	loss=4.0489	loss_avg=3.5909	time=78.81it/s
2025-11-26 03:10:57,047 Eval Loss:3.5909	Eval acc: 14.10
2025-11-26 03:10:57,047 
2025-11-26 03:10:57,047 ====================Training Epoch 10====================
2025-11-26 03:11:04,575 epoch=10	global_step=8100	acc=0.0938	acc_avg=0.1369	loss=4.2011	loss_avg=3.7266	lr=0.0098	|gn|=3.1134	time=3.44it/s
2025-11-26 03:11:37,699 epoch=10	global_step=8200	acc=0.1250	acc_avg=0.1418	loss=3.5963	loss_avg=3.6704	lr=0.0098	|gn|=2.9291	time=3.44it/s
2025-11-26 03:12:10,802 epoch=10	global_step=8300	acc=0.0625	acc_avg=0.1382	loss=3.9934	loss_avg=3.6800	lr=0.0098	|gn|=3.3345	time=3.44it/s
2025-11-26 03:12:43,901 epoch=10	global_step=8400	acc=0.1875	acc_avg=0.1393	loss=3.4388	loss_avg=3.6724	lr=0.0098	|gn|=2.7388	time=3.45it/s
2025-11-26 03:13:16,997 epoch=10	global_step=8500	acc=0.2188	acc_avg=0.1395	loss=3.7102	loss_avg=3.6667	lr=0.0098	|gn|=3.4376	time=3.45it/s
2025-11-26 03:13:50,103 epoch=10	global_step=8600	acc=0.1875	acc_avg=0.1428	loss=4.0590	loss_avg=3.6603	lr=0.0098	|gn|=3.1050	time=3.45it/s
2025-11-26 03:14:23,198 epoch=10	global_step=8700	acc=0.1562	acc_avg=0.1439	loss=3.5195	loss_avg=3.6547	lr=0.0098	|gn|=3.1511	time=3.44it/s
2025-11-26 03:14:56,310 epoch=10	global_step=8800	acc=0.0312	acc_avg=0.1437	loss=4.1735	loss_avg=3.6592	lr=0.0098	|gn|=3.2105	time=3.45it/s
2025-11-26 03:15:25,161 ====================Eval Epoch 10====================
2025-11-26 03:15:27,668 epoch=10	global_step=31	acc=0.2500	acc_avg=0.1750	acc5=0.5000	acc5_avg=0.4340	loss=3.4566	loss_avg=3.5160	time=79.04it/s
2025-11-26 03:15:27,669 Eval Loss:3.5160	Eval acc: 17.50
2025-11-26 03:15:27,669 
2025-11-26 03:15:27,669 ====================Training Epoch 11====================
2025-11-26 03:15:32,558 epoch=11	global_step=8900	acc=0.2500	acc_avg=0.1635	loss=3.9416	loss_avg=3.7284	lr=0.0097	|gn|=3.8309	time=3.45it/s
2025-11-26 03:16:05,665 epoch=11	global_step=9000	acc=0.0938	acc_avg=0.1596	loss=3.6147	loss_avg=3.6197	lr=0.0097	|gn|=2.6076	time=3.45it/s
2025-11-26 03:16:38,756 epoch=11	global_step=9100	acc=0.0625	acc_avg=0.1583	loss=3.7769	loss_avg=3.5939	lr=0.0097	|gn|=3.1056	time=3.44it/s
2025-11-26 03:17:11,844 epoch=11	global_step=9200	acc=0.2188	acc_avg=0.1613	loss=3.5104	loss_avg=3.5801	lr=0.0097	|gn|=3.7995	time=3.45it/s
2025-11-26 03:17:44,961 epoch=11	global_step=9300	acc=0.2188	acc_avg=0.1604	loss=3.4207	loss_avg=3.5770	lr=0.0097	|gn|=3.3365	time=3.44it/s
2025-11-26 03:18:18,072 epoch=11	global_step=9400	acc=0.0625	acc_avg=0.1587	loss=3.8814	loss_avg=3.5793	lr=0.0097	|gn|=3.7259	time=3.44it/s
2025-11-26 03:18:51,194 epoch=11	global_step=9500	acc=0.1875	acc_avg=0.1591	loss=3.4031	loss_avg=3.5716	lr=0.0097	|gn|=3.2068	time=3.45it/s
2025-11-26 03:19:24,297 epoch=11	global_step=9600	acc=0.3125	acc_avg=0.1595	loss=3.2874	loss_avg=3.5691	lr=0.0097	|gn|=3.0105	time=3.45it/s
2025-11-26 03:19:55,788 ====================Eval Epoch 11====================
2025-11-26 03:19:58,279 epoch=11	global_step=31	acc=0.1250	acc_avg=0.1870	acc5=0.3750	acc5_avg=0.4500	loss=4.0056	loss_avg=3.3775	time=79.06it/s
2025-11-26 03:19:58,279 Eval Loss:3.3775	Eval acc: 18.70
2025-11-26 03:19:58,280 
2025-11-26 03:19:58,280 ====================Training Epoch 12====================
2025-11-26 03:20:00,552 epoch=12	global_step=9700	acc=0.1250	acc_avg=0.1437	loss=3.0081	loss_avg=3.3248	lr=0.0096	|gn|=3.0058	time=3.45it/s
2025-11-26 03:20:33,667 epoch=12	global_step=9800	acc=0.2188	acc_avg=0.1676	loss=3.5010	loss_avg=3.4836	lr=0.0096	|gn|=3.6259	time=3.44it/s
2025-11-26 03:21:06,782 epoch=12	global_step=9900	acc=0.0625	acc_avg=0.1721	loss=3.5367	loss_avg=3.4702	lr=0.0096	|gn|=3.6708	time=3.44it/s
2025-11-26 03:21:39,905 epoch=12	global_step=10000	acc=0.2812	acc_avg=0.1694	loss=3.3663	loss_avg=3.4724	lr=0.0096	|gn|=3.5618	time=3.44it/s
2025-11-26 03:22:13,036 epoch=12	global_step=10100	acc=0.1562	acc_avg=0.1701	loss=3.5437	loss_avg=3.4757	lr=0.0096	|gn|=3.1234	time=3.45it/s
2025-11-26 03:22:46,164 epoch=12	global_step=10200	acc=0.1250	acc_avg=0.1718	loss=3.6367	loss_avg=3.4790	lr=0.0096	|gn|=3.4204	time=3.44it/s
2025-11-26 03:23:19,283 epoch=12	global_step=10300	acc=0.2188	acc_avg=0.1745	loss=3.9094	loss_avg=3.4727	lr=0.0096	|gn|=4.2065	time=3.45it/s
2025-11-26 03:23:52,393 epoch=12	global_step=10400	acc=0.1875	acc_avg=0.1762	loss=3.2134	loss_avg=3.4678	lr=0.0096	|gn|=3.6721	time=3.45it/s
2025-11-26 03:24:25,495 epoch=12	global_step=10500	acc=0.1250	acc_avg=0.1779	loss=3.4714	loss_avg=3.4631	lr=0.0096	|gn|=2.9888	time=3.45it/s
2025-11-26 03:24:26,530 ====================Eval Epoch 12====================
2025-11-26 03:24:29,035 epoch=12	global_step=31	acc=0.1250	acc_avg=0.1700	acc5=0.3750	acc5_avg=0.4350	loss=3.3294	loss_avg=3.4365	time=79.09it/s
2025-11-26 03:24:29,036 Eval Loss:3.4365	Eval acc: 17.00
2025-11-26 03:24:29,036 
2025-11-26 03:24:29,036 ====================Training Epoch 13====================
2025-11-26 03:25:01,713 epoch=13	global_step=10600	acc=0.0938	acc_avg=0.1930	loss=3.4660	loss_avg=3.3710	lr=0.0096	|gn|=3.5605	time=3.45it/s
2025-11-26 03:25:34,823 epoch=13	global_step=10700	acc=0.1250	acc_avg=0.1915	loss=3.2699	loss_avg=3.3824	lr=0.0096	|gn|=3.4719	time=3.45it/s
2025-11-26 03:26:07,900 epoch=13	global_step=10800	acc=0.2188	acc_avg=0.1913	loss=3.2464	loss_avg=3.3829	lr=0.0096	|gn|=2.8826	time=3.45it/s
2025-11-26 03:26:40,999 epoch=13	global_step=10900	acc=0.2188	acc_avg=0.1917	loss=3.2807	loss_avg=3.3953	lr=0.0096	|gn|=3.5053	time=3.43it/s
2025-11-26 03:27:14,100 epoch=13	global_step=11000	acc=0.2188	acc_avg=0.1910	loss=3.9923	loss_avg=3.3992	lr=0.0096	|gn|=3.9329	time=3.45it/s
2025-11-26 03:27:47,192 epoch=13	global_step=11100	acc=0.1562	acc_avg=0.1938	loss=3.3909	loss_avg=3.3885	lr=0.0096	|gn|=3.2878	time=3.44it/s
2025-11-26 03:28:20,276 epoch=13	global_step=11200	acc=0.2188	acc_avg=0.1944	loss=3.4604	loss_avg=3.3857	lr=0.0096	|gn|=3.2587	time=3.45it/s
2025-11-26 03:28:53,371 epoch=13	global_step=11300	acc=0.2188	acc_avg=0.1937	loss=3.1037	loss_avg=3.3858	lr=0.0096	|gn|=3.4661	time=3.45it/s
2025-11-26 03:28:57,040 ====================Eval Epoch 13====================
2025-11-26 03:28:59,523 epoch=13	global_step=31	acc=0.1250	acc_avg=0.1900	acc5=0.3750	acc5_avg=0.4790	loss=3.8949	loss_avg=3.3396	time=79.23it/s
2025-11-26 03:28:59,523 Eval Loss:3.3396	Eval acc: 19.00
2025-11-26 03:28:59,524 
2025-11-26 03:28:59,524 ====================Training Epoch 14====================
2025-11-26 03:29:29,570 epoch=14	global_step=11400	acc=0.2188	acc_avg=0.2068	loss=3.1804	loss_avg=3.2952	lr=0.0095	|gn|=3.1549	time=3.45it/s
2025-11-26 03:30:02,676 epoch=14	global_step=11500	acc=0.0938	acc_avg=0.2022	loss=3.1975	loss_avg=3.3299	lr=0.0095	|gn|=3.2790	time=3.44it/s
2025-11-26 03:30:35,778 epoch=14	global_step=11600	acc=0.3125	acc_avg=0.2059	loss=2.8331	loss_avg=3.3053	lr=0.0095	|gn|=2.9411	time=3.45it/s
2025-11-26 03:31:08,889 epoch=14	global_step=11700	acc=0.1875	acc_avg=0.2046	loss=3.5523	loss_avg=3.3127	lr=0.0095	|gn|=3.1411	time=3.45it/s
2025-11-26 03:31:42,000 epoch=14	global_step=11800	acc=0.2812	acc_avg=0.2064	loss=3.0043	loss_avg=3.3090	lr=0.0095	|gn|=3.3315	time=3.44it/s
2025-11-26 03:32:15,114 epoch=14	global_step=11900	acc=0.2812	acc_avg=0.2070	loss=2.9687	loss_avg=3.3005	lr=0.0095	|gn|=3.0330	time=3.44it/s
2025-11-26 03:32:48,235 epoch=14	global_step=12000	acc=0.2188	acc_avg=0.2082	loss=3.0330	loss_avg=3.2976	lr=0.0095	|gn|=3.1123	time=3.45it/s
2025-11-26 03:33:21,349 epoch=14	global_step=12100	acc=0.1250	acc_avg=0.2073	loss=3.7071	loss_avg=3.2988	lr=0.0095	|gn|=3.7780	time=3.44it/s
2025-11-26 03:33:27,674 ====================Eval Epoch 14====================
2025-11-26 03:33:30,195 epoch=14	global_step=31	acc=0.2500	acc_avg=0.2050	acc5=0.5000	acc5_avg=0.4860	loss=2.6807	loss_avg=3.2548	time=79.03it/s
2025-11-26 03:33:30,195 Eval Loss:3.2548	Eval acc: 20.50
2025-11-26 03:33:30,195 
2025-11-26 03:33:30,195 ====================Training Epoch 15====================
2025-11-26 03:33:57,655 epoch=15	global_step=12200	acc=0.2500	acc_avg=0.2307	loss=3.0247	loss_avg=3.2248	lr=0.0095	|gn|=3.2995	time=3.45it/s
2025-11-26 03:34:30,801 epoch=15	global_step=12300	acc=0.3125	acc_avg=0.2248	loss=3.0114	loss_avg=3.2340	lr=0.0095	|gn|=3.2324	time=3.44it/s
2025-11-26 03:35:03,945 epoch=15	global_step=12400	acc=0.2188	acc_avg=0.2233	loss=2.8090	loss_avg=3.2461	lr=0.0095	|gn|=2.9250	time=3.45it/s
2025-11-26 03:35:37,090 epoch=15	global_step=12500	acc=0.2188	acc_avg=0.2219	loss=3.0538	loss_avg=3.2438	lr=0.0095	|gn|=3.3420	time=3.45it/s
2025-11-26 03:36:10,232 epoch=15	global_step=12600	acc=0.1875	acc_avg=0.2213	loss=3.4308	loss_avg=3.2345	lr=0.0095	|gn|=3.8047	time=3.44it/s
2025-11-26 03:36:43,368 epoch=15	global_step=12700	acc=0.1562	acc_avg=0.2212	loss=3.2248	loss_avg=3.2255	lr=0.0095	|gn|=3.3604	time=3.45it/s
2025-11-26 03:37:16,484 epoch=15	global_step=12800	acc=0.1250	acc_avg=0.2223	loss=3.6174	loss_avg=3.2190	lr=0.0095	|gn|=4.1627	time=3.44it/s
2025-11-26 03:37:49,608 epoch=15	global_step=12900	acc=0.1562	acc_avg=0.2244	loss=3.3599	loss_avg=3.2134	lr=0.0095	|gn|=3.3996	time=3.45it/s
2025-11-26 03:37:58,596 ====================Eval Epoch 15====================
2025-11-26 03:38:01,092 epoch=15	global_step=31	acc=0.1250	acc_avg=0.2590	acc5=0.5000	acc5_avg=0.5640	loss=3.3715	loss_avg=3.0111	time=78.56it/s
2025-11-26 03:38:01,092 Eval Loss:3.0111	Eval acc: 25.90
2025-11-26 03:38:01,093 
2025-11-26 03:38:01,093 ====================Training Epoch 16====================
2025-11-26 03:38:25,852 epoch=16	global_step=13000	acc=0.2188	acc_avg=0.2252	loss=3.4394	loss_avg=3.1879	lr=0.0094	|gn|=3.4318	time=3.44it/s
2025-11-26 03:38:58,964 epoch=16	global_step=13100	acc=0.1562	acc_avg=0.2307	loss=3.4750	loss_avg=3.1628	lr=0.0094	|gn|=3.7946	time=3.45it/s
2025-11-26 03:39:32,057 epoch=16	global_step=13200	acc=0.3438	acc_avg=0.2367	loss=2.9129	loss_avg=3.1444	lr=0.0094	|gn|=3.4337	time=3.44it/s
2025-11-26 03:40:05,171 epoch=16	global_step=13300	acc=0.2500	acc_avg=0.2361	loss=2.8684	loss_avg=3.1571	lr=0.0094	|gn|=3.3855	time=3.43it/s
2025-11-26 03:40:38,281 epoch=16	global_step=13400	acc=0.2812	acc_avg=0.2415	loss=3.2661	loss_avg=3.1385	lr=0.0094	|gn|=3.5752	time=3.45it/s
2025-11-26 03:41:11,387 epoch=16	global_step=13500	acc=0.3125	acc_avg=0.2395	loss=2.9171	loss_avg=3.1413	lr=0.0094	|gn|=3.0493	time=3.45it/s
2025-11-26 03:41:44,500 epoch=16	global_step=13600	acc=0.1562	acc_avg=0.2419	loss=2.9933	loss_avg=3.1365	lr=0.0094	|gn|=3.3754	time=3.45it/s
2025-11-26 03:42:17,605 epoch=16	global_step=13700	acc=0.1562	acc_avg=0.2415	loss=3.5631	loss_avg=3.1376	lr=0.0094	|gn|=3.4025	time=3.45it/s
2025-11-26 03:42:29,221 ====================Eval Epoch 16====================
2025-11-26 03:42:31,735 epoch=16	global_step=31	acc=0.0000	acc_avg=0.2330	acc5=0.6250	acc5_avg=0.5540	loss=3.6342	loss_avg=3.0292	time=79.05it/s
2025-11-26 03:42:31,735 Eval Loss:3.0292	Eval acc: 23.30
2025-11-26 03:42:31,735 
2025-11-26 03:42:31,736 ====================Training Epoch 17====================
2025-11-26 03:42:53,870 epoch=17	global_step=13800	acc=0.2500	acc_avg=0.2668	loss=3.1509	loss_avg=3.1054	lr=0.0093	|gn|=3.8339	time=3.45it/s
2025-11-26 03:43:26,965 epoch=17	global_step=13900	acc=0.1875	acc_avg=0.2589	loss=3.2854	loss_avg=3.0654	lr=0.0093	|gn|=4.1290	time=3.45it/s
2025-11-26 03:44:00,054 epoch=17	global_step=14000	acc=0.2812	acc_avg=0.2573	loss=2.9168	loss_avg=3.0623	lr=0.0093	|gn|=3.7418	time=3.45it/s
2025-11-26 03:44:33,156 epoch=17	global_step=14100	acc=0.1250	acc_avg=0.2569	loss=3.0807	loss_avg=3.0521	lr=0.0093	|gn|=3.9677	time=3.45it/s
2025-11-26 03:45:06,230 epoch=17	global_step=14200	acc=0.1875	acc_avg=0.2597	loss=3.4908	loss_avg=3.0474	lr=0.0093	|gn|=4.6420	time=3.45it/s
2025-11-26 03:45:39,322 epoch=17	global_step=14300	acc=0.3438	acc_avg=0.2616	loss=2.9583	loss_avg=3.0484	lr=0.0093	|gn|=3.8300	time=3.45it/s
2025-11-26 03:46:12,423 epoch=17	global_step=14400	acc=0.3125	acc_avg=0.2608	loss=3.3049	loss_avg=3.0499	lr=0.0093	|gn|=3.6520	time=3.45it/s
2025-11-26 03:46:45,513 epoch=17	global_step=14500	acc=0.1875	acc_avg=0.2605	loss=3.0408	loss_avg=3.0475	lr=0.0093	|gn|=3.1947	time=3.45it/s
2025-11-26 03:46:59,791 ====================Eval Epoch 17====================
2025-11-26 03:47:02,291 epoch=17	global_step=31	acc=0.1250	acc_avg=0.2610	acc5=0.5000	acc5_avg=0.5970	loss=3.4263	loss_avg=2.9700	time=79.15it/s
2025-11-26 03:47:02,291 Eval Loss:2.9700	Eval acc: 26.10
2025-11-26 03:47:02,291 
2025-11-26 03:47:02,291 ====================Training Epoch 18====================
2025-11-26 03:47:21,748 epoch=18	global_step=14600	acc=0.3438	acc_avg=0.2889	loss=2.5235	loss_avg=2.9557	lr=0.0092	|gn|=3.2368	time=3.45it/s
2025-11-26 03:47:54,877 epoch=18	global_step=14700	acc=0.3438	acc_avg=0.2697	loss=3.0279	loss_avg=2.9996	lr=0.0092	|gn|=3.2116	time=3.46it/s
2025-11-26 03:48:27,998 epoch=18	global_step=14800	acc=0.3438	acc_avg=0.2702	loss=2.9836	loss_avg=2.9812	lr=0.0092	|gn|=3.6479	time=3.45it/s
2025-11-26 03:49:01,097 epoch=18	global_step=14900	acc=0.4375	acc_avg=0.2723	loss=2.4556	loss_avg=2.9795	lr=0.0092	|gn|=3.0235	time=3.45it/s
2025-11-26 03:49:34,226 epoch=18	global_step=15000	acc=0.3125	acc_avg=0.2748	loss=2.5765	loss_avg=2.9778	lr=0.0092	|gn|=3.1046	time=3.43it/s
2025-11-26 03:50:07,358 epoch=18	global_step=15100	acc=0.3438	acc_avg=0.2765	loss=2.7348	loss_avg=2.9721	lr=0.0092	|gn|=3.5838	time=3.45it/s
2025-11-26 03:50:40,511 epoch=18	global_step=15200	acc=0.2500	acc_avg=0.2780	loss=2.8585	loss_avg=2.9668	lr=0.0092	|gn|=3.3273	time=3.45it/s
2025-11-26 03:51:13,644 epoch=18	global_step=15300	acc=0.4062	acc_avg=0.2784	loss=2.7984	loss_avg=2.9618	lr=0.0092	|gn|=3.6385	time=3.44it/s
2025-11-26 03:51:30,596 ====================Eval Epoch 18====================
2025-11-26 03:51:33,122 epoch=18	global_step=31	acc=0.2500	acc_avg=0.2920	acc5=0.7500	acc5_avg=0.5840	loss=2.4666	loss_avg=2.8877	time=79.12it/s
2025-11-26 03:51:33,122 Eval Loss:2.8877	Eval acc: 29.20
2025-11-26 03:51:33,123 
2025-11-26 03:51:33,123 ====================Training Epoch 19====================
2025-11-26 03:51:49,934 epoch=19	global_step=15400	acc=0.1250	acc_avg=0.2921	loss=3.3340	loss_avg=2.8702	lr=0.0091	|gn|=4.1323	time=3.44it/s
2025-11-26 03:52:23,068 epoch=19	global_step=15500	acc=0.1562	acc_avg=0.2978	loss=3.6558	loss_avg=2.8719	lr=0.0091	|gn|=4.6317	time=3.45it/s
2025-11-26 03:52:56,182 epoch=19	global_step=15600	acc=0.2812	acc_avg=0.2925	loss=3.2396	loss_avg=2.8932	lr=0.0091	|gn|=3.8481	time=3.45it/s
2025-11-26 03:53:29,292 epoch=19	global_step=15700	acc=0.2812	acc_avg=0.2907	loss=3.1128	loss_avg=2.8968	lr=0.0091	|gn|=4.0712	time=3.45it/s
2025-11-26 03:54:02,407 epoch=19	global_step=15800	acc=0.2812	acc_avg=0.2947	loss=2.7158	loss_avg=2.8869	lr=0.0091	|gn|=3.8203	time=3.45it/s
2025-11-26 03:54:35,539 epoch=19	global_step=15900	acc=0.2812	acc_avg=0.2919	loss=2.9620	loss_avg=2.8963	lr=0.0091	|gn|=3.5682	time=3.45it/s
2025-11-26 03:55:08,687 epoch=19	global_step=16000	acc=0.4062	acc_avg=0.2907	loss=2.8073	loss_avg=2.8965	lr=0.0091	|gn|=3.5536	time=3.44it/s
2025-11-26 03:55:41,820 epoch=19	global_step=16100	acc=0.2500	acc_avg=0.2921	loss=2.8655	loss_avg=2.8863	lr=0.0091	|gn|=3.8064	time=3.44it/s
2025-11-26 03:56:01,420 ====================Eval Epoch 19====================
2025-11-26 03:56:03,926 epoch=19	global_step=31	acc=0.2500	acc_avg=0.3140	acc5=0.6250	acc5_avg=0.6190	loss=3.2642	loss_avg=2.7826	time=79.09it/s
2025-11-26 03:56:03,927 Eval Loss:2.7826	Eval acc: 31.40
2025-11-26 03:56:03,927 
2025-11-26 03:56:03,927 ====================Training Epoch 20====================
2025-11-26 03:56:18,105 epoch=20	global_step=16200	acc=0.3125	acc_avg=0.2995	loss=2.9014	loss_avg=2.8482	lr=0.0090	|gn|=4.1252	time=3.45it/s
2025-11-26 03:56:51,273 epoch=20	global_step=16300	acc=0.4062	acc_avg=0.3096	loss=2.5533	loss_avg=2.8328	lr=0.0090	|gn|=3.6734	time=3.44it/s
2025-11-26 03:57:24,437 epoch=20	global_step=16400	acc=0.3125	acc_avg=0.3096	loss=2.4994	loss_avg=2.8196	lr=0.0090	|gn|=3.6221	time=3.44it/s
2025-11-26 03:57:57,598 epoch=20	global_step=16500	acc=0.2188	acc_avg=0.3076	loss=2.9788	loss_avg=2.8242	lr=0.0090	|gn|=3.9527	time=3.44it/s
2025-11-26 03:58:30,747 epoch=20	global_step=16600	acc=0.2188	acc_avg=0.3075	loss=3.0307	loss_avg=2.8244	lr=0.0090	|gn|=4.5213	time=3.44it/s
2025-11-26 03:59:03,900 epoch=20	global_step=16700	acc=0.2500	acc_avg=0.3075	loss=2.8349	loss_avg=2.8260	lr=0.0090	|gn|=3.9283	time=3.44it/s
2025-11-26 03:59:37,036 epoch=20	global_step=16800	acc=0.2500	acc_avg=0.3065	loss=3.2803	loss_avg=2.8312	lr=0.0090	|gn|=3.9449	time=3.45it/s
2025-11-26 04:00:10,157 epoch=20	global_step=16900	acc=0.2188	acc_avg=0.3077	loss=2.8526	loss_avg=2.8245	lr=0.0090	|gn|=3.8175	time=3.44it/s
2025-11-26 04:00:32,393 ====================Eval Epoch 20====================
2025-11-26 04:00:34,896 epoch=20	global_step=31	acc=0.3750	acc_avg=0.3070	acc5=0.7500	acc5_avg=0.6140	loss=2.5663	loss_avg=2.9223	time=79.12it/s
2025-11-26 04:00:34,897 Eval Loss:2.9223	Eval acc: 30.70
2025-11-26 04:00:34,897 
2025-11-26 04:00:34,897 ====================Training Epoch 21====================
2025-11-26 04:00:46,424 epoch=21	global_step=17000	acc=0.4688	acc_avg=0.3258	loss=2.6209	loss_avg=2.7552	lr=0.0090	|gn|=3.9104	time=3.44it/s
2025-11-26 04:01:19,529 epoch=21	global_step=17100	acc=0.2812	acc_avg=0.3170	loss=2.9359	loss_avg=2.7558	lr=0.0090	|gn|=4.0452	time=3.45it/s
2025-11-26 04:01:52,628 epoch=21	global_step=17200	acc=0.3750	acc_avg=0.3215	loss=2.8580	loss_avg=2.7429	lr=0.0090	|gn|=3.7786	time=3.45it/s
2025-11-26 04:02:25,763 epoch=21	global_step=17300	acc=0.3125	acc_avg=0.3175	loss=3.0907	loss_avg=2.7631	lr=0.0090	|gn|=4.0368	time=3.43it/s
2025-11-26 04:02:58,900 epoch=21	global_step=17400	acc=0.1875	acc_avg=0.3137	loss=3.3163	loss_avg=2.7801	lr=0.0090	|gn|=4.2779	time=3.45it/s
2025-11-26 04:03:32,032 epoch=21	global_step=17500	acc=0.3750	acc_avg=0.3133	loss=2.1010	loss_avg=2.7773	lr=0.0090	|gn|=2.9317	time=3.45it/s
2025-11-26 04:04:05,146 epoch=21	global_step=17600	acc=0.3125	acc_avg=0.3122	loss=2.9269	loss_avg=2.7798	lr=0.0090	|gn|=3.7468	time=3.45it/s
2025-11-26 04:04:38,258 epoch=21	global_step=17700	acc=0.3750	acc_avg=0.3126	loss=2.5430	loss_avg=2.7799	lr=0.0090	|gn|=4.2791	time=3.44it/s
2025-11-26 04:05:03,134 ====================Eval Epoch 21====================
2025-11-26 04:05:05,643 epoch=21	global_step=31	acc=0.3750	acc_avg=0.3260	acc5=0.6250	acc5_avg=0.6520	loss=2.7297	loss_avg=2.6485	time=78.99it/s
2025-11-26 04:05:05,643 Eval Loss:2.6485	Eval acc: 32.60
2025-11-26 04:05:05,644 
2025-11-26 04:05:05,644 ====================Training Epoch 22====================
2025-11-26 04:05:14,500 epoch=22	global_step=17800	acc=0.3750	acc_avg=0.3425	loss=2.2338	loss_avg=2.6959	lr=0.0089	|gn|=3.4200	time=3.44it/s
2025-11-26 04:05:47,637 epoch=22	global_step=17900	acc=0.2500	acc_avg=0.3417	loss=2.7873	loss_avg=2.6695	lr=0.0089	|gn|=4.6119	time=3.45it/s
2025-11-26 04:06:20,776 epoch=22	global_step=18000	acc=0.2188	acc_avg=0.3322	loss=2.7004	loss_avg=2.6872	lr=0.0089	|gn|=4.3156	time=3.45it/s
2025-11-26 04:06:53,907 epoch=22	global_step=18100	acc=0.3438	acc_avg=0.3321	loss=2.8568	loss_avg=2.6904	lr=0.0089	|gn|=4.1534	time=3.45it/s
2025-11-26 04:07:27,040 epoch=22	global_step=18200	acc=0.4688	acc_avg=0.3316	loss=2.2655	loss_avg=2.6952	lr=0.0089	|gn|=3.3730	time=3.45it/s
2025-11-26 04:08:00,173 epoch=22	global_step=18300	acc=0.2500	acc_avg=0.3332	loss=2.5350	loss_avg=2.6832	lr=0.0089	|gn|=4.0748	time=3.45it/s
2025-11-26 04:08:33,305 epoch=22	global_step=18400	acc=0.2188	acc_avg=0.3327	loss=3.1949	loss_avg=2.6866	lr=0.0089	|gn|=4.9162	time=3.44it/s
2025-11-26 04:09:06,447 epoch=22	global_step=18500	acc=0.2812	acc_avg=0.3337	loss=2.6498	loss_avg=2.6869	lr=0.0089	|gn|=4.1671	time=3.45it/s
2025-11-26 04:09:33,988 ====================Eval Epoch 22====================
2025-11-26 04:09:36,490 epoch=22	global_step=31	acc=0.3750	acc_avg=0.3070	acc5=0.6250	acc5_avg=0.6390	loss=2.9633	loss_avg=2.8875	time=79.31it/s
2025-11-26 04:09:36,490 Eval Loss:2.8875	Eval acc: 30.70
2025-11-26 04:09:36,490 
2025-11-26 04:09:36,490 ====================Training Epoch 23====================
2025-11-26 04:09:42,728 epoch=23	global_step=18600	acc=0.3750	acc_avg=0.3768	loss=2.7079	loss_avg=2.5020	lr=0.0088	|gn|=4.0438	time=3.45it/s
2025-11-26 04:10:15,846 epoch=23	global_step=18700	acc=0.4062	acc_avg=0.3459	loss=2.2351	loss_avg=2.6461	lr=0.0088	|gn|=3.9922	time=3.45it/s
2025-11-26 04:10:48,971 epoch=23	global_step=18800	acc=0.2188	acc_avg=0.3452	loss=3.0831	loss_avg=2.6289	lr=0.0088	|gn|=4.6317	time=3.45it/s
2025-11-26 04:11:22,107 epoch=23	global_step=18900	acc=0.4375	acc_avg=0.3468	loss=2.2099	loss_avg=2.6302	lr=0.0088	|gn|=3.4829	time=3.44it/s
2025-11-26 04:11:55,211 epoch=23	global_step=19000	acc=0.3750	acc_avg=0.3464	loss=2.6202	loss_avg=2.6300	lr=0.0088	|gn|=4.3273	time=3.44it/s
2025-11-26 04:12:28,331 epoch=23	global_step=19100	acc=0.3125	acc_avg=0.3464	loss=2.8638	loss_avg=2.6294	lr=0.0088	|gn|=4.2447	time=3.45it/s
2025-11-26 04:13:01,458 epoch=23	global_step=19200	acc=0.3125	acc_avg=0.3472	loss=2.8225	loss_avg=2.6242	lr=0.0088	|gn|=3.9606	time=3.45it/s
2025-11-26 04:13:34,591 epoch=23	global_step=19300	acc=0.3750	acc_avg=0.3468	loss=2.4049	loss_avg=2.6265	lr=0.0088	|gn|=3.8935	time=3.44it/s
2025-11-26 04:14:04,795 ====================Eval Epoch 23====================
2025-11-26 04:14:07,297 epoch=23	global_step=31	acc=0.1250	acc_avg=0.3650	acc5=0.6250	acc5_avg=0.6680	loss=3.3395	loss_avg=2.5598	time=78.96it/s
2025-11-26 04:14:07,297 Eval Loss:2.5598	Eval acc: 36.50
2025-11-26 04:14:07,298 
2025-11-26 04:14:07,298 ====================Training Epoch 24====================
2025-11-26 04:14:10,911 epoch=24	global_step=19400	acc=0.4062	acc_avg=0.3368	loss=2.1700	loss_avg=2.5938	lr=0.0086	|gn|=3.5094	time=3.45it/s
2025-11-26 04:14:44,021 epoch=24	global_step=19500	acc=0.4062	acc_avg=0.3655	loss=2.5684	loss_avg=2.5167	lr=0.0086	|gn|=4.6265	time=3.45it/s
2025-11-26 04:15:17,115 epoch=24	global_step=19600	acc=0.3125	acc_avg=0.3617	loss=2.5542	loss_avg=2.5468	lr=0.0086	|gn|=4.1653	time=3.45it/s
2025-11-26 04:15:50,236 epoch=24	global_step=19700	acc=0.3125	acc_avg=0.3620	loss=2.4459	loss_avg=2.5599	lr=0.0086	|gn|=4.3930	time=3.45it/s
2025-11-26 04:16:23,358 epoch=24	global_step=19800	acc=0.4062	acc_avg=0.3652	loss=2.4060	loss_avg=2.5589	lr=0.0086	|gn|=4.1469	time=3.45it/s
2025-11-26 04:16:56,494 epoch=24	global_step=19900	acc=0.3438	acc_avg=0.3636	loss=2.4839	loss_avg=2.5598	lr=0.0086	|gn|=4.1126	time=3.45it/s
2025-11-26 04:17:29,633 epoch=24	global_step=20000	acc=0.3438	acc_avg=0.3631	loss=2.7461	loss_avg=2.5609	lr=0.0086	|gn|=4.0330	time=3.45it/s
2025-11-26 04:18:02,768 epoch=24	global_step=20100	acc=0.3750	acc_avg=0.3631	loss=2.6450	loss_avg=2.5613	lr=0.0086	|gn|=4.1970	time=3.44it/s
2025-11-26 04:18:35,606 ====================Eval Epoch 24====================
2025-11-26 04:18:38,119 epoch=24	global_step=31	acc=0.1250	acc_avg=0.3650	acc5=0.7500	acc5_avg=0.6600	loss=3.0317	loss_avg=2.5962	time=78.72it/s
2025-11-26 04:18:38,119 Eval Loss:2.5962	Eval acc: 36.50
2025-11-26 04:18:38,120 
2025-11-26 04:18:38,120 ====================Training Epoch 25====================
2025-11-26 04:18:39,086 epoch=25	global_step=20200	acc=0.3125	acc_avg=0.3125	loss=2.7425	loss_avg=2.7425	lr=0.0085	|gn|=4.5072	time=3.44it/s
2025-11-26 04:19:12,208 epoch=25	global_step=20300	acc=0.2812	acc_avg=0.3738	loss=2.8679	loss_avg=2.5427	lr=0.0085	|gn|=4.6638	time=3.44it/s
2025-11-26 04:19:45,333 epoch=25	global_step=20400	acc=0.3750	acc_avg=0.3759	loss=2.6848	loss_avg=2.5239	lr=0.0085	|gn|=4.1879	time=3.45it/s
2025-11-26 04:20:18,447 epoch=25	global_step=20500	acc=0.5000	acc_avg=0.3758	loss=2.2900	loss_avg=2.5186	lr=0.0085	|gn|=4.3190	time=3.45it/s
2025-11-26 04:20:51,582 epoch=25	global_step=20600	acc=0.3438	acc_avg=0.3774	loss=2.7897	loss_avg=2.5083	lr=0.0085	|gn|=4.3879	time=3.45it/s
2025-11-26 04:21:24,701 epoch=25	global_step=20700	acc=0.4062	acc_avg=0.3782	loss=2.1998	loss_avg=2.5076	lr=0.0085	|gn|=4.3532	time=3.45it/s
2025-11-26 04:21:57,817 epoch=25	global_step=20800	acc=0.2812	acc_avg=0.3789	loss=2.4979	loss_avg=2.5155	lr=0.0085	|gn|=4.4027	time=3.45it/s
2025-11-26 04:22:30,915 epoch=25	global_step=20900	acc=0.3125	acc_avg=0.3773	loss=2.9030	loss_avg=2.5132	lr=0.0085	|gn|=4.0547	time=3.45it/s
2025-11-26 04:23:04,006 epoch=25	global_step=21000	acc=0.4688	acc_avg=0.3754	loss=2.0804	loss_avg=2.5189	lr=0.0085	|gn|=3.9842	time=3.45it/s
2025-11-26 04:23:06,366 ====================Eval Epoch 25====================
2025-11-26 04:23:08,870 epoch=25	global_step=31	acc=0.2500	acc_avg=0.4000	acc5=0.7500	acc5_avg=0.6980	loss=2.3186	loss_avg=2.4501	time=79.26it/s
2025-11-26 04:23:08,871 Eval Loss:2.4501	Eval acc: 40.00
2025-11-26 04:23:08,871 
2025-11-26 04:23:08,871 ====================Training Epoch 26====================
2025-11-26 04:23:40,229 epoch=26	global_step=21100	acc=0.3750	acc_avg=0.3925	loss=2.7263	loss_avg=2.4441	lr=0.0084	|gn|=4.2648	time=3.45it/s
2025-11-26 04:24:13,344 epoch=26	global_step=21200	acc=0.3438	acc_avg=0.3812	loss=2.2882	loss_avg=2.4544	lr=0.0084	|gn|=4.2577	time=3.45it/s
2025-11-26 04:24:46,437 epoch=26	global_step=21300	acc=0.5000	acc_avg=0.3875	loss=2.2831	loss_avg=2.4449	lr=0.0084	|gn|=4.1872	time=3.44it/s
2025-11-26 04:25:19,509 epoch=26	global_step=21400	acc=0.2812	acc_avg=0.3894	loss=2.4251	loss_avg=2.4396	lr=0.0084	|gn|=4.0924	time=3.45it/s
2025-11-26 04:25:52,593 epoch=26	global_step=21500	acc=0.3438	acc_avg=0.3896	loss=2.6006	loss_avg=2.4399	lr=0.0084	|gn|=4.5697	time=3.45it/s
2025-11-26 04:26:25,678 epoch=26	global_step=21600	acc=0.4375	acc_avg=0.3894	loss=2.2306	loss_avg=2.4443	lr=0.0084	|gn|=3.6490	time=3.45it/s
2025-11-26 04:26:58,770 epoch=26	global_step=21700	acc=0.3438	acc_avg=0.3879	loss=2.7077	loss_avg=2.4506	lr=0.0084	|gn|=5.0211	time=3.45it/s
2025-11-26 04:27:31,857 epoch=26	global_step=21800	acc=0.3438	acc_avg=0.3864	loss=2.7421	loss_avg=2.4564	lr=0.0084	|gn|=4.6716	time=3.45it/s
2025-11-26 04:27:36,857 ====================Eval Epoch 26====================
2025-11-26 04:27:39,383 epoch=26	global_step=31	acc=0.2500	acc_avg=0.3960	acc5=0.6250	acc5_avg=0.7100	loss=3.3048	loss_avg=2.4178	time=79.18it/s
2025-11-26 04:27:39,383 Eval Loss:2.4178	Eval acc: 39.60
2025-11-26 04:27:39,383 
2025-11-26 04:27:39,383 ====================Training Epoch 27====================
2025-11-26 04:28:08,084 epoch=27	global_step=21900	acc=0.4062	acc_avg=0.3827	loss=2.2615	loss_avg=2.4419	lr=0.0083	|gn|=4.4622	time=3.45it/s
2025-11-26 04:28:41,170 epoch=27	global_step=22000	acc=0.3125	acc_avg=0.3877	loss=2.5453	loss_avg=2.4213	lr=0.0083	|gn|=4.2497	time=3.45it/s
2025-11-26 04:29:14,265 epoch=27	global_step=22100	acc=0.4375	acc_avg=0.3932	loss=2.3417	loss_avg=2.4032	lr=0.0083	|gn|=4.3388	time=3.45it/s
2025-11-26 04:29:47,366 epoch=27	global_step=22200	acc=0.4062	acc_avg=0.3926	loss=2.3055	loss_avg=2.4096	lr=0.0083	|gn|=3.8829	time=3.45it/s
2025-11-26 04:30:20,474 epoch=27	global_step=22300	acc=0.4062	acc_avg=0.3936	loss=2.4657	loss_avg=2.3962	lr=0.0083	|gn|=5.1458	time=3.45it/s
2025-11-26 04:30:53,594 epoch=27	global_step=22400	acc=0.4688	acc_avg=0.3951	loss=2.1243	loss_avg=2.3947	lr=0.0083	|gn|=4.0446	time=3.45it/s
2025-11-26 04:31:26,705 epoch=27	global_step=22500	acc=0.4375	acc_avg=0.3930	loss=2.5018	loss_avg=2.4004	lr=0.0083	|gn|=4.2191	time=3.45it/s
2025-11-26 04:31:59,809 epoch=27	global_step=22600	acc=0.3750	acc_avg=0.3932	loss=2.6184	loss_avg=2.3970	lr=0.0083	|gn|=4.3323	time=3.45it/s
2025-11-26 04:32:07,466 ====================Eval Epoch 27====================
2025-11-26 04:32:09,990 epoch=27	global_step=31	acc=0.3750	acc_avg=0.4130	acc5=0.6250	acc5_avg=0.7160	loss=2.5617	loss_avg=2.2941	time=78.87it/s
2025-11-26 04:32:09,990 Eval Loss:2.2941	Eval acc: 41.30
2025-11-26 04:32:09,991 
2025-11-26 04:32:09,991 ====================Training Epoch 28====================
2025-11-26 04:32:36,070 epoch=28	global_step=22700	acc=0.5000	acc_avg=0.4205	loss=2.0969	loss_avg=2.2834	lr=0.0082	|gn|=3.6021	time=3.45it/s
2025-11-26 04:33:09,176 epoch=28	global_step=22800	acc=0.4062	acc_avg=0.4172	loss=2.6547	loss_avg=2.3397	lr=0.0082	|gn|=4.4831	time=3.45it/s
2025-11-26 04:33:42,291 epoch=28	global_step=22900	acc=0.4375	acc_avg=0.4120	loss=2.0296	loss_avg=2.3439	lr=0.0082	|gn|=3.7490	time=3.45it/s
2025-11-26 04:34:15,400 epoch=28	global_step=23000	acc=0.2812	acc_avg=0.4093	loss=2.7430	loss_avg=2.3477	lr=0.0082	|gn|=5.5552	time=3.44it/s
2025-11-26 04:34:48,515 epoch=28	global_step=23100	acc=0.5312	acc_avg=0.4102	loss=1.9879	loss_avg=2.3406	lr=0.0082	|gn|=3.7413	time=3.44it/s
2025-11-26 04:35:21,620 epoch=28	global_step=23200	acc=0.4375	acc_avg=0.4111	loss=2.1560	loss_avg=2.3387	lr=0.0082	|gn|=4.8456	time=3.44it/s
2025-11-26 04:35:54,742 epoch=28	global_step=23300	acc=0.3750	acc_avg=0.4110	loss=2.2952	loss_avg=2.3429	lr=0.0082	|gn|=4.3749	time=3.45it/s
2025-11-26 04:36:27,859 epoch=28	global_step=23400	acc=0.4062	acc_avg=0.4114	loss=2.5979	loss_avg=2.3443	lr=0.0082	|gn|=4.6419	time=3.45it/s
2025-11-26 04:36:38,157 ====================Eval Epoch 28====================
2025-11-26 04:36:40,676 epoch=28	global_step=31	acc=0.1250	acc_avg=0.3940	acc5=0.7500	acc5_avg=0.7270	loss=2.2428	loss_avg=2.2637	time=79.35it/s
2025-11-26 04:36:40,676 Eval Loss:2.2637	Eval acc: 39.40
2025-11-26 04:36:40,676 
2025-11-26 04:36:40,677 ====================Training Epoch 29====================
2025-11-26 04:37:04,136 epoch=29	global_step=23500	acc=0.4062	acc_avg=0.4216	loss=2.4853	loss_avg=2.2740	lr=0.0081	|gn|=4.3977	time=3.45it/s
2025-11-26 04:37:37,277 epoch=29	global_step=23600	acc=0.4375	acc_avg=0.4275	loss=2.3628	loss_avg=2.2770	lr=0.0081	|gn|=4.1170	time=3.44it/s
2025-11-26 04:38:10,365 epoch=29	global_step=23700	acc=0.3750	acc_avg=0.4207	loss=2.4933	loss_avg=2.2977	lr=0.0081	|gn|=4.4999	time=3.44it/s
2025-11-26 04:38:43,505 epoch=29	global_step=23800	acc=0.4688	acc_avg=0.4176	loss=1.9385	loss_avg=2.3046	lr=0.0081	|gn|=3.7282	time=3.45it/s
2025-11-26 04:39:16,598 epoch=29	global_step=23900	acc=0.2812	acc_avg=0.4164	loss=3.1924	loss_avg=2.3045	lr=0.0081	|gn|=4.9785	time=3.44it/s
2025-11-26 04:39:49,677 epoch=29	global_step=24000	acc=0.4062	acc_avg=0.4193	loss=2.4077	loss_avg=2.2972	lr=0.0081	|gn|=3.9238	time=3.45it/s
2025-11-26 04:40:22,746 epoch=29	global_step=24100	acc=0.5625	acc_avg=0.4198	loss=2.0245	loss_avg=2.2940	lr=0.0081	|gn|=4.6647	time=3.45it/s
2025-11-26 04:40:55,816 epoch=29	global_step=24200	acc=0.3125	acc_avg=0.4208	loss=2.4959	loss_avg=2.2901	lr=0.0081	|gn|=4.3320	time=3.45it/s
2025-11-26 04:41:08,753 ====================Eval Epoch 29====================
2025-11-26 04:41:11,243 epoch=29	global_step=31	acc=0.2500	acc_avg=0.4160	acc5=0.6250	acc5_avg=0.7270	loss=2.6847	loss_avg=2.2695	time=79.11it/s
2025-11-26 04:41:11,244 Eval Loss:2.2695	Eval acc: 41.60
2025-11-26 04:41:11,244 
2025-11-26 04:41:11,244 ====================Training Epoch 30====================
2025-11-26 04:41:32,013 epoch=30	global_step=24300	acc=0.4688	acc_avg=0.4503	loss=2.2107	loss_avg=2.1192	lr=0.0079	|gn|=4.6737	time=3.45it/s
2025-11-26 04:42:05,062 epoch=30	global_step=24400	acc=0.5625	acc_avg=0.4326	loss=1.8062	loss_avg=2.2003	lr=0.0079	|gn|=3.4867	time=3.46it/s
2025-11-26 04:42:38,108 epoch=30	global_step=24500	acc=0.4062	acc_avg=0.4277	loss=2.4852	loss_avg=2.2324	lr=0.0079	|gn|=4.9347	time=3.46it/s
2025-11-26 04:43:11,175 epoch=30	global_step=24600	acc=0.5312	acc_avg=0.4322	loss=1.8374	loss_avg=2.2132	lr=0.0079	|gn|=3.4740	time=3.45it/s
2025-11-26 04:43:44,247 epoch=30	global_step=24700	acc=0.4375	acc_avg=0.4314	loss=2.0188	loss_avg=2.2271	lr=0.0079	|gn|=3.8216	time=3.46it/s
2025-11-26 04:44:17,307 epoch=30	global_step=24800	acc=0.3438	acc_avg=0.4310	loss=2.7760	loss_avg=2.2365	lr=0.0079	|gn|=5.8040	time=3.45it/s
2025-11-26 04:44:50,398 epoch=30	global_step=24900	acc=0.4062	acc_avg=0.4322	loss=2.4241	loss_avg=2.2354	lr=0.0079	|gn|=4.6626	time=3.45it/s
2025-11-26 04:45:23,474 epoch=30	global_step=25000	acc=0.4688	acc_avg=0.4326	loss=1.9824	loss_avg=2.2379	lr=0.0079	|gn|=3.7914	time=3.45it/s
2025-11-26 04:45:39,070 ====================Eval Epoch 30====================
2025-11-26 04:45:41,565 epoch=30	global_step=31	acc=0.2500	acc_avg=0.4460	acc5=0.7500	acc5_avg=0.7340	loss=2.8940	loss_avg=2.1656	time=79.12it/s
2025-11-26 04:45:41,565 Eval Loss:2.1656	Eval acc: 44.60
2025-11-26 04:45:41,565 
2025-11-26 04:45:41,565 ====================Training Epoch 31====================
2025-11-26 04:45:59,975 epoch=31	global_step=25100	acc=0.3438	acc_avg=0.4399	loss=2.4101	loss_avg=2.1834	lr=0.0078	|gn|=4.7061	time=3.46it/s
2025-11-26 04:46:33,055 epoch=31	global_step=25200	acc=0.5625	acc_avg=0.4477	loss=1.9607	loss_avg=2.1542	lr=0.0078	|gn|=4.1549	time=3.46it/s
2025-11-26 04:47:06,145 epoch=31	global_step=25300	acc=0.3438	acc_avg=0.4476	loss=2.3047	loss_avg=2.1598	lr=0.0078	|gn|=5.5984	time=3.45it/s
2025-11-26 04:47:39,251 epoch=31	global_step=25400	acc=0.4688	acc_avg=0.4456	loss=2.2827	loss_avg=2.1725	lr=0.0078	|gn|=4.9850	time=3.45it/s
2025-11-26 04:48:12,327 epoch=31	global_step=25500	acc=0.5625	acc_avg=0.4444	loss=1.8795	loss_avg=2.1783	lr=0.0078	|gn|=4.3564	time=3.45it/s
2025-11-26 04:48:45,412 epoch=31	global_step=25600	acc=0.4375	acc_avg=0.4451	loss=1.9817	loss_avg=2.1835	lr=0.0078	|gn|=4.5409	time=3.45it/s
2025-11-26 04:49:18,506 epoch=31	global_step=25700	acc=0.5625	acc_avg=0.4443	loss=1.8032	loss_avg=2.1842	lr=0.0078	|gn|=4.0453	time=3.45it/s
2025-11-26 04:49:51,591 epoch=31	global_step=25800	acc=0.4062	acc_avg=0.4441	loss=2.3380	loss_avg=2.1867	lr=0.0078	|gn|=4.6643	time=3.45it/s
2025-11-26 04:50:09,828 ====================Eval Epoch 31====================
2025-11-26 04:50:12,338 epoch=31	global_step=31	acc=0.0000	acc_avg=0.4370	acc5=0.7500	acc5_avg=0.7410	loss=2.8985	loss_avg=2.1932	time=79.02it/s
2025-11-26 04:50:12,338 Eval Loss:2.1932	Eval acc: 43.70
2025-11-26 04:50:12,338 
2025-11-26 04:50:12,338 ====================Training Epoch 32====================
2025-11-26 04:50:27,807 epoch=32	global_step=25900	acc=0.4062	acc_avg=0.4437	loss=2.3288	loss_avg=2.1734	lr=0.0077	|gn|=4.7135	time=3.46it/s
2025-11-26 04:51:00,865 epoch=32	global_step=26000	acc=0.4375	acc_avg=0.4433	loss=2.1583	loss_avg=2.1990	lr=0.0077	|gn|=4.5353	time=3.45it/s
2025-11-26 04:51:33,941 epoch=32	global_step=26100	acc=0.4375	acc_avg=0.4492	loss=2.2700	loss_avg=2.1763	lr=0.0077	|gn|=4.9490	time=3.45it/s
2025-11-26 04:52:07,000 epoch=32	global_step=26200	acc=0.4062	acc_avg=0.4518	loss=2.1687	loss_avg=2.1494	lr=0.0077	|gn|=4.9654	time=3.45it/s
2025-11-26 04:52:40,056 epoch=32	global_step=26300	acc=0.3438	acc_avg=0.4532	loss=2.2031	loss_avg=2.1470	lr=0.0077	|gn|=4.5218	time=3.45it/s
2025-11-26 04:53:13,112 epoch=32	global_step=26400	acc=0.5938	acc_avg=0.4519	loss=1.8606	loss_avg=2.1525	lr=0.0077	|gn|=3.9278	time=3.45it/s
2025-11-26 04:53:46,171 epoch=32	global_step=26500	acc=0.5000	acc_avg=0.4530	loss=2.0525	loss_avg=2.1495	lr=0.0077	|gn|=4.1798	time=3.45it/s
2025-11-26 04:54:19,217 epoch=32	global_step=26600	acc=0.4062	acc_avg=0.4509	loss=2.3615	loss_avg=2.1554	lr=0.0077	|gn|=4.3132	time=3.45it/s
2025-11-26 04:54:40,077 ====================Eval Epoch 32====================
2025-11-26 04:54:42,609 epoch=32	global_step=31	acc=0.2500	acc_avg=0.4540	acc5=0.7500	acc5_avg=0.7480	loss=2.7376	loss_avg=2.1692	time=79.26it/s
2025-11-26 04:54:42,609 Eval Loss:2.1692	Eval acc: 45.40
2025-11-26 04:54:42,610 
2025-11-26 04:54:42,610 ====================Training Epoch 33====================
2025-11-26 04:54:55,443 epoch=33	global_step=26700	acc=0.3125	acc_avg=0.4662	loss=2.8415	loss_avg=2.0894	lr=0.0075	|gn|=5.2275	time=3.45it/s
2025-11-26 04:55:28,551 epoch=33	global_step=26800	acc=0.4062	acc_avg=0.4722	loss=2.3311	loss_avg=2.0728	lr=0.0075	|gn|=4.4815	time=3.45it/s
2025-11-26 04:56:01,663 epoch=33	global_step=26900	acc=0.3750	acc_avg=0.4643	loss=2.2508	loss_avg=2.0999	lr=0.0075	|gn|=4.8744	time=3.45it/s
2025-11-26 04:56:34,724 epoch=33	global_step=27000	acc=0.4688	acc_avg=0.4675	loss=2.4728	loss_avg=2.0946	lr=0.0075	|gn|=4.8832	time=3.45it/s
2025-11-26 04:57:07,808 epoch=33	global_step=27100	acc=0.4375	acc_avg=0.4675	loss=2.2973	loss_avg=2.0922	lr=0.0075	|gn|=4.8092	time=3.45it/s
2025-11-26 04:57:40,945 epoch=33	global_step=27200	acc=0.5625	acc_avg=0.4687	loss=2.0565	loss_avg=2.0857	lr=0.0075	|gn|=4.0256	time=3.44it/s
2025-11-26 04:58:14,075 epoch=33	global_step=27300	acc=0.4688	acc_avg=0.4680	loss=2.1017	loss_avg=2.0864	lr=0.0075	|gn|=4.6498	time=3.45it/s
2025-11-26 04:58:47,191 epoch=33	global_step=27400	acc=0.3438	acc_avg=0.4663	loss=2.2781	loss_avg=2.0943	lr=0.0075	|gn|=5.3607	time=3.45it/s
2025-11-26 04:59:10,770 ====================Eval Epoch 33====================
2025-11-26 04:59:13,277 epoch=33	global_step=31	acc=0.3750	acc_avg=0.4810	acc5=0.7500	acc5_avg=0.7640	loss=2.3782	loss_avg=2.0543	time=79.29it/s
2025-11-26 04:59:13,278 Eval Loss:2.0543	Eval acc: 48.10
2025-11-26 04:59:13,278 
2025-11-26 04:59:13,278 ====================Training Epoch 34====================
2025-11-26 04:59:23,449 epoch=34	global_step=27500	acc=0.5000	acc_avg=0.4688	loss=2.0175	loss_avg=2.0626	lr=0.0074	|gn|=4.3688	time=3.45it/s
2025-11-26 04:59:56,576 epoch=34	global_step=27600	acc=0.3438	acc_avg=0.4695	loss=2.2582	loss_avg=2.0674	lr=0.0074	|gn|=4.4193	time=3.45it/s
2025-11-26 05:00:29,700 epoch=34	global_step=27700	acc=0.4688	acc_avg=0.4731	loss=2.2440	loss_avg=2.0510	lr=0.0074	|gn|=5.9148	time=3.45it/s
2025-11-26 05:01:02,810 epoch=34	global_step=27800	acc=0.3438	acc_avg=0.4673	loss=1.9885	loss_avg=2.0644	lr=0.0074	|gn|=4.7223	time=3.45it/s
2025-11-26 05:01:35,946 epoch=34	global_step=27900	acc=0.6250	acc_avg=0.4667	loss=1.6727	loss_avg=2.0713	lr=0.0074	|gn|=4.4657	time=3.44it/s
2025-11-26 05:02:09,090 epoch=34	global_step=28000	acc=0.5625	acc_avg=0.4668	loss=1.7646	loss_avg=2.0706	lr=0.0074	|gn|=4.0672	time=3.45it/s
2025-11-26 05:02:42,215 epoch=34	global_step=28100	acc=0.5312	acc_avg=0.4701	loss=1.8369	loss_avg=2.0598	lr=0.0074	|gn|=4.9191	time=3.45it/s
2025-11-26 05:03:15,342 epoch=34	global_step=28200	acc=0.4375	acc_avg=0.4720	loss=2.0924	loss_avg=2.0526	lr=0.0074	|gn|=4.8570	time=3.45it/s
2025-11-26 05:03:41,562 ====================Eval Epoch 34====================
2025-11-26 05:03:44,057 epoch=34	global_step=31	acc=0.2500	acc_avg=0.4650	acc5=0.7500	acc5_avg=0.7600	loss=3.2620	loss_avg=2.1340	time=79.22it/s
2025-11-26 05:03:44,057 Eval Loss:2.1340	Eval acc: 46.50
2025-11-26 05:03:44,058 
2025-11-26 05:03:44,058 ====================Training Epoch 35====================
2025-11-26 05:03:51,601 epoch=35	global_step=28300	acc=0.3125	acc_avg=0.4717	loss=2.6677	loss_avg=2.0436	lr=0.0073	|gn|=4.6682	time=3.45it/s
2025-11-26 05:04:24,738 epoch=35	global_step=28400	acc=0.5312	acc_avg=0.4917	loss=1.7012	loss_avg=1.9859	lr=0.0073	|gn|=3.7336	time=3.46it/s
2025-11-26 05:04:57,863 epoch=35	global_step=28500	acc=0.4375	acc_avg=0.4898	loss=2.1345	loss_avg=1.9965	lr=0.0073	|gn|=4.1135	time=3.44it/s
2025-11-26 05:05:31,011 epoch=35	global_step=28600	acc=0.4375	acc_avg=0.4871	loss=2.0520	loss_avg=1.9992	lr=0.0073	|gn|=4.7247	time=3.45it/s
2025-11-26 05:06:04,148 epoch=35	global_step=28700	acc=0.4375	acc_avg=0.4867	loss=1.6525	loss_avg=2.0003	lr=0.0073	|gn|=4.2365	time=3.44it/s
2025-11-26 05:06:37,287 epoch=35	global_step=28800	acc=0.5312	acc_avg=0.4875	loss=1.6581	loss_avg=1.9998	lr=0.0073	|gn|=3.5769	time=3.45it/s
2025-11-26 05:07:10,394 epoch=35	global_step=28900	acc=0.5000	acc_avg=0.4886	loss=2.1032	loss_avg=2.0007	lr=0.0073	|gn|=4.1910	time=3.45it/s
2025-11-26 05:07:43,497 epoch=35	global_step=29000	acc=0.6875	acc_avg=0.4875	loss=1.4330	loss_avg=2.0005	lr=0.0073	|gn|=3.4117	time=3.45it/s
2025-11-26 05:08:12,355 ====================Eval Epoch 35====================
2025-11-26 05:08:14,871 epoch=35	global_step=31	acc=0.3750	acc_avg=0.4920	acc5=0.7500	acc5_avg=0.7820	loss=2.0761	loss_avg=1.9844	time=79.36it/s
2025-11-26 05:08:14,871 Eval Loss:1.9844	Eval acc: 49.20
2025-11-26 05:08:14,871 
2025-11-26 05:08:14,871 ====================Training Epoch 36====================
2025-11-26 05:08:19,759 epoch=36	global_step=29100	acc=0.4688	acc_avg=0.4688	loss=2.0123	loss_avg=2.0847	lr=0.0071	|gn|=4.2174	time=3.45it/s
2025-11-26 05:08:52,889 epoch=36	global_step=29200	acc=0.4688	acc_avg=0.4942	loss=1.7886	loss_avg=1.9705	lr=0.0071	|gn|=4.5364	time=3.44it/s
2025-11-26 05:09:26,030 epoch=36	global_step=29300	acc=0.4688	acc_avg=0.4987	loss=1.8259	loss_avg=1.9583	lr=0.0071	|gn|=5.2165	time=3.45it/s
2025-11-26 05:09:59,168 epoch=36	global_step=29400	acc=0.6250	acc_avg=0.4989	loss=1.4819	loss_avg=1.9529	lr=0.0071	|gn|=4.7826	time=3.45it/s
2025-11-26 05:10:32,320 epoch=36	global_step=29500	acc=0.5938	acc_avg=0.4898	loss=1.7804	loss_avg=1.9809	lr=0.0071	|gn|=3.9353	time=3.44it/s
2025-11-26 05:11:05,467 epoch=36	global_step=29600	acc=0.4688	acc_avg=0.4901	loss=1.8324	loss_avg=1.9739	lr=0.0071	|gn|=4.8384	time=3.45it/s
2025-11-26 05:11:38,596 epoch=36	global_step=29700	acc=0.4688	acc_avg=0.4915	loss=2.1804	loss_avg=1.9644	lr=0.0071	|gn|=5.4760	time=3.45it/s
2025-11-26 05:12:11,715 epoch=36	global_step=29800	acc=0.5000	acc_avg=0.4911	loss=1.7375	loss_avg=1.9678	lr=0.0071	|gn|=4.6633	time=3.45it/s
2025-11-26 05:12:43,225 ====================Eval Epoch 36====================
2025-11-26 05:12:45,730 epoch=36	global_step=31	acc=0.5000	acc_avg=0.4900	acc5=0.6250	acc5_avg=0.7710	loss=2.6685	loss_avg=1.9963	time=78.66it/s
2025-11-26 05:12:45,730 Eval Loss:1.9963	Eval acc: 49.00
2025-11-26 05:12:45,731 
2025-11-26 05:12:45,731 ====================Training Epoch 37====================
2025-11-26 05:12:48,075 epoch=37	global_step=29900	acc=0.4375	acc_avg=0.5062	loss=2.2568	loss_avg=1.9208	lr=0.0070	|gn|=5.0798	time=3.45it/s
2025-11-26 05:13:21,219 epoch=37	global_step=30000	acc=0.6250	acc_avg=0.5027	loss=1.9049	loss_avg=1.8934	lr=0.0070	|gn|=5.1560	time=3.45it/s
2025-11-26 05:13:54,345 epoch=37	global_step=30100	acc=0.5625	acc_avg=0.5107	loss=1.8689	loss_avg=1.8770	lr=0.0070	|gn|=4.1817	time=3.45it/s
2025-11-26 05:14:27,453 epoch=37	global_step=30200	acc=0.4375	acc_avg=0.5112	loss=2.1715	loss_avg=1.8871	lr=0.0070	|gn|=4.7076	time=3.45it/s
2025-11-26 05:15:00,550 epoch=37	global_step=30300	acc=0.6250	acc_avg=0.5084	loss=1.5930	loss_avg=1.9042	lr=0.0070	|gn|=4.3860	time=3.45it/s
2025-11-26 05:15:33,630 epoch=37	global_step=30400	acc=0.5625	acc_avg=0.5080	loss=1.4924	loss_avg=1.9065	lr=0.0070	|gn|=4.0432	time=3.45it/s
2025-11-26 05:16:06,730 epoch=37	global_step=30500	acc=0.5000	acc_avg=0.5055	loss=2.5111	loss_avg=1.9162	lr=0.0070	|gn|=4.8570	time=3.45it/s
2025-11-26 05:16:39,837 epoch=37	global_step=30600	acc=0.4688	acc_avg=0.5031	loss=2.0055	loss_avg=1.9261	lr=0.0070	|gn|=4.7888	time=3.45it/s
2025-11-26 05:17:12,933 epoch=37	global_step=30700	acc=0.5312	acc_avg=0.5023	loss=1.9724	loss_avg=1.9312	lr=0.0070	|gn|=4.6054	time=3.45it/s
2025-11-26 05:17:13,983 ====================Eval Epoch 37====================
2025-11-26 05:17:16,494 epoch=37	global_step=31	acc=0.3750	acc_avg=0.4890	acc5=0.7500	acc5_avg=0.7760	loss=3.1438	loss_avg=1.9726	time=79.36it/s
2025-11-26 05:17:16,494 Eval Loss:1.9726	Eval acc: 48.90
2025-11-26 05:17:16,494 
2025-11-26 05:17:16,494 ====================Training Epoch 38====================
2025-11-26 05:17:49,162 epoch=38	global_step=30800	acc=0.4688	acc_avg=0.5232	loss=1.7404	loss_avg=1.8715	lr=0.0068	|gn|=4.7028	time=3.45it/s
2025-11-26 05:18:22,236 epoch=38	global_step=30900	acc=0.4375	acc_avg=0.5143	loss=1.7143	loss_avg=1.8675	lr=0.0068	|gn|=4.5568	time=3.45it/s
2025-11-26 05:18:55,327 epoch=38	global_step=31000	acc=0.5625	acc_avg=0.5150	loss=1.7431	loss_avg=1.8757	lr=0.0068	|gn|=3.7505	time=3.45it/s
2025-11-26 05:19:28,402 epoch=38	global_step=31100	acc=0.5000	acc_avg=0.5147	loss=1.8490	loss_avg=1.8837	lr=0.0068	|gn|=4.4394	time=3.45it/s
2025-11-26 05:20:01,473 epoch=38	global_step=31200	acc=0.4688	acc_avg=0.5109	loss=2.0976	loss_avg=1.8893	lr=0.0068	|gn|=5.0687	time=3.45it/s
2025-11-26 05:20:34,519 epoch=38	global_step=31300	acc=0.5312	acc_avg=0.5084	loss=1.9569	loss_avg=1.8930	lr=0.0068	|gn|=4.9876	time=3.45it/s
2025-11-26 05:21:07,591 epoch=38	global_step=31400	acc=0.3750	acc_avg=0.5087	loss=2.2095	loss_avg=1.8934	lr=0.0068	|gn|=4.8575	time=3.45it/s
2025-11-26 05:21:40,668 epoch=38	global_step=31500	acc=0.4375	acc_avg=0.5081	loss=1.9445	loss_avg=1.9002	lr=0.0068	|gn|=5.3761	time=3.45it/s
2025-11-26 05:21:44,339 ====================Eval Epoch 38====================
2025-11-26 05:21:46,856 epoch=38	global_step=31	acc=0.5000	acc_avg=0.5160	acc5=0.7500	acc5_avg=0.7880	loss=2.1999	loss_avg=1.9623	time=79.17it/s
2025-11-26 05:21:46,856 Eval Loss:1.9623	Eval acc: 51.60
2025-11-26 05:21:46,857 
2025-11-26 05:21:46,857 ====================Training Epoch 39====================
2025-11-26 05:22:16,897 epoch=39	global_step=31600	acc=0.7188	acc_avg=0.5432	loss=1.4473	loss_avg=1.8001	lr=0.0067	|gn|=3.7724	time=3.45it/s
2025-11-26 05:22:50,002 epoch=39	global_step=31700	acc=0.5625	acc_avg=0.5276	loss=2.0397	loss_avg=1.8391	lr=0.0067	|gn|=5.2996	time=3.45it/s
2025-11-26 05:23:23,105 epoch=39	global_step=31800	acc=0.4062	acc_avg=0.5255	loss=2.0819	loss_avg=1.8485	lr=0.0067	|gn|=5.6088	time=3.45it/s
2025-11-26 05:23:56,201 epoch=39	global_step=31900	acc=0.6250	acc_avg=0.5237	loss=1.6063	loss_avg=1.8464	lr=0.0067	|gn|=4.1596	time=3.45it/s
2025-11-26 05:24:29,308 epoch=39	global_step=32000	acc=0.5312	acc_avg=0.5228	loss=1.5672	loss_avg=1.8410	lr=0.0067	|gn|=4.6888	time=3.45it/s
2025-11-26 05:25:02,430 epoch=39	global_step=32100	acc=0.5625	acc_avg=0.5235	loss=1.6560	loss_avg=1.8431	lr=0.0067	|gn|=4.1330	time=3.44it/s
2025-11-26 05:25:35,520 epoch=39	global_step=32200	acc=0.5000	acc_avg=0.5247	loss=2.1354	loss_avg=1.8473	lr=0.0067	|gn|=5.2541	time=3.45it/s
2025-11-26 05:26:08,616 epoch=39	global_step=32300	acc=0.5625	acc_avg=0.5236	loss=1.7198	loss_avg=1.8459	lr=0.0067	|gn|=5.1149	time=3.45it/s
2025-11-26 05:26:14,932 ====================Eval Epoch 39====================
2025-11-26 05:26:17,442 epoch=39	global_step=31	acc=0.6250	acc_avg=0.4990	acc5=0.7500	acc5_avg=0.7750	loss=2.5220	loss_avg=2.0555	time=79.17it/s
2025-11-26 05:26:17,442 Eval Loss:2.0555	Eval acc: 49.90
2025-11-26 05:26:17,443 
2025-11-26 05:26:17,443 ====================Training Epoch 40====================
2025-11-26 05:26:44,858 epoch=40	global_step=32400	acc=0.5000	acc_avg=0.5212	loss=1.9433	loss_avg=1.8114	lr=0.0065	|gn|=5.5505	time=3.45it/s
2025-11-26 05:27:17,975 epoch=40	global_step=32500	acc=0.5000	acc_avg=0.5233	loss=1.9147	loss_avg=1.8164	lr=0.0065	|gn|=4.7091	time=3.45it/s
2025-11-26 05:27:51,105 epoch=40	global_step=32600	acc=0.5625	acc_avg=0.5256	loss=2.0160	loss_avg=1.8240	lr=0.0065	|gn|=5.4693	time=3.45it/s
2025-11-26 05:28:24,239 epoch=40	global_step=32700	acc=0.6250	acc_avg=0.5254	loss=1.5033	loss_avg=1.8363	lr=0.0065	|gn|=4.2770	time=3.43it/s
2025-11-26 05:28:57,368 epoch=40	global_step=32800	acc=0.5938	acc_avg=0.5259	loss=1.7929	loss_avg=1.8345	lr=0.0065	|gn|=4.4532	time=3.45it/s
2025-11-26 05:29:30,494 epoch=40	global_step=32900	acc=0.4062	acc_avg=0.5251	loss=2.1452	loss_avg=1.8315	lr=0.0065	|gn|=5.2300	time=3.44it/s
2025-11-26 05:30:03,617 epoch=40	global_step=33000	acc=0.5312	acc_avg=0.5270	loss=1.8691	loss_avg=1.8265	lr=0.0065	|gn|=4.5446	time=3.44it/s
2025-11-26 05:30:36,733 epoch=40	global_step=33100	acc=0.4375	acc_avg=0.5295	loss=2.2509	loss_avg=1.8199	lr=0.0065	|gn|=4.9012	time=3.45it/s
2025-11-26 05:30:45,711 ====================Eval Epoch 40====================
2025-11-26 05:30:48,229 epoch=40	global_step=31	acc=0.7500	acc_avg=0.5430	acc5=0.7500	acc5_avg=0.8210	loss=1.9341	loss_avg=1.8333	time=79.18it/s
2025-11-26 05:30:48,229 Eval Loss:1.8333	Eval acc: 54.30
2025-11-26 05:30:48,229 
2025-11-26 05:30:48,230 ====================Training Epoch 41====================
2025-11-26 05:31:12,992 epoch=41	global_step=33200	acc=0.4375	acc_avg=0.5484	loss=2.1959	loss_avg=1.7240	lr=0.0064	|gn|=5.1855	time=3.45it/s
2025-11-26 05:31:46,106 epoch=41	global_step=33300	acc=0.5312	acc_avg=0.5513	loss=2.0259	loss_avg=1.7289	lr=0.0064	|gn|=4.9185	time=3.42it/s
2025-11-26 05:32:19,222 epoch=41	global_step=33400	acc=0.4688	acc_avg=0.5457	loss=1.7748	loss_avg=1.7433	lr=0.0064	|gn|=4.8823	time=3.44it/s
2025-11-26 05:32:52,349 epoch=41	global_step=33500	acc=0.5625	acc_avg=0.5444	loss=1.7526	loss_avg=1.7512	lr=0.0064	|gn|=3.9953	time=3.45it/s
2025-11-26 05:33:25,473 epoch=41	global_step=33600	acc=0.5625	acc_avg=0.5438	loss=1.7252	loss_avg=1.7544	lr=0.0064	|gn|=5.7467	time=3.44it/s
2025-11-26 05:33:58,597 epoch=41	global_step=33700	acc=0.6250	acc_avg=0.5430	loss=1.5260	loss_avg=1.7537	lr=0.0064	|gn|=4.1096	time=3.44it/s
2025-11-26 05:34:31,706 epoch=41	global_step=33800	acc=0.5938	acc_avg=0.5400	loss=1.8219	loss_avg=1.7688	lr=0.0064	|gn|=4.2392	time=3.44it/s
2025-11-26 05:35:04,837 epoch=41	global_step=33900	acc=0.4688	acc_avg=0.5382	loss=2.1371	loss_avg=1.7754	lr=0.0064	|gn|=5.5135	time=3.44it/s
2025-11-26 05:35:16,468 ====================Eval Epoch 41====================
2025-11-26 05:35:19,023 epoch=41	global_step=31	acc=0.2500	acc_avg=0.5240	acc5=0.7500	acc5_avg=0.7990	loss=2.6008	loss_avg=1.9084	time=79.12it/s
2025-11-26 05:35:19,023 Eval Loss:1.9084	Eval acc: 52.40
2025-11-26 05:35:19,024 
2025-11-26 05:35:19,024 ====================Training Epoch 42====================
2025-11-26 05:35:41,195 epoch=42	global_step=34000	acc=0.4062	acc_avg=0.5587	loss=1.9142	loss_avg=1.7090	lr=0.0062	|gn|=5.3857	time=3.45it/s
2025-11-26 05:36:14,306 epoch=42	global_step=34100	acc=0.4688	acc_avg=0.5487	loss=2.0672	loss_avg=1.7268	lr=0.0062	|gn|=5.1600	time=3.43it/s
2025-11-26 05:36:47,438 epoch=42	global_step=34200	acc=0.4688	acc_avg=0.5513	loss=1.8707	loss_avg=1.7216	lr=0.0062	|gn|=4.7434	time=3.44it/s
2025-11-26 05:37:20,564 epoch=42	global_step=34300	acc=0.5000	acc_avg=0.5518	loss=1.9902	loss_avg=1.7223	lr=0.0062	|gn|=5.2395	time=3.45it/s
2025-11-26 05:37:53,678 epoch=42	global_step=34400	acc=0.5625	acc_avg=0.5515	loss=1.9149	loss_avg=1.7285	lr=0.0062	|gn|=5.4731	time=3.45it/s
2025-11-26 05:38:26,783 epoch=42	global_step=34500	acc=0.6875	acc_avg=0.5522	loss=1.4351	loss_avg=1.7275	lr=0.0062	|gn|=4.6963	time=3.45it/s
2025-11-26 05:38:59,886 epoch=42	global_step=34600	acc=0.4375	acc_avg=0.5501	loss=1.8515	loss_avg=1.7311	lr=0.0062	|gn|=5.5888	time=3.45it/s
2025-11-26 05:39:33,000 epoch=42	global_step=34700	acc=0.5312	acc_avg=0.5487	loss=1.5530	loss_avg=1.7322	lr=0.0062	|gn|=5.1136	time=3.44it/s
2025-11-26 05:39:47,293 ====================Eval Epoch 42====================
2025-11-26 05:39:49,812 epoch=42	global_step=31	acc=0.5000	acc_avg=0.5220	acc5=0.7500	acc5_avg=0.7950	loss=2.5502	loss_avg=1.8906	time=79.12it/s
2025-11-26 05:39:49,812 Eval Loss:1.8906	Eval acc: 52.20
2025-11-26 05:39:49,813 
2025-11-26 05:39:49,813 ====================Training Epoch 43====================
2025-11-26 05:40:09,276 epoch=43	global_step=34800	acc=0.7812	acc_avg=0.5663	loss=1.2028	loss_avg=1.6485	lr=0.0061	|gn|=4.2106	time=3.44it/s
2025-11-26 05:40:42,387 epoch=43	global_step=34900	acc=0.5938	acc_avg=0.5593	loss=1.7035	loss_avg=1.6780	lr=0.0061	|gn|=4.8880	time=3.45it/s
2025-11-26 05:41:15,492 epoch=43	global_step=35000	acc=0.6562	acc_avg=0.5558	loss=1.5087	loss_avg=1.6929	lr=0.0061	|gn|=3.8925	time=3.44it/s
2025-11-26 05:41:48,614 epoch=43	global_step=35100	acc=0.5625	acc_avg=0.5553	loss=1.3081	loss_avg=1.6897	lr=0.0061	|gn|=3.9511	time=3.45it/s
2025-11-26 05:42:21,713 epoch=43	global_step=35200	acc=0.5312	acc_avg=0.5557	loss=1.9185	loss_avg=1.6917	lr=0.0061	|gn|=5.0135	time=3.45it/s
2025-11-26 05:42:54,810 epoch=43	global_step=35300	acc=0.5938	acc_avg=0.5559	loss=1.7514	loss_avg=1.6920	lr=0.0061	|gn|=4.6688	time=3.45it/s
2025-11-26 05:43:27,919 epoch=43	global_step=35400	acc=0.6562	acc_avg=0.5555	loss=1.4097	loss_avg=1.6962	lr=0.0061	|gn|=4.4543	time=3.44it/s
2025-11-26 05:44:01,025 epoch=43	global_step=35500	acc=0.5312	acc_avg=0.5560	loss=1.5348	loss_avg=1.6987	lr=0.0061	|gn|=4.8646	time=3.45it/s
2025-11-26 05:44:17,946 ====================Eval Epoch 43====================
2025-11-26 05:44:20,420 epoch=43	global_step=31	acc=0.5000	acc_avg=0.5320	acc5=0.7500	acc5_avg=0.7930	loss=2.6838	loss_avg=1.8645	time=79.23it/s
2025-11-26 05:44:20,420 Eval Loss:1.8645	Eval acc: 53.20
2025-11-26 05:44:20,421 
2025-11-26 05:44:20,421 ====================Training Epoch 44====================
2025-11-26 05:44:37,238 epoch=44	global_step=35600	acc=0.5625	acc_avg=0.5714	loss=1.7116	loss_avg=1.6582	lr=0.0059	|gn|=4.8750	time=3.44it/s
2025-11-26 05:45:10,350 epoch=44	global_step=35700	acc=0.5938	acc_avg=0.5562	loss=1.7166	loss_avg=1.7020	lr=0.0059	|gn|=4.7159	time=3.44it/s
2025-11-26 05:45:43,447 epoch=44	global_step=35800	acc=0.6562	acc_avg=0.5538	loss=1.4655	loss_avg=1.7055	lr=0.0059	|gn|=4.7394	time=3.43it/s
2025-11-26 05:46:16,578 epoch=44	global_step=35900	acc=0.5000	acc_avg=0.5586	loss=2.0291	loss_avg=1.6864	lr=0.0059	|gn|=5.2519	time=3.45it/s
2025-11-26 05:46:49,691 epoch=44	global_step=36000	acc=0.4688	acc_avg=0.5610	loss=2.1041	loss_avg=1.6847	lr=0.0059	|gn|=5.1482	time=3.45it/s
2025-11-26 05:47:22,791 epoch=44	global_step=36100	acc=0.5312	acc_avg=0.5617	loss=1.8414	loss_avg=1.6879	lr=0.0059	|gn|=5.0565	time=3.45it/s
2025-11-26 05:47:55,903 epoch=44	global_step=36200	acc=0.6250	acc_avg=0.5605	loss=1.6451	loss_avg=1.6898	lr=0.0059	|gn|=4.7301	time=3.44it/s
2025-11-26 05:48:28,996 epoch=44	global_step=36300	acc=0.4688	acc_avg=0.5604	loss=1.8004	loss_avg=1.6826	lr=0.0059	|gn|=5.0001	time=3.45it/s
2025-11-26 05:48:48,573 ====================Eval Epoch 44====================
2025-11-26 05:48:51,076 epoch=44	global_step=31	acc=0.3750	acc_avg=0.5370	acc5=0.7500	acc5_avg=0.8210	loss=2.1234	loss_avg=1.8384	time=79.17it/s
2025-11-26 05:48:51,076 Eval Loss:1.8384	Eval acc: 53.70
2025-11-26 05:48:51,076 
2025-11-26 05:48:51,076 ====================Training Epoch 45====================
2025-11-26 05:49:05,248 epoch=45	global_step=36400	acc=0.6875	acc_avg=0.5648	loss=1.1746	loss_avg=1.6401	lr=0.0058	|gn|=4.6338	time=3.45it/s
2025-11-26 05:49:38,332 epoch=45	global_step=36500	acc=0.4375	acc_avg=0.5687	loss=1.9413	loss_avg=1.6379	lr=0.0058	|gn|=5.5659	time=3.45it/s
2025-11-26 05:50:11,431 epoch=45	global_step=36600	acc=0.4375	acc_avg=0.5721	loss=1.8154	loss_avg=1.6344	lr=0.0058	|gn|=5.5102	time=3.45it/s
2025-11-26 05:50:44,547 epoch=45	global_step=36700	acc=0.7812	acc_avg=0.5729	loss=1.3270	loss_avg=1.6262	lr=0.0058	|gn|=4.7404	time=3.45it/s
2025-11-26 05:51:17,646 epoch=45	global_step=36800	acc=0.5938	acc_avg=0.5719	loss=1.6226	loss_avg=1.6335	lr=0.0058	|gn|=5.1730	time=3.45it/s
2025-11-26 05:51:50,751 epoch=45	global_step=36900	acc=0.5000	acc_avg=0.5670	loss=1.6852	loss_avg=1.6472	lr=0.0058	|gn|=4.8373	time=3.45it/s
2025-11-26 05:52:23,869 epoch=45	global_step=37000	acc=0.5625	acc_avg=0.5645	loss=1.3278	loss_avg=1.6506	lr=0.0058	|gn|=5.0692	time=3.45it/s
2025-11-26 05:52:57,004 epoch=45	global_step=37100	acc=0.5312	acc_avg=0.5652	loss=1.4918	loss_avg=1.6481	lr=0.0058	|gn|=4.5765	time=3.45it/s
2025-11-26 05:53:19,227 ====================Eval Epoch 45====================
2025-11-26 05:53:21,734 epoch=45	global_step=31	acc=0.5000	acc_avg=0.5290	acc5=0.7500	acc5_avg=0.8240	loss=1.7419	loss_avg=1.8109	time=79.22it/s
2025-11-26 05:53:21,735 Eval Loss:1.8109	Eval acc: 52.90
2025-11-26 05:53:21,735 
2025-11-26 05:53:21,735 ====================Training Epoch 46====================
2025-11-26 05:53:33,249 epoch=46	global_step=37200	acc=0.6562	acc_avg=0.5985	loss=1.4855	loss_avg=1.5857	lr=0.0056	|gn|=4.9103	time=3.45it/s
2025-11-26 05:54:06,341 epoch=46	global_step=37300	acc=0.5625	acc_avg=0.5773	loss=1.5629	loss_avg=1.5977	lr=0.0056	|gn|=4.7447	time=3.45it/s
2025-11-26 05:54:39,427 epoch=46	global_step=37400	acc=0.5625	acc_avg=0.5852	loss=1.5426	loss_avg=1.5860	lr=0.0056	|gn|=4.5643	time=3.45it/s
2025-11-26 05:55:12,504 epoch=46	global_step=37500	acc=0.4688	acc_avg=0.5861	loss=1.4248	loss_avg=1.5789	lr=0.0056	|gn|=4.1926	time=3.45it/s
2025-11-26 05:55:45,573 epoch=46	global_step=37600	acc=0.5625	acc_avg=0.5830	loss=1.2727	loss_avg=1.5876	lr=0.0056	|gn|=4.1834	time=3.45it/s
2025-11-26 05:56:18,642 epoch=46	global_step=37700	acc=0.6875	acc_avg=0.5816	loss=1.3668	loss_avg=1.5903	lr=0.0056	|gn|=4.4537	time=3.45it/s
2025-11-26 05:56:51,714 epoch=46	global_step=37800	acc=0.6875	acc_avg=0.5809	loss=1.5077	loss_avg=1.5925	lr=0.0056	|gn|=4.8935	time=3.45it/s
2025-11-26 05:57:24,781 epoch=46	global_step=37900	acc=0.4688	acc_avg=0.5830	loss=1.8661	loss_avg=1.5871	lr=0.0056	|gn|=4.9778	time=3.45it/s
2025-11-26 05:57:49,651 ====================Eval Epoch 46====================
2025-11-26 05:57:52,165 epoch=46	global_step=31	acc=0.3750	acc_avg=0.5550	acc5=0.7500	acc5_avg=0.8180	loss=2.4592	loss_avg=1.8145	time=79.21it/s
2025-11-26 05:57:52,165 Eval Loss:1.8145	Eval acc: 55.50
2025-11-26 05:57:52,166 
2025-11-26 05:57:52,166 ====================Training Epoch 47====================
2025-11-26 05:58:01,061 epoch=47	global_step=38000	acc=0.6562	acc_avg=0.5887	loss=1.5806	loss_avg=1.5386	lr=0.0055	|gn|=4.7662	time=3.45it/s
2025-11-26 05:58:34,161 epoch=47	global_step=38100	acc=0.4688	acc_avg=0.5795	loss=1.7354	loss_avg=1.5544	lr=0.0055	|gn|=5.2193	time=3.45it/s
2025-11-26 05:59:07,246 epoch=47	global_step=38200	acc=0.5938	acc_avg=0.5790	loss=1.2893	loss_avg=1.5696	lr=0.0055	|gn|=5.3100	time=3.45it/s
2025-11-26 05:59:40,349 epoch=47	global_step=38300	acc=0.5625	acc_avg=0.5813	loss=1.5393	loss_avg=1.5686	lr=0.0055	|gn|=4.9334	time=3.45it/s
2025-11-26 06:00:13,427 epoch=47	global_step=38400	acc=0.5312	acc_avg=0.5840	loss=1.6874	loss_avg=1.5641	lr=0.0055	|gn|=4.8805	time=3.45it/s
2025-11-26 06:00:46,523 epoch=47	global_step=38500	acc=0.6250	acc_avg=0.5852	loss=1.5452	loss_avg=1.5651	lr=0.0055	|gn|=5.0938	time=3.45it/s
2025-11-26 06:01:19,653 epoch=47	global_step=38600	acc=0.5625	acc_avg=0.5847	loss=1.5074	loss_avg=1.5683	lr=0.0055	|gn|=4.7644	time=3.45it/s
2025-11-26 06:01:52,782 epoch=47	global_step=38700	acc=0.6875	acc_avg=0.5823	loss=1.5445	loss_avg=1.5753	lr=0.0055	|gn|=4.6270	time=3.45it/s
2025-11-26 06:02:20,282 ====================Eval Epoch 47====================
2025-11-26 06:02:22,785 epoch=47	global_step=31	acc=0.6250	acc_avg=0.5530	acc5=0.7500	acc5_avg=0.8030	loss=1.6592	loss_avg=1.8722	time=78.83it/s
2025-11-26 06:02:22,786 Eval Loss:1.8722	Eval acc: 55.30
2025-11-26 06:02:22,786 
2025-11-26 06:02:22,786 ====================Training Epoch 48====================
2025-11-26 06:02:29,021 epoch=48	global_step=38800	acc=0.5938	acc_avg=0.5938	loss=1.9437	loss_avg=1.5409	lr=0.0053	|gn|=4.7714	time=3.45it/s
2025-11-26 06:03:02,101 epoch=48	global_step=38900	acc=0.5938	acc_avg=0.5983	loss=1.9375	loss_avg=1.5321	lr=0.0053	|gn|=6.1486	time=3.45it/s
2025-11-26 06:03:35,188 epoch=48	global_step=39000	acc=0.7188	acc_avg=0.5992	loss=1.4198	loss_avg=1.5299	lr=0.0053	|gn|=4.3355	time=3.45it/s
2025-11-26 06:04:08,307 epoch=48	global_step=39100	acc=0.6875	acc_avg=0.5949	loss=1.2129	loss_avg=1.5424	lr=0.0053	|gn|=3.8206	time=3.45it/s
2025-11-26 06:04:41,372 epoch=48	global_step=39200	acc=0.5938	acc_avg=0.5908	loss=1.2046	loss_avg=1.5521	lr=0.0053	|gn|=4.7195	time=3.45it/s
2025-11-26 06:05:14,432 epoch=48	global_step=39300	acc=0.5000	acc_avg=0.5913	loss=1.9309	loss_avg=1.5495	lr=0.0053	|gn|=5.3232	time=3.45it/s
2025-11-26 06:05:47,502 epoch=48	global_step=39400	acc=0.5312	acc_avg=0.5894	loss=1.8397	loss_avg=1.5590	lr=0.0053	|gn|=5.3367	time=3.45it/s
2025-11-26 06:06:20,582 epoch=48	global_step=39500	acc=0.6250	acc_avg=0.5896	loss=1.4774	loss_avg=1.5600	lr=0.0053	|gn|=4.8417	time=3.45it/s
2025-11-26 06:06:50,717 ====================Eval Epoch 48====================
2025-11-26 06:06:53,260 epoch=48	global_step=31	acc=0.2500	acc_avg=0.5250	acc5=0.7500	acc5_avg=0.7900	loss=2.5424	loss_avg=1.9335	time=79.29it/s
2025-11-26 06:06:53,260 Eval Loss:1.9335	Eval acc: 52.50
2025-11-26 06:06:53,261 
2025-11-26 06:06:53,261 ====================Training Epoch 49====================
2025-11-26 06:06:56,810 epoch=49	global_step=39600	acc=0.5938	acc_avg=0.5938	loss=1.8591	loss_avg=1.5001	lr=0.0052	|gn|=6.2477	time=3.45it/s
2025-11-26 06:07:29,868 epoch=49	global_step=39700	acc=0.5312	acc_avg=0.6078	loss=1.9392	loss_avg=1.4660	lr=0.0052	|gn|=6.5846	time=3.45it/s
2025-11-26 06:08:02,923 epoch=49	global_step=39800	acc=0.5625	acc_avg=0.5990	loss=1.7159	loss_avg=1.4949	lr=0.0052	|gn|=5.4722	time=3.45it/s
2025-11-26 06:08:35,988 epoch=49	global_step=39900	acc=0.5000	acc_avg=0.5991	loss=1.7877	loss_avg=1.5022	lr=0.0052	|gn|=6.2012	time=3.44it/s
2025-11-26 06:09:09,040 epoch=49	global_step=40000	acc=0.6562	acc_avg=0.6019	loss=1.6279	loss_avg=1.4974	lr=0.0052	|gn|=5.4120	time=3.45it/s
2025-11-26 06:09:42,109 epoch=49	global_step=40100	acc=0.5938	acc_avg=0.6019	loss=1.7615	loss_avg=1.5010	lr=0.0052	|gn|=5.7805	time=3.45it/s
2025-11-26 06:10:15,171 epoch=49	global_step=40200	acc=0.5312	acc_avg=0.6029	loss=1.8307	loss_avg=1.5001	lr=0.0052	|gn|=5.5846	time=3.46it/s
2025-11-26 06:10:48,235 epoch=49	global_step=40300	acc=0.5938	acc_avg=0.6022	loss=1.3228	loss_avg=1.5004	lr=0.0052	|gn|=5.3815	time=3.45it/s
2025-11-26 06:11:21,018 ====================Eval Epoch 49====================
2025-11-26 06:11:23,524 epoch=49	global_step=31	acc=0.5000	acc_avg=0.5570	acc5=0.7500	acc5_avg=0.8120	loss=2.5164	loss_avg=1.8330	time=79.11it/s
2025-11-26 06:11:23,525 Eval Loss:1.8330	Eval acc: 55.70
2025-11-26 06:11:23,525 
2025-11-26 06:11:23,525 ====================Training Epoch 50====================
2025-11-26 06:11:24,435 epoch=50	global_step=40400	acc=0.6875	acc_avg=0.6875	loss=1.1948	loss_avg=1.1948	lr=0.0050	|gn|=4.1539	time=3.44it/s
2025-11-26 06:11:57,537 epoch=50	global_step=40500	acc=0.6250	acc_avg=0.6163	loss=1.6561	loss_avg=1.4629	lr=0.0050	|gn|=5.5805	time=3.45it/s
2025-11-26 06:12:30,639 epoch=50	global_step=40600	acc=0.5312	acc_avg=0.6149	loss=1.7835	loss_avg=1.4593	lr=0.0050	|gn|=5.7972	time=3.45it/s
2025-11-26 06:13:03,765 epoch=50	global_step=40700	acc=0.6250	acc_avg=0.6143	loss=1.4337	loss_avg=1.4615	lr=0.0050	|gn|=5.3031	time=3.45it/s
2025-11-26 06:13:36,883 epoch=50	global_step=40800	acc=0.6250	acc_avg=0.6129	loss=1.4742	loss_avg=1.4680	lr=0.0050	|gn|=5.9915	time=3.45it/s
2025-11-26 06:14:09,993 epoch=50	global_step=40900	acc=0.5312	acc_avg=0.6141	loss=1.7488	loss_avg=1.4604	lr=0.0050	|gn|=5.7521	time=3.45it/s
2025-11-26 06:14:43,091 epoch=50	global_step=41000	acc=0.7188	acc_avg=0.6143	loss=0.9177	loss_avg=1.4665	lr=0.0050	|gn|=4.3166	time=3.44it/s
2025-11-26 06:15:16,194 epoch=50	global_step=41100	acc=0.7500	acc_avg=0.6129	loss=1.0324	loss_avg=1.4721	lr=0.0050	|gn|=4.1107	time=3.45it/s
2025-11-26 06:15:49,272 epoch=50	global_step=41200	acc=0.7500	acc_avg=0.6119	loss=1.4284	loss_avg=1.4786	lr=0.0050	|gn|=4.5269	time=3.45it/s
2025-11-26 06:15:51,638 ====================Eval Epoch 50====================
2025-11-26 06:15:54,136 epoch=50	global_step=31	acc=0.5000	acc_avg=0.5430	acc5=0.7500	acc5_avg=0.8270	loss=2.7080	loss_avg=1.7800	time=78.75it/s
2025-11-26 06:15:54,136 Eval Loss:1.7800	Eval acc: 54.30
2025-11-26 06:15:54,136 
2025-11-26 06:15:54,137 ====================Training Epoch 51====================
2025-11-26 06:16:25,534 epoch=51	global_step=41300	acc=0.5938	acc_avg=0.6166	loss=1.4982	loss_avg=1.4369	lr=0.0048	|gn|=5.6528	time=3.45it/s
2025-11-26 06:16:58,639 epoch=51	global_step=41400	acc=0.6875	acc_avg=0.6214	loss=1.4242	loss_avg=1.4319	lr=0.0048	|gn|=5.2416	time=3.45it/s
2025-11-26 06:17:31,720 epoch=51	global_step=41500	acc=0.7812	acc_avg=0.6213	loss=0.9770	loss_avg=1.4462	lr=0.0048	|gn|=3.9534	time=3.45it/s
2025-11-26 06:18:04,830 epoch=51	global_step=41600	acc=0.4375	acc_avg=0.6213	loss=1.8255	loss_avg=1.4433	lr=0.0048	|gn|=6.1835	time=3.45it/s
2025-11-26 06:18:37,952 epoch=51	global_step=41700	acc=0.6562	acc_avg=0.6205	loss=1.4734	loss_avg=1.4433	lr=0.0048	|gn|=6.3191	time=3.45it/s
2025-11-26 06:19:11,052 epoch=51	global_step=41800	acc=0.6875	acc_avg=0.6188	loss=0.9152	loss_avg=1.4407	lr=0.0048	|gn|=4.9286	time=3.45it/s
2025-11-26 06:19:44,174 epoch=51	global_step=41900	acc=0.6875	acc_avg=0.6193	loss=1.2298	loss_avg=1.4393	lr=0.0048	|gn|=4.4387	time=3.45it/s
2025-11-26 06:20:17,280 epoch=51	global_step=42000	acc=0.6250	acc_avg=0.6188	loss=1.3376	loss_avg=1.4451	lr=0.0048	|gn|=5.5287	time=3.45it/s
2025-11-26 06:20:22,288 ====================Eval Epoch 51====================
2025-11-26 06:20:24,820 epoch=51	global_step=31	acc=0.6250	acc_avg=0.5620	acc5=0.7500	acc5_avg=0.8190	loss=2.0394	loss_avg=1.7934	time=78.98it/s
2025-11-26 06:20:24,820 Eval Loss:1.7934	Eval acc: 56.20
2025-11-26 06:20:24,820 
2025-11-26 06:20:24,820 ====================Training Epoch 52====================
2025-11-26 06:20:53,560 epoch=52	global_step=42100	acc=0.5625	acc_avg=0.6081	loss=1.4556	loss_avg=1.4788	lr=0.0047	|gn|=5.4048	time=3.45it/s
2025-11-26 06:21:26,674 epoch=52	global_step=42200	acc=0.5625	acc_avg=0.6130	loss=1.2692	loss_avg=1.4561	lr=0.0047	|gn|=5.2934	time=3.45it/s
2025-11-26 06:21:59,782 epoch=52	global_step=42300	acc=0.5938	acc_avg=0.6173	loss=1.5937	loss_avg=1.4314	lr=0.0047	|gn|=5.6090	time=3.45it/s
2025-11-26 06:22:32,879 epoch=52	global_step=42400	acc=0.5312	acc_avg=0.6228	loss=1.5839	loss_avg=1.4188	lr=0.0047	|gn|=6.4466	time=3.45it/s
2025-11-26 06:23:05,976 epoch=52	global_step=42500	acc=0.5312	acc_avg=0.6221	loss=2.0367	loss_avg=1.4215	lr=0.0047	|gn|=5.6078	time=3.45it/s
2025-11-26 06:23:39,086 epoch=52	global_step=42600	acc=0.5938	acc_avg=0.6193	loss=1.9355	loss_avg=1.4306	lr=0.0047	|gn|=5.8225	time=3.45it/s
2025-11-26 06:24:12,183 epoch=52	global_step=42700	acc=0.6562	acc_avg=0.6183	loss=1.4941	loss_avg=1.4357	lr=0.0047	|gn|=5.5998	time=3.45it/s
2025-11-26 06:24:45,300 epoch=52	global_step=42800	acc=0.5625	acc_avg=0.6188	loss=1.8199	loss_avg=1.4376	lr=0.0047	|gn|=6.0409	time=3.45it/s
2025-11-26 06:24:52,944 ====================Eval Epoch 52====================
2025-11-26 06:24:55,420 epoch=52	global_step=31	acc=0.6250	acc_avg=0.5660	acc5=0.7500	acc5_avg=0.8220	loss=2.1861	loss_avg=1.7220	time=79.13it/s
2025-11-26 06:24:55,420 Eval Loss:1.7220	Eval acc: 56.60
2025-11-26 06:24:55,421 
2025-11-26 06:24:55,421 ====================Training Epoch 53====================
2025-11-26 06:25:21,557 epoch=53	global_step=42900	acc=0.6562	acc_avg=0.6307	loss=1.4378	loss_avg=1.4229	lr=0.0045	|gn|=4.8994	time=3.45it/s
2025-11-26 06:25:54,656 epoch=53	global_step=43000	acc=0.6875	acc_avg=0.6284	loss=1.0419	loss_avg=1.4134	lr=0.0045	|gn|=5.0019	time=3.45it/s
2025-11-26 06:26:27,767 epoch=53	global_step=43100	acc=0.7188	acc_avg=0.6329	loss=1.3113	loss_avg=1.4104	lr=0.0045	|gn|=4.5920	time=3.45it/s
2025-11-26 06:27:00,863 epoch=53	global_step=43200	acc=0.5938	acc_avg=0.6299	loss=1.5698	loss_avg=1.4164	lr=0.0045	|gn|=5.7052	time=3.45it/s
2025-11-26 06:27:33,976 epoch=53	global_step=43300	acc=0.6875	acc_avg=0.6289	loss=1.1997	loss_avg=1.4126	lr=0.0045	|gn|=4.5458	time=3.45it/s
2025-11-26 06:28:07,069 epoch=53	global_step=43400	acc=0.5938	acc_avg=0.6292	loss=1.3493	loss_avg=1.4144	lr=0.0045	|gn|=5.1297	time=3.45it/s
2025-11-26 06:28:40,195 epoch=53	global_step=43500	acc=0.5625	acc_avg=0.6291	loss=1.5521	loss_avg=1.4151	lr=0.0045	|gn|=5.1127	time=3.45it/s
2025-11-26 06:29:13,319 epoch=53	global_step=43600	acc=0.5625	acc_avg=0.6278	loss=1.7767	loss_avg=1.4167	lr=0.0045	|gn|=6.2043	time=3.45it/s
2025-11-26 06:29:23,623 ====================Eval Epoch 53====================
2025-11-26 06:29:26,152 epoch=53	global_step=31	acc=0.3750	acc_avg=0.5450	acc5=0.7500	acc5_avg=0.8180	loss=2.5741	loss_avg=1.8563	time=79.15it/s
2025-11-26 06:29:26,152 Eval Loss:1.8563	Eval acc: 54.50
2025-11-26 06:29:26,153 
2025-11-26 06:29:26,153 ====================Training Epoch 54====================
2025-11-26 06:29:49,592 epoch=54	global_step=43700	acc=0.7188	acc_avg=0.6363	loss=1.0077	loss_avg=1.3687	lr=0.0044	|gn|=4.9010	time=3.45it/s
2025-11-26 06:30:22,698 epoch=54	global_step=43800	acc=0.6250	acc_avg=0.6379	loss=1.2530	loss_avg=1.3573	lr=0.0044	|gn|=4.5804	time=3.45it/s
2025-11-26 06:30:55,791 epoch=54	global_step=43900	acc=0.6875	acc_avg=0.6410	loss=1.4035	loss_avg=1.3565	lr=0.0044	|gn|=5.3860	time=3.45it/s
2025-11-26 06:31:28,904 epoch=54	global_step=44000	acc=0.6562	acc_avg=0.6397	loss=1.4378	loss_avg=1.3718	lr=0.0044	|gn|=6.5763	time=3.45it/s
2025-11-26 06:32:02,028 epoch=54	global_step=44100	acc=0.5938	acc_avg=0.6389	loss=1.6135	loss_avg=1.3700	lr=0.0044	|gn|=6.3384	time=3.45it/s
2025-11-26 06:32:35,167 epoch=54	global_step=44200	acc=0.6875	acc_avg=0.6392	loss=1.1642	loss_avg=1.3706	lr=0.0044	|gn|=5.4103	time=3.44it/s
2025-11-26 06:33:08,286 epoch=54	global_step=44300	acc=0.5938	acc_avg=0.6353	loss=1.5430	loss_avg=1.3787	lr=0.0044	|gn|=5.9243	time=3.45it/s
2025-11-26 06:33:41,416 epoch=54	global_step=44400	acc=0.7188	acc_avg=0.6349	loss=1.0955	loss_avg=1.3787	lr=0.0044	|gn|=4.2425	time=3.45it/s
2025-11-26 06:33:54,368 ====================Eval Epoch 54====================
2025-11-26 06:33:56,879 epoch=54	global_step=31	acc=0.5000	acc_avg=0.5570	acc5=0.7500	acc5_avg=0.8200	loss=2.3029	loss_avg=1.7787	time=79.18it/s
2025-11-26 06:33:56,879 Eval Loss:1.7787	Eval acc: 55.70
2025-11-26 06:33:56,880 
2025-11-26 06:33:56,880 ====================Training Epoch 55====================
2025-11-26 06:34:17,702 epoch=55	global_step=44500	acc=0.7812	acc_avg=0.6373	loss=0.9826	loss_avg=1.3629	lr=0.0042	|gn|=4.6553	time=3.45it/s
2025-11-26 06:34:50,801 epoch=55	global_step=44600	acc=0.5938	acc_avg=0.6489	loss=1.4526	loss_avg=1.3221	lr=0.0042	|gn|=5.4259	time=3.45it/s
2025-11-26 06:35:23,891 epoch=55	global_step=44700	acc=0.5000	acc_avg=0.6493	loss=1.4268	loss_avg=1.3166	lr=0.0042	|gn|=5.3370	time=3.45it/s
2025-11-26 06:35:57,005 epoch=55	global_step=44800	acc=0.4688	acc_avg=0.6447	loss=1.6523	loss_avg=1.3399	lr=0.0042	|gn|=5.4610	time=3.45it/s
2025-11-26 06:36:30,105 epoch=55	global_step=44900	acc=0.6875	acc_avg=0.6427	loss=1.0885	loss_avg=1.3465	lr=0.0042	|gn|=4.6593	time=3.45it/s
2025-11-26 06:37:03,214 epoch=55	global_step=45000	acc=0.6875	acc_avg=0.6437	loss=1.2274	loss_avg=1.3405	lr=0.0042	|gn|=4.8740	time=3.45it/s
2025-11-26 06:37:36,327 epoch=55	global_step=45100	acc=0.5938	acc_avg=0.6409	loss=1.5370	loss_avg=1.3477	lr=0.0042	|gn|=5.2448	time=3.44it/s
2025-11-26 06:38:09,445 epoch=55	global_step=45200	acc=0.5312	acc_avg=0.6407	loss=1.7266	loss_avg=1.3484	lr=0.0042	|gn|=6.7834	time=3.45it/s
2025-11-26 06:38:25,047 ====================Eval Epoch 55====================
2025-11-26 06:38:27,558 epoch=55	global_step=31	acc=0.5000	acc_avg=0.5510	acc5=0.7500	acc5_avg=0.8360	loss=2.7783	loss_avg=1.7693	time=78.92it/s
2025-11-26 06:38:27,558 Eval Loss:1.7693	Eval acc: 55.10
2025-11-26 06:38:27,559 
2025-11-26 06:38:27,559 ====================Training Epoch 56====================
2025-11-26 06:38:45,729 epoch=56	global_step=45300	acc=0.6562	acc_avg=0.6562	loss=1.4610	loss_avg=1.3044	lr=0.0041	|gn|=5.4763	time=3.44it/s
2025-11-26 06:39:18,823 epoch=56	global_step=45400	acc=0.7500	acc_avg=0.6493	loss=1.1027	loss_avg=1.2874	lr=0.0041	|gn|=4.5924	time=3.45it/s
2025-11-26 06:39:51,916 epoch=56	global_step=45500	acc=0.5938	acc_avg=0.6492	loss=1.5113	loss_avg=1.3087	lr=0.0041	|gn|=5.7319	time=3.45it/s
2025-11-26 06:40:25,017 epoch=56	global_step=45600	acc=0.6250	acc_avg=0.6507	loss=1.6398	loss_avg=1.3143	lr=0.0041	|gn|=6.1740	time=3.45it/s
2025-11-26 06:40:58,126 epoch=56	global_step=45700	acc=0.5938	acc_avg=0.6487	loss=1.5408	loss_avg=1.3225	lr=0.0041	|gn|=5.2685	time=3.45it/s
2025-11-26 06:41:31,216 epoch=56	global_step=45800	acc=0.6875	acc_avg=0.6498	loss=1.2352	loss_avg=1.3216	lr=0.0041	|gn|=5.3200	time=3.45it/s
2025-11-26 06:42:04,307 epoch=56	global_step=45900	acc=0.5625	acc_avg=0.6479	loss=1.8292	loss_avg=1.3272	lr=0.0041	|gn|=6.4567	time=3.45it/s
2025-11-26 06:42:37,387 epoch=56	global_step=46000	acc=0.5625	acc_avg=0.6459	loss=1.4633	loss_avg=1.3284	lr=0.0041	|gn|=5.1743	time=3.44it/s
2025-11-26 06:42:55,625 ====================Eval Epoch 56====================
2025-11-26 06:42:58,123 epoch=56	global_step=31	acc=0.5000	acc_avg=0.5620	acc5=0.7500	acc5_avg=0.8420	loss=2.2783	loss_avg=1.6937	time=79.01it/s
2025-11-26 06:42:58,123 Eval Loss:1.6937	Eval acc: 56.20
2025-11-26 06:42:58,124 
2025-11-26 06:42:58,124 ====================Training Epoch 57====================
2025-11-26 06:43:13,633 epoch=57	global_step=46100	acc=0.6562	acc_avg=0.6542	loss=1.2948	loss_avg=1.2994	lr=0.0039	|gn|=4.8855	time=3.45it/s
2025-11-26 06:43:46,748 epoch=57	global_step=46200	acc=0.6562	acc_avg=0.6640	loss=1.0038	loss_avg=1.2695	lr=0.0039	|gn|=6.2933	time=3.45it/s
2025-11-26 06:44:19,878 epoch=57	global_step=46300	acc=0.8438	acc_avg=0.6612	loss=0.7165	loss_avg=1.2754	lr=0.0039	|gn|=3.9953	time=3.45it/s
2025-11-26 06:44:53,007 epoch=57	global_step=46400	acc=0.6250	acc_avg=0.6590	loss=1.5881	loss_avg=1.2804	lr=0.0039	|gn|=5.6256	time=3.44it/s
2025-11-26 06:45:26,131 epoch=57	global_step=46500	acc=0.6875	acc_avg=0.6593	loss=1.1991	loss_avg=1.2834	lr=0.0039	|gn|=5.3265	time=3.45it/s
2025-11-26 06:45:59,228 epoch=57	global_step=46600	acc=0.6875	acc_avg=0.6608	loss=0.9338	loss_avg=1.2790	lr=0.0039	|gn|=4.8593	time=3.45it/s
2025-11-26 06:46:32,348 epoch=57	global_step=46700	acc=0.5312	acc_avg=0.6593	loss=1.7968	loss_avg=1.2836	lr=0.0039	|gn|=7.4772	time=3.45it/s
2025-11-26 06:47:05,487 epoch=57	global_step=46800	acc=0.6562	acc_avg=0.6581	loss=1.2363	loss_avg=1.2881	lr=0.0039	|gn|=4.7804	time=3.45it/s
2025-11-26 06:47:26,387 ====================Eval Epoch 57====================
2025-11-26 06:47:28,910 epoch=57	global_step=31	acc=0.6250	acc_avg=0.5760	acc5=0.7500	acc5_avg=0.8290	loss=1.9030	loss_avg=1.7714	time=79.25it/s
2025-11-26 06:47:28,910 Eval Loss:1.7714	Eval acc: 57.60
2025-11-26 06:47:28,910 
2025-11-26 06:47:28,910 ====================Training Epoch 58====================
2025-11-26 06:47:41,743 epoch=58	global_step=46900	acc=0.6250	acc_avg=0.6833	loss=1.5035	loss_avg=1.2277	lr=0.0038	|gn|=6.0345	time=3.45it/s
2025-11-26 06:48:14,841 epoch=58	global_step=47000	acc=0.6562	acc_avg=0.6622	loss=1.2697	loss_avg=1.2736	lr=0.0038	|gn|=5.9946	time=3.45it/s
2025-11-26 06:48:47,921 epoch=58	global_step=47100	acc=0.7188	acc_avg=0.6648	loss=1.1627	loss_avg=1.2577	lr=0.0038	|gn|=5.4126	time=3.45it/s
2025-11-26 06:49:21,031 epoch=58	global_step=47200	acc=0.6875	acc_avg=0.6646	loss=1.1814	loss_avg=1.2621	lr=0.0038	|gn|=5.2172	time=3.45it/s
2025-11-26 06:49:54,152 epoch=58	global_step=47300	acc=0.8125	acc_avg=0.6680	loss=0.7979	loss_avg=1.2529	lr=0.0038	|gn|=4.9608	time=3.45it/s
2025-11-26 06:50:27,277 epoch=58	global_step=47400	acc=0.5938	acc_avg=0.6639	loss=1.3700	loss_avg=1.2684	lr=0.0038	|gn|=5.5422	time=3.45it/s
2025-11-26 06:51:00,379 epoch=58	global_step=47500	acc=0.5000	acc_avg=0.6636	loss=1.8887	loss_avg=1.2715	lr=0.0038	|gn|=6.6814	time=3.45it/s
2025-11-26 06:51:33,480 epoch=58	global_step=47600	acc=0.7188	acc_avg=0.6614	loss=1.2714	loss_avg=1.2788	lr=0.0038	|gn|=5.9822	time=3.45it/s
2025-11-26 06:51:57,020 ====================Eval Epoch 58====================
2025-11-26 06:51:59,570 epoch=58	global_step=31	acc=0.3750	acc_avg=0.5810	acc5=0.7500	acc5_avg=0.8270	loss=2.5659	loss_avg=1.7232	time=78.92it/s
2025-11-26 06:51:59,570 Eval Loss:1.7232	Eval acc: 58.10
2025-11-26 06:51:59,571 
2025-11-26 06:51:59,571 ====================Training Epoch 59====================
2025-11-26 06:52:09,749 epoch=59	global_step=47700	acc=0.6562	acc_avg=0.6821	loss=1.4903	loss_avg=1.2111	lr=0.0036	|gn|=5.9988	time=3.45it/s
2025-11-26 06:52:42,849 epoch=59	global_step=47800	acc=0.6562	acc_avg=0.6703	loss=1.0220	loss_avg=1.2240	lr=0.0036	|gn|=4.7569	time=3.44it/s
2025-11-26 06:53:15,966 epoch=59	global_step=47900	acc=0.7812	acc_avg=0.6684	loss=1.0173	loss_avg=1.2339	lr=0.0036	|gn|=5.8073	time=3.44it/s
2025-11-26 06:53:49,089 epoch=59	global_step=48000	acc=0.6562	acc_avg=0.6655	loss=1.3394	loss_avg=1.2481	lr=0.0036	|gn|=5.6738	time=3.44it/s
2025-11-26 06:54:22,215 epoch=59	global_step=48100	acc=0.5312	acc_avg=0.6685	loss=1.8295	loss_avg=1.2389	lr=0.0036	|gn|=8.6587	time=3.44it/s
2025-11-26 06:54:55,325 epoch=59	global_step=48200	acc=0.7188	acc_avg=0.6675	loss=0.9691	loss_avg=1.2426	lr=0.0036	|gn|=4.0585	time=3.44it/s
2025-11-26 06:55:28,442 epoch=59	global_step=48300	acc=0.6875	acc_avg=0.6676	loss=1.0397	loss_avg=1.2452	lr=0.0036	|gn|=5.1919	time=3.44it/s
2025-11-26 06:56:01,556 epoch=59	global_step=48400	acc=0.6562	acc_avg=0.6670	loss=1.3563	loss_avg=1.2502	lr=0.0036	|gn|=6.0220	time=3.44it/s
2025-11-26 06:56:27,759 ====================Eval Epoch 59====================
2025-11-26 06:56:30,272 epoch=59	global_step=31	acc=0.5000	acc_avg=0.5700	acc5=0.6250	acc5_avg=0.8310	loss=2.4424	loss_avg=1.7228	time=79.28it/s
2025-11-26 06:56:30,272 Eval Loss:1.7228	Eval acc: 57.00
2025-11-26 06:56:30,273 
2025-11-26 06:56:30,273 ====================Training Epoch 60====================
2025-11-26 06:56:37,811 epoch=60	global_step=48500	acc=0.6250	acc_avg=0.6920	loss=1.0978	loss_avg=1.1928	lr=0.0035	|gn|=5.1709	time=3.46it/s
2025-11-26 06:57:10,846 epoch=60	global_step=48600	acc=0.6250	acc_avg=0.6854	loss=1.1783	loss_avg=1.1993	lr=0.0035	|gn|=5.8624	time=3.46it/s
2025-11-26 06:57:43,905 epoch=60	global_step=48700	acc=0.7188	acc_avg=0.6844	loss=1.2840	loss_avg=1.1932	lr=0.0035	|gn|=5.3097	time=3.46it/s
2025-11-26 06:58:16,934 epoch=60	global_step=48800	acc=0.6875	acc_avg=0.6808	loss=1.2927	loss_avg=1.2072	lr=0.0035	|gn|=5.4362	time=3.46it/s
2025-11-26 06:58:50,024 epoch=60	global_step=48900	acc=0.5625	acc_avg=0.6804	loss=1.3635	loss_avg=1.2017	lr=0.0035	|gn|=6.0271	time=3.45it/s
2025-11-26 06:59:23,083 epoch=60	global_step=49000	acc=0.6875	acc_avg=0.6774	loss=1.2466	loss_avg=1.2114	lr=0.0035	|gn|=5.0397	time=3.44it/s
2025-11-26 06:59:56,170 epoch=60	global_step=49100	acc=0.7188	acc_avg=0.6782	loss=1.1264	loss_avg=1.2094	lr=0.0035	|gn|=5.2557	time=3.45it/s
2025-11-26 07:00:29,263 epoch=60	global_step=49200	acc=0.6562	acc_avg=0.6759	loss=1.2844	loss_avg=1.2203	lr=0.0035	|gn|=5.3710	time=3.45it/s
2025-11-26 07:00:58,096 ====================Eval Epoch 60====================
2025-11-26 07:01:00,627 epoch=60	global_step=31	acc=0.6250	acc_avg=0.5700	acc5=0.7500	acc5_avg=0.8210	loss=2.0159	loss_avg=1.7101	time=79.18it/s
2025-11-26 07:01:00,628 Eval Loss:1.7101	Eval acc: 57.00
2025-11-26 07:01:00,628 
2025-11-26 07:01:00,628 ====================Training Epoch 61====================
2025-11-26 07:01:05,602 epoch=61	global_step=49300	acc=0.7500	acc_avg=0.6779	loss=0.9618	loss_avg=1.2529	lr=0.0033	|gn|=5.0864	time=3.45it/s
2025-11-26 07:01:38,700 epoch=61	global_step=49400	acc=0.6875	acc_avg=0.6781	loss=1.1615	loss_avg=1.2144	lr=0.0033	|gn|=6.0708	time=3.45it/s
2025-11-26 07:02:11,784 epoch=61	global_step=49500	acc=0.7188	acc_avg=0.6838	loss=1.1196	loss_avg=1.2052	lr=0.0033	|gn|=5.6623	time=3.45it/s
2025-11-26 07:02:44,863 epoch=61	global_step=49600	acc=0.5938	acc_avg=0.6869	loss=1.5872	loss_avg=1.1914	lr=0.0033	|gn|=7.0439	time=3.45it/s
2025-11-26 07:03:17,922 epoch=61	global_step=49700	acc=0.7188	acc_avg=0.6862	loss=1.0546	loss_avg=1.1842	lr=0.0033	|gn|=4.6547	time=3.46it/s
2025-11-26 07:03:51,028 epoch=61	global_step=49800	acc=0.6875	acc_avg=0.6848	loss=1.3538	loss_avg=1.1893	lr=0.0033	|gn|=5.9611	time=3.45it/s
2025-11-26 07:04:24,142 epoch=61	global_step=49900	acc=0.5625	acc_avg=0.6845	loss=1.4641	loss_avg=1.1867	lr=0.0033	|gn|=5.9334	time=3.45it/s
2025-11-26 07:04:57,243 epoch=61	global_step=50000	acc=0.7500	acc_avg=0.6856	loss=1.1115	loss_avg=1.1847	lr=0.0033	|gn|=4.7915	time=3.45it/s
2025-11-26 07:05:28,747 ====================Eval Epoch 61====================
2025-11-26 07:05:31,250 epoch=61	global_step=31	acc=0.3750	acc_avg=0.5910	acc5=0.7500	acc5_avg=0.8430	loss=3.2526	loss_avg=1.6516	time=79.21it/s
2025-11-26 07:05:31,250 Eval Loss:1.6516	Eval acc: 59.10
2025-11-26 07:05:31,250 
2025-11-26 07:05:31,250 ====================Training Epoch 62====================
2025-11-26 07:05:33,486 epoch=62	global_step=50100	acc=0.6875	acc_avg=0.7000	loss=0.9466	loss_avg=1.1065	lr=0.0032	|gn|=5.2696	time=3.45it/s
2025-11-26 07:06:06,596 epoch=62	global_step=50200	acc=0.5312	acc_avg=0.6970	loss=1.2945	loss_avg=1.1379	lr=0.0032	|gn|=6.5932	time=3.45it/s
2025-11-26 07:06:39,697 epoch=62	global_step=50300	acc=0.7188	acc_avg=0.6921	loss=1.1831	loss_avg=1.1608	lr=0.0032	|gn|=6.4468	time=3.45it/s
2025-11-26 07:07:12,815 epoch=62	global_step=50400	acc=0.7500	acc_avg=0.6900	loss=1.0777	loss_avg=1.1647	lr=0.0032	|gn|=6.4084	time=3.45it/s
2025-11-26 07:07:45,928 epoch=62	global_step=50500	acc=0.7500	acc_avg=0.6884	loss=1.0279	loss_avg=1.1701	lr=0.0032	|gn|=5.6170	time=3.45it/s
2025-11-26 07:08:19,026 epoch=62	global_step=50600	acc=0.4688	acc_avg=0.6880	loss=1.6828	loss_avg=1.1728	lr=0.0032	|gn|=7.9653	time=3.45it/s
2025-11-26 07:08:52,106 epoch=62	global_step=50700	acc=0.6875	acc_avg=0.6873	loss=1.4957	loss_avg=1.1772	lr=0.0032	|gn|=6.2484	time=3.45it/s
2025-11-26 07:09:25,198 epoch=62	global_step=50800	acc=0.5312	acc_avg=0.6854	loss=1.6758	loss_avg=1.1814	lr=0.0032	|gn|=6.0691	time=3.45it/s
2025-11-26 07:09:58,269 epoch=62	global_step=50900	acc=0.6250	acc_avg=0.6851	loss=1.2963	loss_avg=1.1829	lr=0.0032	|gn|=6.1567	time=3.45it/s
2025-11-26 07:09:59,313 ====================Eval Epoch 62====================
2025-11-26 07:10:01,815 epoch=62	global_step=31	acc=0.5000	acc_avg=0.5680	acc5=0.7500	acc5_avg=0.8300	loss=1.5934	loss_avg=1.6969	time=79.11it/s
2025-11-26 07:10:01,815 Eval Loss:1.6969	Eval acc: 56.80
2025-11-26 07:10:01,816 
2025-11-26 07:10:01,816 ====================Training Epoch 63====================
2025-11-26 07:10:34,531 epoch=63	global_step=51000	acc=0.6562	acc_avg=0.6904	loss=1.5961	loss_avg=1.1406	lr=0.0030	|gn|=6.4184	time=3.45it/s
2025-11-26 07:11:07,663 epoch=63	global_step=51100	acc=0.5938	acc_avg=0.6948	loss=1.3019	loss_avg=1.1240	lr=0.0030	|gn|=6.4307	time=3.45it/s
2025-11-26 07:11:40,801 epoch=63	global_step=51200	acc=0.7812	acc_avg=0.6856	loss=0.7747	loss_avg=1.1593	lr=0.0030	|gn|=4.6934	time=3.45it/s
2025-11-26 07:12:13,935 epoch=63	global_step=51300	acc=0.8125	acc_avg=0.6875	loss=1.2413	loss_avg=1.1496	lr=0.0030	|gn|=5.8351	time=3.45it/s
2025-11-26 07:12:47,078 epoch=63	global_step=51400	acc=0.8438	acc_avg=0.6878	loss=0.7939	loss_avg=1.1501	lr=0.0030	|gn|=4.6570	time=3.45it/s
2025-11-26 07:13:20,191 epoch=63	global_step=51500	acc=0.8125	acc_avg=0.6884	loss=0.9804	loss_avg=1.1540	lr=0.0030	|gn|=5.9047	time=3.44it/s
2025-11-26 07:13:53,294 epoch=63	global_step=51600	acc=0.7812	acc_avg=0.6884	loss=0.8824	loss_avg=1.1574	lr=0.0030	|gn|=5.3224	time=3.45it/s
2025-11-26 07:14:26,408 epoch=63	global_step=51700	acc=0.6562	acc_avg=0.6881	loss=1.0282	loss_avg=1.1587	lr=0.0030	|gn|=5.2269	time=3.45it/s
2025-11-26 07:14:30,103 ====================Eval Epoch 63====================
2025-11-26 07:14:32,628 epoch=63	global_step=31	acc=0.6250	acc_avg=0.5940	acc5=0.7500	acc5_avg=0.8420	loss=2.1878	loss_avg=1.6752	time=79.13it/s
2025-11-26 07:14:32,628 Eval Loss:1.6752	Eval acc: 59.40
2025-11-26 07:14:32,629 
2025-11-26 07:14:32,629 ====================Training Epoch 64====================
2025-11-26 07:15:02,701 epoch=64	global_step=51800	acc=0.6250	acc_avg=0.7089	loss=1.0940	loss_avg=1.1067	lr=0.0029	|gn|=6.1810	time=3.45it/s
2025-11-26 07:15:35,804 epoch=64	global_step=51900	acc=0.8750	acc_avg=0.7097	loss=0.7561	loss_avg=1.1076	lr=0.0029	|gn|=4.6875	time=3.45it/s
2025-11-26 07:16:08,913 epoch=64	global_step=52000	acc=0.7500	acc_avg=0.6990	loss=0.9249	loss_avg=1.1365	lr=0.0029	|gn|=4.2665	time=3.45it/s
2025-11-26 07:16:42,006 epoch=64	global_step=52100	acc=0.7188	acc_avg=0.7011	loss=0.9882	loss_avg=1.1277	lr=0.0029	|gn|=6.1606	time=3.45it/s
2025-11-26 07:17:15,092 epoch=64	global_step=52200	acc=0.7188	acc_avg=0.6976	loss=1.2116	loss_avg=1.1385	lr=0.0029	|gn|=5.6512	time=3.45it/s
2025-11-26 07:17:48,184 epoch=64	global_step=52300	acc=0.5312	acc_avg=0.6973	loss=1.2217	loss_avg=1.1420	lr=0.0029	|gn|=6.4742	time=3.45it/s
2025-11-26 07:18:21,277 epoch=64	global_step=52400	acc=0.7500	acc_avg=0.6964	loss=1.1168	loss_avg=1.1440	lr=0.0029	|gn|=5.6175	time=3.43it/s
2025-11-26 07:18:54,379 epoch=64	global_step=52500	acc=0.7812	acc_avg=0.6951	loss=1.0390	loss_avg=1.1461	lr=0.0029	|gn|=4.7427	time=3.45it/s
2025-11-26 07:19:00,714 ====================Eval Epoch 64====================
2025-11-26 07:19:03,236 epoch=64	global_step=31	acc=0.3750	acc_avg=0.5880	acc5=0.7500	acc5_avg=0.8470	loss=2.6140	loss_avg=1.6642	time=79.26it/s
2025-11-26 07:19:03,236 Eval Loss:1.6642	Eval acc: 58.80
2025-11-26 07:19:03,236 
2025-11-26 07:19:03,236 ====================Training Epoch 65====================
2025-11-26 07:19:30,652 epoch=65	global_step=52600	acc=0.6562	acc_avg=0.7122	loss=1.3567	loss_avg=1.1118	lr=0.0027	|gn|=6.4498	time=3.45it/s
2025-11-26 07:20:03,760 epoch=65	global_step=52700	acc=0.6562	acc_avg=0.7115	loss=1.2680	loss_avg=1.0963	lr=0.0027	|gn|=5.4231	time=3.45it/s
2025-11-26 07:20:36,859 epoch=65	global_step=52800	acc=0.6250	acc_avg=0.7086	loss=1.5285	loss_avg=1.1067	lr=0.0027	|gn|=7.6080	time=3.45it/s
2025-11-26 07:21:09,954 epoch=65	global_step=52900	acc=0.6562	acc_avg=0.7026	loss=1.3169	loss_avg=1.1148	lr=0.0027	|gn|=5.5162	time=3.45it/s
2025-11-26 07:21:43,049 epoch=65	global_step=53000	acc=0.7188	acc_avg=0.7046	loss=1.2024	loss_avg=1.1053	lr=0.0027	|gn|=6.1035	time=3.45it/s
2025-11-26 07:22:16,132 epoch=65	global_step=53100	acc=0.7188	acc_avg=0.7043	loss=1.0138	loss_avg=1.1067	lr=0.0027	|gn|=6.3606	time=3.45it/s
2025-11-26 07:22:49,236 epoch=65	global_step=53200	acc=0.5938	acc_avg=0.7040	loss=1.4383	loss_avg=1.1081	lr=0.0027	|gn|=7.1986	time=3.45it/s
2025-11-26 07:23:22,307 epoch=65	global_step=53300	acc=0.7188	acc_avg=0.7029	loss=1.1504	loss_avg=1.1112	lr=0.0027	|gn|=5.4999	time=3.45it/s
2025-11-26 07:23:31,268 ====================Eval Epoch 65====================
2025-11-26 07:23:33,741 epoch=65	global_step=31	acc=0.6250	acc_avg=0.6070	acc5=0.7500	acc5_avg=0.8500	loss=1.7720	loss_avg=1.6191	time=79.21it/s
2025-11-26 07:23:33,741 Eval Loss:1.6191	Eval acc: 60.70
2025-11-26 07:23:33,741 
2025-11-26 07:23:33,741 ====================Training Epoch 66====================
2025-11-26 07:23:58,522 epoch=66	global_step=53400	acc=0.6875	acc_avg=0.7072	loss=1.0367	loss_avg=1.0840	lr=0.0026	|gn|=4.4604	time=3.45it/s
2025-11-26 07:24:31,582 epoch=66	global_step=53500	acc=0.7500	acc_avg=0.7088	loss=0.7190	loss_avg=1.0813	lr=0.0026	|gn|=5.0538	time=3.45it/s
2025-11-26 07:25:04,638 epoch=66	global_step=53600	acc=0.7812	acc_avg=0.7071	loss=0.7508	loss_avg=1.0858	lr=0.0026	|gn|=4.9188	time=3.45it/s
2025-11-26 07:25:37,688 epoch=66	global_step=53700	acc=0.7812	acc_avg=0.7107	loss=0.9067	loss_avg=1.0753	lr=0.0026	|gn|=5.4412	time=3.45it/s
2025-11-26 07:26:10,720 epoch=66	global_step=53800	acc=0.7188	acc_avg=0.7102	loss=0.9971	loss_avg=1.0764	lr=0.0026	|gn|=5.3731	time=3.44it/s
2025-11-26 07:26:43,770 epoch=66	global_step=53900	acc=0.6250	acc_avg=0.7084	loss=1.1667	loss_avg=1.0811	lr=0.0026	|gn|=5.8844	time=3.45it/s
2025-11-26 07:27:16,819 epoch=66	global_step=54000	acc=0.5938	acc_avg=0.7062	loss=1.3072	loss_avg=1.0892	lr=0.0026	|gn|=6.6947	time=3.45it/s
2025-11-26 07:27:49,862 epoch=66	global_step=54100	acc=0.6875	acc_avg=0.7059	loss=1.0645	loss_avg=1.0934	lr=0.0026	|gn|=5.8944	time=3.45it/s
2025-11-26 07:28:01,500 ====================Eval Epoch 66====================
2025-11-26 07:28:04,004 epoch=66	global_step=31	acc=0.5000	acc_avg=0.5860	acc5=0.7500	acc5_avg=0.8460	loss=2.3186	loss_avg=1.5917	time=79.18it/s
2025-11-26 07:28:04,004 Eval Loss:1.5917	Eval acc: 58.60
2025-11-26 07:28:04,004 
2025-11-26 07:28:04,004 ====================Training Epoch 67====================
2025-11-26 07:28:26,080 epoch=67	global_step=54200	acc=0.7500	acc_avg=0.7115	loss=0.9579	loss_avg=1.0267	lr=0.0025	|gn|=6.0871	time=3.45it/s
2025-11-26 07:28:59,165 epoch=67	global_step=54300	acc=0.7812	acc_avg=0.7237	loss=1.1143	loss_avg=1.0307	lr=0.0025	|gn|=6.4444	time=3.45it/s
2025-11-26 07:29:32,249 epoch=67	global_step=54400	acc=0.7500	acc_avg=0.7188	loss=1.1219	loss_avg=1.0447	lr=0.0025	|gn|=6.0080	time=3.45it/s
2025-11-26 07:30:05,335 epoch=67	global_step=54500	acc=0.7812	acc_avg=0.7163	loss=0.7749	loss_avg=1.0609	lr=0.0025	|gn|=5.1864	time=3.45it/s
2025-11-26 07:30:38,417 epoch=67	global_step=54600	acc=0.8125	acc_avg=0.7158	loss=0.7993	loss_avg=1.0654	lr=0.0025	|gn|=6.5561	time=3.45it/s
2025-11-26 07:31:11,501 epoch=67	global_step=54700	acc=0.6250	acc_avg=0.7159	loss=1.2391	loss_avg=1.0602	lr=0.0025	|gn|=6.1011	time=3.45it/s
2025-11-26 07:31:44,590 epoch=67	global_step=54800	acc=0.6875	acc_avg=0.7145	loss=1.2387	loss_avg=1.0644	lr=0.0025	|gn|=6.0250	time=3.45it/s
2025-11-26 07:32:17,713 epoch=67	global_step=54900	acc=0.8750	acc_avg=0.7136	loss=0.4481	loss_avg=1.0655	lr=0.0025	|gn|=3.5704	time=3.45it/s
2025-11-26 07:32:31,986 ====================Eval Epoch 67====================
2025-11-26 07:32:34,492 epoch=67	global_step=31	acc=0.5000	acc_avg=0.5830	acc5=0.6250	acc5_avg=0.8360	loss=2.9367	loss_avg=1.7070	time=79.22it/s
2025-11-26 07:32:34,492 Eval Loss:1.7070	Eval acc: 58.30
2025-11-26 07:32:34,493 
2025-11-26 07:32:34,493 ====================Training Epoch 68====================
2025-11-26 07:32:54,067 epoch=68	global_step=55000	acc=0.6875	acc_avg=0.7039	loss=1.0636	loss_avg=1.0990	lr=0.0023	|gn|=5.9693	time=3.44it/s
2025-11-26 07:33:27,177 epoch=68	global_step=55100	acc=0.8125	acc_avg=0.7138	loss=0.6156	loss_avg=1.0776	lr=0.0023	|gn|=4.6489	time=3.45it/s
2025-11-26 07:34:00,292 epoch=68	global_step=55200	acc=0.6875	acc_avg=0.7168	loss=1.0169	loss_avg=1.0588	lr=0.0023	|gn|=5.1961	time=3.45it/s
2025-11-26 07:34:33,373 epoch=68	global_step=55300	acc=0.6562	acc_avg=0.7190	loss=1.0836	loss_avg=1.0586	lr=0.0023	|gn|=6.1077	time=3.45it/s
2025-11-26 07:35:06,473 epoch=68	global_step=55400	acc=0.7500	acc_avg=0.7197	loss=1.0014	loss_avg=1.0604	lr=0.0023	|gn|=5.6193	time=3.45it/s
2025-11-26 07:35:39,559 epoch=68	global_step=55500	acc=0.6562	acc_avg=0.7194	loss=1.0588	loss_avg=1.0557	lr=0.0023	|gn|=5.3975	time=3.45it/s
2025-11-26 07:36:12,645 epoch=68	global_step=55600	acc=0.8125	acc_avg=0.7179	loss=0.7936	loss_avg=1.0545	lr=0.0023	|gn|=4.5575	time=3.45it/s
2025-11-26 07:36:45,739 epoch=68	global_step=55700	acc=0.5312	acc_avg=0.7160	loss=1.6269	loss_avg=1.0582	lr=0.0023	|gn|=7.7062	time=3.45it/s
2025-11-26 07:37:02,655 ====================Eval Epoch 68====================
2025-11-26 07:37:05,184 epoch=68	global_step=31	acc=0.5000	acc_avg=0.5790	acc5=0.7500	acc5_avg=0.8410	loss=2.4664	loss_avg=1.7082	time=79.11it/s
2025-11-26 07:37:05,184 Eval Loss:1.7082	Eval acc: 57.90
2025-11-26 07:37:05,185 
2025-11-26 07:37:05,185 ====================Training Epoch 69====================
2025-11-26 07:37:22,003 epoch=69	global_step=55800	acc=0.6562	acc_avg=0.7315	loss=0.9966	loss_avg=0.9964	lr=0.0022	|gn|=6.0431	time=3.44it/s
2025-11-26 07:37:55,084 epoch=69	global_step=55900	acc=0.7500	acc_avg=0.7292	loss=0.9777	loss_avg=1.0145	lr=0.0022	|gn|=5.4558	time=3.45it/s
2025-11-26 07:38:28,179 epoch=69	global_step=56000	acc=0.7812	acc_avg=0.7295	loss=0.9018	loss_avg=1.0227	lr=0.0022	|gn|=6.3705	time=3.45it/s
2025-11-26 07:39:01,277 epoch=69	global_step=56100	acc=0.7500	acc_avg=0.7291	loss=1.1440	loss_avg=1.0228	lr=0.0022	|gn|=6.7412	time=3.45it/s
2025-11-26 07:39:34,367 epoch=69	global_step=56200	acc=0.7812	acc_avg=0.7277	loss=1.0843	loss_avg=1.0287	lr=0.0022	|gn|=5.2467	time=3.45it/s
2025-11-26 07:40:07,452 epoch=69	global_step=56300	acc=0.7188	acc_avg=0.7287	loss=1.0806	loss_avg=1.0284	lr=0.0022	|gn|=5.6769	time=3.45it/s
2025-11-26 07:40:40,533 epoch=69	global_step=56400	acc=0.8125	acc_avg=0.7267	loss=0.6623	loss_avg=1.0326	lr=0.0022	|gn|=4.9990	time=3.45it/s
2025-11-26 07:41:13,605 epoch=69	global_step=56500	acc=0.7188	acc_avg=0.7258	loss=1.3184	loss_avg=1.0365	lr=0.0022	|gn|=6.4785	time=3.44it/s
2025-11-26 07:41:33,161 ====================Eval Epoch 69====================
2025-11-26 07:41:35,693 epoch=69	global_step=31	acc=0.5000	acc_avg=0.5650	acc5=0.6250	acc5_avg=0.8370	loss=2.4327	loss_avg=1.8022	time=79.07it/s
2025-11-26 07:41:35,693 Eval Loss:1.8022	Eval acc: 56.50
2025-11-26 07:41:35,694 
2025-11-26 07:41:35,694 ====================Training Epoch 70====================
2025-11-26 07:41:49,958 epoch=70	global_step=56600	acc=0.7188	acc_avg=0.7271	loss=1.0335	loss_avg=1.0030	lr=0.0021	|gn|=6.1630	time=3.45it/s
2025-11-26 07:42:23,049 epoch=70	global_step=56700	acc=0.8125	acc_avg=0.7236	loss=0.9326	loss_avg=1.0409	lr=0.0021	|gn|=4.3430	time=3.45it/s
2025-11-26 07:42:56,149 epoch=70	global_step=56800	acc=0.8125	acc_avg=0.7247	loss=0.8799	loss_avg=1.0294	lr=0.0021	|gn|=5.2872	time=3.45it/s
2025-11-26 07:43:29,253 epoch=70	global_step=56900	acc=0.6875	acc_avg=0.7305	loss=1.0463	loss_avg=1.0162	lr=0.0021	|gn|=6.2955	time=3.45it/s
2025-11-26 07:44:02,335 epoch=70	global_step=57000	acc=0.8438	acc_avg=0.7300	loss=0.7729	loss_avg=1.0124	lr=0.0021	|gn|=4.6390	time=3.45it/s
2025-11-26 07:44:35,432 epoch=70	global_step=57100	acc=0.5938	acc_avg=0.7267	loss=1.2854	loss_avg=1.0148	lr=0.0021	|gn|=6.7525	time=3.45it/s
2025-11-26 07:45:08,528 epoch=70	global_step=57200	acc=0.5000	acc_avg=0.7262	loss=1.4274	loss_avg=1.0190	lr=0.0021	|gn|=8.4793	time=3.45it/s
2025-11-26 07:45:41,600 epoch=70	global_step=57300	acc=0.7812	acc_avg=0.7266	loss=0.7002	loss_avg=1.0170	lr=0.0021	|gn|=4.7412	time=3.45it/s
2025-11-26 07:46:03,825 ====================Eval Epoch 70====================
2025-11-26 07:46:06,325 epoch=70	global_step=31	acc=0.5000	acc_avg=0.5900	acc5=0.7500	acc5_avg=0.8390	loss=2.5063	loss_avg=1.8080	time=79.21it/s
2025-11-26 07:46:06,325 Eval Loss:1.8080	Eval acc: 59.00
2025-11-26 07:46:06,326 
2025-11-26 07:46:06,326 ====================Training Epoch 71====================
2025-11-26 07:46:17,838 epoch=71	global_step=57400	acc=0.8438	acc_avg=0.7528	loss=0.6022	loss_avg=0.9418	lr=0.0019	|gn|=3.9964	time=3.45it/s
2025-11-26 07:46:50,949 epoch=71	global_step=57500	acc=0.7500	acc_avg=0.7333	loss=0.9476	loss_avg=0.9936	lr=0.0019	|gn|=6.5768	time=3.45it/s
2025-11-26 07:47:24,071 epoch=71	global_step=57600	acc=0.6875	acc_avg=0.7362	loss=0.9391	loss_avg=0.9810	lr=0.0019	|gn|=5.5177	time=3.45it/s
2025-11-26 07:47:57,168 epoch=71	global_step=57700	acc=0.7188	acc_avg=0.7351	loss=1.0048	loss_avg=0.9878	lr=0.0019	|gn|=6.5892	time=3.45it/s
2025-11-26 07:48:30,269 epoch=71	global_step=57800	acc=0.6562	acc_avg=0.7362	loss=1.1596	loss_avg=0.9842	lr=0.0019	|gn|=7.9941	time=3.45it/s
2025-11-26 07:49:03,375 epoch=71	global_step=57900	acc=0.7500	acc_avg=0.7366	loss=1.1622	loss_avg=0.9860	lr=0.0019	|gn|=6.3022	time=3.45it/s
2025-11-26 07:49:36,428 epoch=71	global_step=58000	acc=0.6875	acc_avg=0.7357	loss=1.0647	loss_avg=0.9887	lr=0.0019	|gn|=6.9215	time=3.45it/s
2025-11-26 07:50:09,506 epoch=71	global_step=58100	acc=0.7500	acc_avg=0.7351	loss=1.0897	loss_avg=0.9919	lr=0.0019	|gn|=5.6243	time=3.45it/s
2025-11-26 07:50:34,373 ====================Eval Epoch 71====================
2025-11-26 07:50:36,878 epoch=71	global_step=31	acc=0.5000	acc_avg=0.5830	acc5=0.7500	acc5_avg=0.8310	loss=2.4264	loss_avg=2.1160	time=78.70it/s
2025-11-26 07:50:36,879 Eval Loss:2.1160	Eval acc: 58.30
2025-11-26 07:50:36,879 
2025-11-26 07:50:36,879 ====================Training Epoch 72====================
2025-11-26 07:50:45,745 epoch=72	global_step=58200	acc=0.7812	acc_avg=0.7712	loss=0.7863	loss_avg=0.9212	lr=0.0018	|gn|=5.4493	time=3.45it/s
2025-11-26 07:51:18,797 epoch=72	global_step=58300	acc=0.7188	acc_avg=0.7458	loss=0.9954	loss_avg=0.9796	lr=0.0018	|gn|=6.6826	time=3.46it/s
2025-11-26 07:51:51,849 epoch=72	global_step=58400	acc=0.6562	acc_avg=0.7422	loss=0.9505	loss_avg=0.9690	lr=0.0018	|gn|=6.4892	time=3.45it/s
2025-11-26 07:52:24,892 epoch=72	global_step=58500	acc=0.7812	acc_avg=0.7399	loss=1.0334	loss_avg=0.9694	lr=0.0018	|gn|=5.3244	time=3.46it/s
2025-11-26 07:52:57,933 epoch=72	global_step=58600	acc=0.7188	acc_avg=0.7393	loss=0.8969	loss_avg=0.9705	lr=0.0018	|gn|=5.6509	time=3.45it/s
2025-11-26 07:53:30,976 epoch=72	global_step=58700	acc=0.5625	acc_avg=0.7373	loss=1.4206	loss_avg=0.9727	lr=0.0018	|gn|=6.7835	time=3.45it/s
2025-11-26 07:54:04,019 epoch=72	global_step=58800	acc=0.6875	acc_avg=0.7371	loss=1.0519	loss_avg=0.9765	lr=0.0018	|gn|=5.8175	time=3.45it/s
2025-11-26 07:54:37,092 epoch=72	global_step=58900	acc=0.7812	acc_avg=0.7374	loss=0.8743	loss_avg=0.9799	lr=0.0018	|gn|=6.5294	time=3.45it/s
2025-11-26 07:55:04,576 ====================Eval Epoch 72====================
2025-11-26 07:55:07,083 epoch=72	global_step=31	acc=0.5000	acc_avg=0.5880	acc5=0.6250	acc5_avg=0.8350	loss=3.1329	loss_avg=1.8088	time=78.78it/s
2025-11-26 07:55:07,084 Eval Loss:1.8088	Eval acc: 58.80
2025-11-26 07:55:07,084 
2025-11-26 07:55:07,084 ====================Training Epoch 73====================
2025-11-26 07:55:13,330 epoch=73	global_step=59000	acc=0.8125	acc_avg=0.7868	loss=0.6834	loss_avg=0.8506	lr=0.0017	|gn|=5.6533	time=3.45it/s
2025-11-26 07:55:46,394 epoch=73	global_step=59100	acc=0.6562	acc_avg=0.7561	loss=1.1959	loss_avg=0.9248	lr=0.0017	|gn|=7.1321	time=3.45it/s
2025-11-26 07:56:19,456 epoch=73	global_step=59200	acc=0.7812	acc_avg=0.7483	loss=0.7684	loss_avg=0.9460	lr=0.0017	|gn|=4.9277	time=3.45it/s
2025-11-26 07:56:52,531 epoch=73	global_step=59300	acc=0.7188	acc_avg=0.7466	loss=1.0567	loss_avg=0.9555	lr=0.0017	|gn|=6.2372	time=3.45it/s
2025-11-26 07:57:25,585 epoch=73	global_step=59400	acc=0.7500	acc_avg=0.7448	loss=0.9808	loss_avg=0.9640	lr=0.0017	|gn|=6.2039	time=3.45it/s
2025-11-26 07:57:58,649 epoch=73	global_step=59500	acc=0.6250	acc_avg=0.7413	loss=1.1322	loss_avg=0.9741	lr=0.0017	|gn|=6.9628	time=3.45it/s
2025-11-26 07:58:31,735 epoch=73	global_step=59600	acc=0.8125	acc_avg=0.7392	loss=0.6748	loss_avg=0.9779	lr=0.0017	|gn|=5.3016	time=3.45it/s
2025-11-26 07:59:04,844 epoch=73	global_step=59700	acc=0.7500	acc_avg=0.7391	loss=0.7736	loss_avg=0.9769	lr=0.0017	|gn|=6.4759	time=3.45it/s
2025-11-26 07:59:35,017 ====================Eval Epoch 73====================
2025-11-26 07:59:37,522 epoch=73	global_step=31	acc=0.5000	acc_avg=0.5860	acc5=0.6250	acc5_avg=0.8410	loss=3.1585	loss_avg=1.6938	time=78.96it/s
2025-11-26 07:59:37,522 Eval Loss:1.6938	Eval acc: 58.60
2025-11-26 07:59:37,522 
2025-11-26 07:59:37,522 ====================Training Epoch 74====================
2025-11-26 07:59:41,096 epoch=74	global_step=59800	acc=0.7188	acc_avg=0.7639	loss=1.0778	loss_avg=0.9559	lr=0.0016	|gn|=7.1233	time=3.45it/s
2025-11-26 08:00:14,204 epoch=74	global_step=59900	acc=0.7188	acc_avg=0.7563	loss=0.8046	loss_avg=0.9097	lr=0.0016	|gn|=5.4076	time=3.45it/s
2025-11-26 08:00:47,288 epoch=74	global_step=60000	acc=0.7812	acc_avg=0.7512	loss=0.8072	loss_avg=0.9250	lr=0.0016	|gn|=6.4928	time=3.45it/s
2025-11-26 08:01:20,370 epoch=74	global_step=60100	acc=0.6250	acc_avg=0.7513	loss=1.0530	loss_avg=0.9304	lr=0.0016	|gn|=6.5437	time=3.44it/s
2025-11-26 08:01:53,431 epoch=74	global_step=60200	acc=0.9062	acc_avg=0.7524	loss=0.5037	loss_avg=0.9278	lr=0.0016	|gn|=5.2202	time=3.45it/s
2025-11-26 08:02:26,501 epoch=74	global_step=60300	acc=0.7500	acc_avg=0.7498	loss=1.3826	loss_avg=0.9401	lr=0.0016	|gn|=7.0431	time=3.45it/s
2025-11-26 08:02:59,569 epoch=74	global_step=60400	acc=0.6875	acc_avg=0.7491	loss=1.0060	loss_avg=0.9425	lr=0.0016	|gn|=6.5147	time=3.44it/s
2025-11-26 08:03:32,648 epoch=74	global_step=60500	acc=0.6250	acc_avg=0.7484	loss=1.2543	loss_avg=0.9462	lr=0.0016	|gn|=6.9115	time=3.45it/s
2025-11-26 08:04:05,448 ====================Eval Epoch 74====================
2025-11-26 08:04:07,969 epoch=74	global_step=31	acc=0.6250	acc_avg=0.6010	acc5=0.7500	acc5_avg=0.8430	loss=2.1074	loss_avg=1.6067	time=78.98it/s
2025-11-26 08:04:07,969 Eval Loss:1.6067	Eval acc: 60.10
2025-11-26 08:04:07,970 
2025-11-26 08:04:07,970 ====================Training Epoch 75====================
2025-11-26 08:04:08,922 epoch=75	global_step=60600	acc=0.7188	acc_avg=0.7188	loss=1.1304	loss_avg=1.1304	lr=0.0015	|gn|=6.0618	time=3.44it/s
2025-11-26 08:04:42,019 epoch=75	global_step=60700	acc=0.7500	acc_avg=0.7429	loss=1.0806	loss_avg=0.9283	lr=0.0015	|gn|=6.2353	time=3.44it/s
2025-11-26 08:05:15,116 epoch=75	global_step=60800	acc=0.7500	acc_avg=0.7460	loss=1.0315	loss_avg=0.9338	lr=0.0015	|gn|=6.5730	time=3.45it/s
2025-11-26 08:05:48,234 epoch=75	global_step=60900	acc=0.5625	acc_avg=0.7498	loss=1.4402	loss_avg=0.9277	lr=0.0015	|gn|=6.9171	time=3.45it/s
2025-11-26 08:06:21,327 epoch=75	global_step=61000	acc=0.6875	acc_avg=0.7520	loss=1.4574	loss_avg=0.9266	lr=0.0015	|gn|=6.7512	time=3.45it/s
2025-11-26 08:06:54,434 epoch=75	global_step=61100	acc=0.6875	acc_avg=0.7519	loss=0.9712	loss_avg=0.9260	lr=0.0015	|gn|=6.9319	time=3.44it/s
2025-11-26 08:07:27,534 epoch=75	global_step=61200	acc=0.9062	acc_avg=0.7527	loss=0.6433	loss_avg=0.9260	lr=0.0015	|gn|=4.8368	time=3.45it/s
2025-11-26 08:08:00,637 epoch=75	global_step=61300	acc=0.6875	acc_avg=0.7524	loss=0.9442	loss_avg=0.9287	lr=0.0015	|gn|=6.3593	time=3.45it/s
2025-11-26 08:08:33,729 epoch=75	global_step=61400	acc=0.8438	acc_avg=0.7521	loss=0.7427	loss_avg=0.9285	lr=0.0015	|gn|=4.8832	time=3.45it/s
2025-11-26 08:08:36,098 ====================Eval Epoch 75====================
2025-11-26 08:08:38,582 epoch=75	global_step=31	acc=0.5000	acc_avg=0.5950	acc5=0.7500	acc5_avg=0.8300	loss=2.3445	loss_avg=1.8785	time=79.15it/s
2025-11-26 08:08:38,583 Eval Loss:1.8785	Eval acc: 59.50
2025-11-26 08:08:38,583 
2025-11-26 08:08:38,583 ====================Training Epoch 76====================
2025-11-26 08:09:09,977 epoch=76	global_step=61500	acc=0.8438	acc_avg=0.7712	loss=0.6346	loss_avg=0.8685	lr=0.0014	|gn|=5.7392	time=3.45it/s
2025-11-26 08:09:43,098 epoch=76	global_step=61600	acc=0.7812	acc_avg=0.7638	loss=0.9108	loss_avg=0.8986	lr=0.0014	|gn|=6.4801	time=3.44it/s
2025-11-26 08:10:16,245 epoch=76	global_step=61700	acc=0.7500	acc_avg=0.7628	loss=0.9885	loss_avg=0.8982	lr=0.0014	|gn|=5.6407	time=3.45it/s
2025-11-26 08:10:49,395 epoch=76	global_step=61800	acc=0.8438	acc_avg=0.7587	loss=0.7976	loss_avg=0.9057	lr=0.0014	|gn|=5.6488	time=3.44it/s
2025-11-26 08:11:22,537 epoch=76	global_step=61900	acc=0.8125	acc_avg=0.7558	loss=0.6879	loss_avg=0.9135	lr=0.0014	|gn|=5.0956	time=3.44it/s
2025-11-26 08:11:55,696 epoch=76	global_step=62000	acc=0.6562	acc_avg=0.7539	loss=1.1190	loss_avg=0.9181	lr=0.0014	|gn|=6.8410	time=3.45it/s
2025-11-26 08:12:28,849 epoch=76	global_step=62100	acc=0.8125	acc_avg=0.7556	loss=0.8053	loss_avg=0.9146	lr=0.0014	|gn|=6.2053	time=3.44it/s
2025-11-26 08:13:01,971 epoch=76	global_step=62200	acc=0.7188	acc_avg=0.7569	loss=0.9653	loss_avg=0.9143	lr=0.0014	|gn|=6.3674	time=3.45it/s
2025-11-26 08:13:06,966 ====================Eval Epoch 76====================
2025-11-26 08:13:09,463 epoch=76	global_step=31	acc=0.5000	acc_avg=0.5960	acc5=0.7500	acc5_avg=0.8380	loss=3.0149	loss_avg=1.9811	time=79.13it/s
2025-11-26 08:13:09,464 Eval Loss:1.9811	Eval acc: 59.60
2025-11-26 08:13:09,464 
2025-11-26 08:13:09,464 ====================Training Epoch 77====================
2025-11-26 08:13:38,222 epoch=77	global_step=62300	acc=0.6875	acc_avg=0.7610	loss=0.7105	loss_avg=0.9073	lr=0.0012	|gn|=6.0041	time=3.45it/s
2025-11-26 08:14:11,312 epoch=77	global_step=62400	acc=0.7812	acc_avg=0.7581	loss=0.8005	loss_avg=0.9116	lr=0.0012	|gn|=4.9869	time=3.44it/s
2025-11-26 08:14:44,420 epoch=77	global_step=62500	acc=0.6875	acc_avg=0.7638	loss=0.8914	loss_avg=0.8901	lr=0.0012	|gn|=6.4036	time=3.45it/s
2025-11-26 08:15:17,523 epoch=77	global_step=62600	acc=0.6875	acc_avg=0.7619	loss=1.0856	loss_avg=0.8988	lr=0.0012	|gn|=6.7665	time=3.45it/s
2025-11-26 08:15:50,605 epoch=77	global_step=62700	acc=0.7500	acc_avg=0.7631	loss=0.6709	loss_avg=0.8941	lr=0.0012	|gn|=6.0438	time=3.45it/s
2025-11-26 08:16:23,681 epoch=77	global_step=62800	acc=0.7500	acc_avg=0.7616	loss=0.8473	loss_avg=0.9005	lr=0.0012	|gn|=6.1149	time=3.45it/s
2025-11-26 08:16:56,767 epoch=77	global_step=62900	acc=0.8125	acc_avg=0.7606	loss=0.6804	loss_avg=0.9013	lr=0.0012	|gn|=5.1685	time=3.45it/s
2025-11-26 08:17:29,860 epoch=77	global_step=63000	acc=0.9375	acc_avg=0.7594	loss=0.6145	loss_avg=0.9057	lr=0.0012	|gn|=4.4571	time=3.45it/s
2025-11-26 08:17:37,517 ====================Eval Epoch 77====================
2025-11-26 08:17:40,033 epoch=77	global_step=31	acc=0.5000	acc_avg=0.5740	acc5=0.7500	acc5_avg=0.8350	loss=2.7440	loss_avg=2.1619	time=79.29it/s
2025-11-26 08:17:40,033 Eval Loss:2.1619	Eval acc: 57.40
2025-11-26 08:17:40,034 
2025-11-26 08:17:40,034 ====================Training Epoch 78====================
2025-11-26 08:18:06,125 epoch=78	global_step=63100	acc=0.6562	acc_avg=0.7577	loss=1.1192	loss_avg=0.8860	lr=0.0011	|gn|=8.1445	time=3.45it/s
2025-11-26 08:18:39,222 epoch=78	global_step=63200	acc=0.8125	acc_avg=0.7601	loss=0.8210	loss_avg=0.8870	lr=0.0011	|gn|=6.5072	time=3.45it/s
2025-11-26 08:19:12,345 epoch=78	global_step=63300	acc=0.8438	acc_avg=0.7626	loss=0.7058	loss_avg=0.8902	lr=0.0011	|gn|=5.4229	time=3.45it/s
2025-11-26 08:19:45,456 epoch=78	global_step=63400	acc=0.7188	acc_avg=0.7614	loss=1.0647	loss_avg=0.8964	lr=0.0011	|gn|=6.6117	time=3.45it/s
2025-11-26 08:20:18,576 epoch=78	global_step=63500	acc=0.7188	acc_avg=0.7602	loss=1.0639	loss_avg=0.9025	lr=0.0011	|gn|=6.0493	time=3.45it/s
2025-11-26 08:20:51,688 epoch=78	global_step=63600	acc=0.7500	acc_avg=0.7618	loss=0.9625	loss_avg=0.8988	lr=0.0011	|gn|=8.7388	time=3.45it/s
2025-11-26 08:21:24,805 epoch=78	global_step=63700	acc=0.8750	acc_avg=0.7611	loss=0.5826	loss_avg=0.8997	lr=0.0011	|gn|=4.9931	time=3.45it/s
2025-11-26 08:21:57,902 epoch=78	global_step=63800	acc=0.6250	acc_avg=0.7599	loss=1.3969	loss_avg=0.8987	lr=0.0011	|gn|=8.7833	time=3.45it/s
2025-11-26 08:22:08,202 ====================Eval Epoch 78====================
2025-11-26 08:22:10,704 epoch=78	global_step=31	acc=0.5000	acc_avg=0.6030	acc5=0.7500	acc5_avg=0.8510	loss=2.5531	loss_avg=1.6729	time=79.27it/s
2025-11-26 08:22:10,704 Eval Loss:1.6729	Eval acc: 60.30
2025-11-26 08:22:10,704 
2025-11-26 08:22:10,704 ====================Training Epoch 79====================
2025-11-26 08:22:34,140 epoch=79	global_step=63900	acc=0.6875	acc_avg=0.7645	loss=1.0553	loss_avg=0.9156	lr=0.0010	|gn|=7.1910	time=3.45it/s
2025-11-26 08:23:07,253 epoch=79	global_step=64000	acc=0.7812	acc_avg=0.7692	loss=0.6549	loss_avg=0.8953	lr=0.0010	|gn|=6.1025	time=3.45it/s
2025-11-26 08:23:40,355 epoch=79	global_step=64100	acc=0.8125	acc_avg=0.7643	loss=0.6338	loss_avg=0.8975	lr=0.0010	|gn|=5.5118	time=3.45it/s
2025-11-26 08:24:13,456 epoch=79	global_step=64200	acc=0.8125	acc_avg=0.7655	loss=0.9319	loss_avg=0.8935	lr=0.0010	|gn|=5.5569	time=3.45it/s
2025-11-26 08:24:46,566 epoch=79	global_step=64300	acc=0.6250	acc_avg=0.7672	loss=1.4203	loss_avg=0.8833	lr=0.0010	|gn|=7.7342	time=3.45it/s
2025-11-26 08:25:19,668 epoch=79	global_step=64400	acc=0.6250	acc_avg=0.7657	loss=0.9680	loss_avg=0.8885	lr=0.0010	|gn|=7.7452	time=3.44it/s
2025-11-26 08:25:52,774 epoch=79	global_step=64500	acc=0.5938	acc_avg=0.7656	loss=1.7641	loss_avg=0.8908	lr=0.0010	|gn|=8.7866	time=3.45it/s
2025-11-26 08:26:25,895 epoch=79	global_step=64600	acc=0.7188	acc_avg=0.7672	loss=0.8694	loss_avg=0.8882	lr=0.0010	|gn|=6.3214	time=3.45it/s
2025-11-26 08:26:38,837 ====================Eval Epoch 79====================
2025-11-26 08:26:41,359 epoch=79	global_step=31	acc=0.5000	acc_avg=0.6010	acc5=0.7500	acc5_avg=0.8490	loss=2.7578	loss_avg=1.8410	time=79.32it/s
2025-11-26 08:26:41,359 Eval Loss:1.8410	Eval acc: 60.10
2025-11-26 08:26:41,359 
2025-11-26 08:26:41,359 ====================Training Epoch 80====================
2025-11-26 08:27:02,154 epoch=80	global_step=64700	acc=0.6875	acc_avg=0.7623	loss=0.9370	loss_avg=0.8676	lr=0.0010	|gn|=6.4231	time=3.45it/s
2025-11-26 08:27:35,283 epoch=80	global_step=64800	acc=0.8125	acc_avg=0.7741	loss=0.6700	loss_avg=0.8643	lr=0.0010	|gn|=6.5139	time=3.45it/s
2025-11-26 08:28:08,398 epoch=80	global_step=64900	acc=0.7812	acc_avg=0.7749	loss=0.6144	loss_avg=0.8591	lr=0.0010	|gn|=5.4950	time=3.45it/s
2025-11-26 08:28:41,503 epoch=80	global_step=65000	acc=0.8125	acc_avg=0.7716	loss=0.9767	loss_avg=0.8637	lr=0.0010	|gn|=7.2084	time=3.45it/s
2025-11-26 08:29:14,629 epoch=80	global_step=65100	acc=0.8438	acc_avg=0.7736	loss=0.6670	loss_avg=0.8642	lr=0.0010	|gn|=4.9850	time=3.45it/s
2025-11-26 08:29:47,762 epoch=80	global_step=65200	acc=0.7812	acc_avg=0.7693	loss=0.9380	loss_avg=0.8792	lr=0.0010	|gn|=7.4529	time=3.45it/s
2025-11-26 08:30:20,897 epoch=80	global_step=65300	acc=0.8438	acc_avg=0.7704	loss=0.7116	loss_avg=0.8768	lr=0.0010	|gn|=6.2328	time=3.45it/s
2025-11-26 08:30:54,007 epoch=80	global_step=65400	acc=0.7812	acc_avg=0.7678	loss=0.8335	loss_avg=0.8847	lr=0.0010	|gn|=7.7992	time=3.45it/s
2025-11-26 08:31:09,619 ====================Eval Epoch 80====================
2025-11-26 08:31:12,130 epoch=80	global_step=31	acc=0.5000	acc_avg=0.5950	acc5=0.7500	acc5_avg=0.8440	loss=2.4948	loss_avg=1.8670	time=79.37it/s
2025-11-26 08:31:12,130 Eval Loss:1.8670	Eval acc: 59.50
2025-11-26 08:31:12,130 
2025-11-26 08:31:12,131 ====================Training Epoch 81====================
2025-11-26 08:31:30,269 epoch=81	global_step=65500	acc=0.8750	acc_avg=0.7677	loss=0.5914	loss_avg=0.8674	lr=0.0009	|gn|=4.2938	time=3.45it/s
2025-11-26 08:32:03,398 epoch=81	global_step=65600	acc=0.8438	acc_avg=0.7749	loss=0.8757	loss_avg=0.8594	lr=0.0009	|gn|=6.3123	time=3.44it/s
2025-11-26 08:32:36,526 epoch=81	global_step=65700	acc=0.7500	acc_avg=0.7772	loss=0.9729	loss_avg=0.8575	lr=0.0009	|gn|=6.6594	time=3.45it/s
2025-11-26 08:33:09,677 epoch=81	global_step=65800	acc=0.7812	acc_avg=0.7742	loss=0.8114	loss_avg=0.8663	lr=0.0009	|gn|=5.2089	time=3.45it/s
2025-11-26 08:33:42,815 epoch=81	global_step=65900	acc=0.7188	acc_avg=0.7748	loss=0.8133	loss_avg=0.8661	lr=0.0009	|gn|=7.4019	time=3.44it/s
2025-11-26 08:34:15,931 epoch=81	global_step=66000	acc=0.8750	acc_avg=0.7731	loss=0.4876	loss_avg=0.8727	lr=0.0009	|gn|=5.1746	time=3.45it/s
2025-11-26 08:34:49,057 epoch=81	global_step=66100	acc=0.6875	acc_avg=0.7719	loss=1.5508	loss_avg=0.8704	lr=0.0009	|gn|=7.8630	time=3.45it/s
2025-11-26 08:35:22,195 epoch=81	global_step=66200	acc=0.7188	acc_avg=0.7702	loss=0.8523	loss_avg=0.8744	lr=0.0009	|gn|=4.9992	time=3.44it/s
2025-11-26 08:35:40,443 ====================Eval Epoch 81====================
2025-11-26 08:35:42,954 epoch=81	global_step=31	acc=0.6250	acc_avg=0.5960	acc5=0.7500	acc5_avg=0.8500	loss=2.5962	loss_avg=1.6165	time=78.98it/s
2025-11-26 08:35:42,954 Eval Loss:1.6165	Eval acc: 59.60
2025-11-26 08:35:42,955 
2025-11-26 08:35:42,955 ====================Training Epoch 82====================
2025-11-26 08:35:58,427 epoch=82	global_step=66300	acc=0.8750	acc_avg=0.7792	loss=0.5613	loss_avg=0.8259	lr=0.0008	|gn|=5.3435	time=3.45it/s
2025-11-26 08:36:31,489 epoch=82	global_step=66400	acc=0.7188	acc_avg=0.7694	loss=0.6789	loss_avg=0.8665	lr=0.0008	|gn|=5.9024	time=3.45it/s
2025-11-26 08:37:04,565 epoch=82	global_step=66500	acc=0.8438	acc_avg=0.7755	loss=0.6802	loss_avg=0.8547	lr=0.0008	|gn|=6.1120	time=3.45it/s
2025-11-26 08:37:37,662 epoch=82	global_step=66600	acc=0.8438	acc_avg=0.7803	loss=0.7319	loss_avg=0.8342	lr=0.0008	|gn|=5.4456	time=3.46it/s
2025-11-26 08:38:10,747 epoch=82	global_step=66700	acc=0.8438	acc_avg=0.7776	loss=0.7638	loss_avg=0.8425	lr=0.0008	|gn|=5.9612	time=3.45it/s
2025-11-26 08:38:43,833 epoch=82	global_step=66800	acc=0.6562	acc_avg=0.7774	loss=1.0807	loss_avg=0.8412	lr=0.0008	|gn|=7.5342	time=3.46it/s
2025-11-26 08:39:16,887 epoch=82	global_step=66900	acc=0.7500	acc_avg=0.7761	loss=1.1052	loss_avg=0.8473	lr=0.0008	|gn|=6.9703	time=3.46it/s
2025-11-26 08:39:49,956 epoch=82	global_step=67000	acc=0.8438	acc_avg=0.7763	loss=0.8420	loss_avg=0.8469	lr=0.0008	|gn|=6.2172	time=3.46it/s
2025-11-26 08:40:10,807 ====================Eval Epoch 82====================
2025-11-26 08:40:13,309 epoch=82	global_step=31	acc=0.5000	acc_avg=0.5920	acc5=0.7500	acc5_avg=0.8300	loss=2.3176	loss_avg=2.2128	time=79.08it/s
2025-11-26 08:40:13,309 Eval Loss:2.2128	Eval acc: 59.20
2025-11-26 08:40:13,310 
2025-11-26 08:40:13,310 ====================Training Epoch 83====================
2025-11-26 08:40:26,162 epoch=83	global_step=67100	acc=0.6875	acc_avg=0.7593	loss=1.0624	loss_avg=0.8685	lr=0.0007	|gn|=5.7876	time=3.45it/s
2025-11-26 08:40:59,290 epoch=83	global_step=67200	acc=0.6562	acc_avg=0.7794	loss=1.1940	loss_avg=0.8337	lr=0.0007	|gn|=6.5071	time=3.45it/s
2025-11-26 08:41:32,404 epoch=83	global_step=67300	acc=0.7500	acc_avg=0.7835	loss=0.8386	loss_avg=0.8285	lr=0.0007	|gn|=5.4691	time=3.45it/s
2025-11-26 08:42:05,465 epoch=83	global_step=67400	acc=0.6875	acc_avg=0.7816	loss=1.2876	loss_avg=0.8370	lr=0.0007	|gn|=6.7067	time=3.45it/s
2025-11-26 08:42:38,551 epoch=83	global_step=67500	acc=0.7500	acc_avg=0.7785	loss=0.9257	loss_avg=0.8436	lr=0.0007	|gn|=6.1430	time=3.45it/s
2025-11-26 08:43:11,624 epoch=83	global_step=67600	acc=0.7188	acc_avg=0.7815	loss=1.1644	loss_avg=0.8414	lr=0.0007	|gn|=6.8372	time=3.45it/s
2025-11-26 08:43:44,689 epoch=83	global_step=67700	acc=0.7500	acc_avg=0.7798	loss=0.7468	loss_avg=0.8495	lr=0.0007	|gn|=6.0758	time=3.45it/s
2025-11-26 08:44:17,756 epoch=83	global_step=67800	acc=0.8750	acc_avg=0.7787	loss=0.5001	loss_avg=0.8487	lr=0.0007	|gn|=4.1551	time=3.45it/s
2025-11-26 08:44:41,278 ====================Eval Epoch 83====================
2025-11-26 08:44:43,800 epoch=83	global_step=31	acc=0.6250	acc_avg=0.6040	acc5=0.7500	acc5_avg=0.8440	loss=2.5620	loss_avg=1.7424	time=79.32it/s
2025-11-26 08:44:43,801 Eval Loss:1.7424	Eval acc: 60.40
2025-11-26 08:44:43,801 
2025-11-26 08:44:43,801 ====================Training Epoch 84====================
2025-11-26 08:44:54,013 epoch=84	global_step=67900	acc=0.8750	acc_avg=0.7920	loss=0.6000	loss_avg=0.7808	lr=0.0006	|gn|=4.6214	time=3.45it/s
2025-11-26 08:45:27,112 epoch=84	global_step=68000	acc=0.9062	acc_avg=0.7817	loss=0.4131	loss_avg=0.8191	lr=0.0006	|gn|=4.8884	time=3.45it/s
2025-11-26 08:46:00,219 epoch=84	global_step=68100	acc=0.7812	acc_avg=0.7838	loss=0.7512	loss_avg=0.8192	lr=0.0006	|gn|=6.6626	time=3.45it/s
2025-11-26 08:46:33,320 epoch=84	global_step=68200	acc=0.8438	acc_avg=0.7852	loss=0.6269	loss_avg=0.8134	lr=0.0006	|gn|=5.8658	time=3.45it/s
2025-11-26 08:47:06,429 epoch=84	global_step=68300	acc=0.8750	acc_avg=0.7864	loss=0.7199	loss_avg=0.8160	lr=0.0006	|gn|=5.7645	time=3.45it/s
2025-11-26 08:47:39,521 epoch=84	global_step=68400	acc=0.7188	acc_avg=0.7869	loss=0.8042	loss_avg=0.8187	lr=0.0006	|gn|=6.4861	time=3.45it/s
2025-11-26 08:48:12,628 epoch=84	global_step=68500	acc=0.7188	acc_avg=0.7857	loss=1.0742	loss_avg=0.8208	lr=0.0006	|gn|=7.4080	time=3.45it/s
2025-11-26 08:48:45,720 epoch=84	global_step=68600	acc=0.7812	acc_avg=0.7856	loss=0.6613	loss_avg=0.8193	lr=0.0006	|gn|=6.3684	time=3.45it/s
2025-11-26 08:49:11,926 ====================Eval Epoch 84====================
2025-11-26 08:49:14,422 epoch=84	global_step=31	acc=0.5000	acc_avg=0.5910	acc5=0.7500	acc5_avg=0.8390	loss=2.4595	loss_avg=1.6681	time=79.40it/s
2025-11-26 08:49:14,423 Eval Loss:1.6681	Eval acc: 59.10
2025-11-26 08:49:14,423 
2025-11-26 08:49:14,423 ====================Training Epoch 85====================
2025-11-26 08:49:21,981 epoch=85	global_step=68700	acc=0.8750	acc_avg=0.7917	loss=0.6598	loss_avg=0.8297	lr=0.0005	|gn|=5.7594	time=3.45it/s
2025-11-26 08:49:55,081 epoch=85	global_step=68800	acc=0.7188	acc_avg=0.7782	loss=1.1696	loss_avg=0.8440	lr=0.0005	|gn|=6.2194	time=3.44it/s
2025-11-26 08:50:28,186 epoch=85	global_step=68900	acc=0.6875	acc_avg=0.7821	loss=1.1349	loss_avg=0.8337	lr=0.0005	|gn|=7.3487	time=3.45it/s
2025-11-26 08:51:01,304 epoch=85	global_step=69000	acc=0.5938	acc_avg=0.7793	loss=1.0518	loss_avg=0.8378	lr=0.0005	|gn|=7.8317	time=3.45it/s
2025-11-26 08:51:34,422 epoch=85	global_step=69100	acc=0.7188	acc_avg=0.7799	loss=0.9442	loss_avg=0.8366	lr=0.0005	|gn|=6.7144	time=3.45it/s
2025-11-26 08:52:07,550 epoch=85	global_step=69200	acc=0.8125	acc_avg=0.7821	loss=0.6197	loss_avg=0.8292	lr=0.0005	|gn|=5.8594	time=3.45it/s
2025-11-26 08:52:40,693 epoch=85	global_step=69300	acc=0.8125	acc_avg=0.7821	loss=0.7358	loss_avg=0.8316	lr=0.0005	|gn|=5.8813	time=3.45it/s
2025-11-26 08:53:13,807 epoch=85	global_step=69400	acc=0.7188	acc_avg=0.7820	loss=1.1264	loss_avg=0.8346	lr=0.0005	|gn|=7.1350	time=3.45it/s
2025-11-26 08:53:42,627 ====================Eval Epoch 85====================
2025-11-26 08:53:45,129 epoch=85	global_step=31	acc=0.5000	acc_avg=0.5840	acc5=0.7500	acc5_avg=0.8350	loss=2.3892	loss_avg=1.8695	time=79.30it/s
2025-11-26 08:53:45,129 Eval Loss:1.8695	Eval acc: 58.40
2025-11-26 08:53:45,130 
2025-11-26 08:53:45,130 ====================Training Epoch 86====================
2025-11-26 08:53:50,030 epoch=86	global_step=69500	acc=0.8438	acc_avg=0.7957	loss=0.6388	loss_avg=0.8167	lr=0.0005	|gn|=5.4388	time=3.45it/s
2025-11-26 08:54:23,126 epoch=86	global_step=69600	acc=0.6875	acc_avg=0.7848	loss=1.2147	loss_avg=0.8377	lr=0.0005	|gn|=7.5269	time=3.45it/s
2025-11-26 08:54:56,218 epoch=86	global_step=69700	acc=0.8125	acc_avg=0.7942	loss=0.6921	loss_avg=0.8044	lr=0.0005	|gn|=4.4456	time=3.45it/s
2025-11-26 08:55:29,294 epoch=86	global_step=69800	acc=0.8125	acc_avg=0.7907	loss=0.8082	loss_avg=0.8150	lr=0.0005	|gn|=8.4117	time=3.45it/s
2025-11-26 08:56:02,393 epoch=86	global_step=69900	acc=0.7812	acc_avg=0.7910	loss=0.6801	loss_avg=0.8099	lr=0.0005	|gn|=5.6064	time=3.45it/s
2025-11-26 08:56:35,469 epoch=86	global_step=70000	acc=0.6250	acc_avg=0.7916	loss=1.2220	loss_avg=0.8092	lr=0.0005	|gn|=7.0564	time=3.45it/s
2025-11-26 08:57:08,534 epoch=86	global_step=70100	acc=0.6875	acc_avg=0.7889	loss=1.1733	loss_avg=0.8158	lr=0.0005	|gn|=6.6353	time=3.45it/s
2025-11-26 08:57:41,621 epoch=86	global_step=70200	acc=0.7500	acc_avg=0.7887	loss=1.5234	loss_avg=0.8159	lr=0.0005	|gn|=8.1135	time=3.45it/s
2025-11-26 08:58:13,088 ====================Eval Epoch 86====================
2025-11-26 08:58:15,604 epoch=86	global_step=31	acc=0.5000	acc_avg=0.6000	acc5=0.7500	acc5_avg=0.8550	loss=2.7652	loss_avg=1.6299	time=79.32it/s
2025-11-26 08:58:15,605 Eval Loss:1.6299	Eval acc: 60.00
2025-11-26 08:58:15,605 
2025-11-26 08:58:15,605 ====================Training Epoch 87====================
2025-11-26 08:58:17,868 epoch=87	global_step=70300	acc=0.7812	acc_avg=0.7875	loss=0.8285	loss_avg=0.7885	lr=0.0004	|gn|=6.4225	time=3.45it/s
2025-11-26 08:58:50,991 epoch=87	global_step=70400	acc=0.7500	acc_avg=0.7830	loss=0.9892	loss_avg=0.8349	lr=0.0004	|gn|=7.6798	time=3.45it/s
2025-11-26 08:59:24,108 epoch=87	global_step=70500	acc=0.7500	acc_avg=0.7872	loss=0.9139	loss_avg=0.8157	lr=0.0004	|gn|=7.0850	time=3.45it/s
2025-11-26 08:59:57,226 epoch=87	global_step=70600	acc=0.8125	acc_avg=0.7906	loss=0.9447	loss_avg=0.8095	lr=0.0004	|gn|=6.8267	time=3.46it/s
2025-11-26 09:00:30,347 epoch=87	global_step=70700	acc=0.8125	acc_avg=0.7929	loss=0.7860	loss_avg=0.8020	lr=0.0004	|gn|=6.1324	time=3.45it/s
2025-11-26 09:01:03,490 epoch=87	global_step=70800	acc=0.7812	acc_avg=0.7933	loss=0.7308	loss_avg=0.8033	lr=0.0004	|gn|=7.3488	time=3.45it/s
2025-11-26 09:01:36,634 epoch=87	global_step=70900	acc=0.8125	acc_avg=0.7919	loss=0.7271	loss_avg=0.8049	lr=0.0004	|gn|=5.9618	time=3.45it/s
2025-11-26 09:02:09,791 epoch=87	global_step=71000	acc=0.8438	acc_avg=0.7910	loss=0.4327	loss_avg=0.8067	lr=0.0004	|gn|=4.5751	time=3.45it/s
2025-11-26 09:02:42,918 epoch=87	global_step=71100	acc=0.7188	acc_avg=0.7917	loss=1.1284	loss_avg=0.8068	lr=0.0004	|gn|=7.5377	time=3.45it/s
2025-11-26 09:02:43,970 ====================Eval Epoch 87====================
2025-11-26 09:02:46,475 epoch=87	global_step=31	acc=0.5000	acc_avg=0.5840	acc5=0.7500	acc5_avg=0.8400	loss=2.5131	loss_avg=2.4208	time=79.20it/s
2025-11-26 09:02:46,475 Eval Loss:2.4208	Eval acc: 58.40
2025-11-26 09:02:46,475 
2025-11-26 09:02:46,475 ====================Training Epoch 88====================
2025-11-26 09:03:19,184 epoch=88	global_step=71200	acc=0.8438	acc_avg=0.7928	loss=0.5575	loss_avg=0.7875	lr=0.0004	|gn|=4.6644	time=3.45it/s
2025-11-26 09:03:52,319 epoch=88	global_step=71300	acc=0.7500	acc_avg=0.7893	loss=0.7050	loss_avg=0.8019	lr=0.0004	|gn|=5.8419	time=3.44it/s
2025-11-26 09:04:25,458 epoch=88	global_step=71400	acc=0.8750	acc_avg=0.7917	loss=0.6044	loss_avg=0.8020	lr=0.0004	|gn|=5.7450	time=3.45it/s
2025-11-26 09:04:58,589 epoch=88	global_step=71500	acc=0.7812	acc_avg=0.7894	loss=0.8374	loss_avg=0.8068	lr=0.0004	|gn|=5.9523	time=3.43it/s
2025-11-26 09:05:31,733 epoch=88	global_step=71600	acc=0.6562	acc_avg=0.7894	loss=1.0979	loss_avg=0.8079	lr=0.0004	|gn|=6.7251	time=3.44it/s
2025-11-26 09:06:04,867 epoch=88	global_step=71700	acc=0.7812	acc_avg=0.7892	loss=0.8002	loss_avg=0.8114	lr=0.0004	|gn|=5.5700	time=3.44it/s
2025-11-26 09:06:38,004 epoch=88	global_step=71800	acc=0.7812	acc_avg=0.7887	loss=0.7490	loss_avg=0.8128	lr=0.0004	|gn|=6.5273	time=3.45it/s
2025-11-26 09:07:11,140 epoch=88	global_step=71900	acc=0.6562	acc_avg=0.7890	loss=1.1438	loss_avg=0.8116	lr=0.0004	|gn|=7.5534	time=3.45it/s
2025-11-26 09:07:14,823 ====================Eval Epoch 88====================
2025-11-26 09:07:17,338 epoch=88	global_step=31	acc=0.6250	acc_avg=0.6030	acc5=0.7500	acc5_avg=0.8310	loss=2.5285	loss_avg=2.1586	time=78.68it/s
2025-11-26 09:07:17,338 Eval Loss:2.1586	Eval acc: 60.30
2025-11-26 09:07:17,338 
2025-11-26 09:07:17,338 ====================Training Epoch 89====================
2025-11-26 09:07:47,444 epoch=89	global_step=72000	acc=0.6562	acc_avg=0.7949	loss=1.4232	loss_avg=0.8025	lr=0.0003	|gn|=8.3822	time=3.45it/s
2025-11-26 09:08:20,584 epoch=89	global_step=72100	acc=0.8125	acc_avg=0.7961	loss=0.7266	loss_avg=0.7930	lr=0.0003	|gn|=6.2967	time=3.45it/s
2025-11-26 09:08:53,716 epoch=89	global_step=72200	acc=0.8125	acc_avg=0.7952	loss=0.6150	loss_avg=0.7950	lr=0.0003	|gn|=5.0497	time=3.45it/s
2025-11-26 09:09:26,859 epoch=89	global_step=72300	acc=0.8125	acc_avg=0.7955	loss=0.6141	loss_avg=0.7905	lr=0.0003	|gn|=4.9492	time=3.44it/s
2025-11-26 09:09:59,977 epoch=89	global_step=72400	acc=0.8438	acc_avg=0.7936	loss=0.6214	loss_avg=0.7936	lr=0.0003	|gn|=5.5035	time=3.45it/s
2025-11-26 09:10:33,092 epoch=89	global_step=72500	acc=0.8438	acc_avg=0.7913	loss=0.6535	loss_avg=0.8000	lr=0.0003	|gn|=6.1374	time=3.45it/s
2025-11-26 09:11:06,223 epoch=89	global_step=72600	acc=0.8750	acc_avg=0.7904	loss=0.6427	loss_avg=0.8011	lr=0.0003	|gn|=5.9598	time=3.45it/s
2025-11-26 09:11:39,321 epoch=89	global_step=72700	acc=0.8750	acc_avg=0.7911	loss=0.5011	loss_avg=0.7978	lr=0.0003	|gn|=5.9760	time=3.45it/s
2025-11-26 09:11:45,655 ====================Eval Epoch 89====================
2025-11-26 09:11:48,174 epoch=89	global_step=31	acc=0.6250	acc_avg=0.6080	acc5=0.7500	acc5_avg=0.8410	loss=2.6960	loss_avg=1.8048	time=79.18it/s
2025-11-26 09:11:48,175 Eval Loss:1.8048	Eval acc: 60.80
2025-11-26 09:11:48,175 
2025-11-26 09:11:48,175 ====================Training Epoch 90====================
2025-11-26 09:12:15,579 epoch=90	global_step=72800	acc=0.7500	acc_avg=0.7998	loss=0.7034	loss_avg=0.7695	lr=0.0002	|gn|=6.4558	time=3.45it/s
2025-11-26 09:12:48,681 epoch=90	global_step=72900	acc=0.8438	acc_avg=0.7935	loss=0.6479	loss_avg=0.7964	lr=0.0002	|gn|=5.7545	time=3.45it/s
2025-11-26 09:13:21,768 epoch=90	global_step=73000	acc=0.6875	acc_avg=0.7950	loss=1.0802	loss_avg=0.7871	lr=0.0002	|gn|=7.9837	time=3.45it/s
2025-11-26 09:13:54,863 epoch=90	global_step=73100	acc=0.8438	acc_avg=0.7973	loss=0.7157	loss_avg=0.7797	lr=0.0002	|gn|=6.2242	time=3.45it/s
2025-11-26 09:14:27,962 epoch=90	global_step=73200	acc=0.7500	acc_avg=0.7979	loss=0.7677	loss_avg=0.7789	lr=0.0002	|gn|=6.1298	time=3.45it/s
2025-11-26 09:15:01,060 epoch=90	global_step=73300	acc=0.7500	acc_avg=0.7986	loss=1.1282	loss_avg=0.7779	lr=0.0002	|gn|=8.4782	time=3.45it/s
2025-11-26 09:15:34,126 epoch=90	global_step=73400	acc=0.8750	acc_avg=0.7973	loss=0.6103	loss_avg=0.7837	lr=0.0002	|gn|=5.8118	time=3.45it/s
2025-11-26 09:16:07,211 epoch=90	global_step=73500	acc=0.7812	acc_avg=0.7963	loss=0.8455	loss_avg=0.7887	lr=0.0002	|gn|=6.4322	time=3.45it/s
2025-11-26 09:16:16,180 ====================Eval Epoch 90====================
2025-11-26 09:16:18,685 epoch=90	global_step=31	acc=0.5000	acc_avg=0.6150	acc5=0.7500	acc5_avg=0.8540	loss=2.9724	loss_avg=1.6021	time=79.35it/s
2025-11-26 09:16:18,685 Eval Loss:1.6021	Eval acc: 61.50
2025-11-26 09:16:18,685 
2025-11-26 09:16:18,685 ====================Training Epoch 91====================
2025-11-26 09:16:43,444 epoch=91	global_step=73600	acc=0.7812	acc_avg=0.7992	loss=0.9014	loss_avg=0.7725	lr=0.0002	|gn|=7.3469	time=3.45it/s
2025-11-26 09:17:16,542 epoch=91	global_step=73700	acc=0.6562	acc_avg=0.7921	loss=1.1535	loss_avg=0.7933	lr=0.0002	|gn|=9.1480	time=3.46it/s
2025-11-26 09:17:49,619 epoch=91	global_step=73800	acc=0.7500	acc_avg=0.7904	loss=0.7650	loss_avg=0.7975	lr=0.0002	|gn|=6.8137	time=3.45it/s
2025-11-26 09:18:22,719 epoch=91	global_step=73900	acc=0.8438	acc_avg=0.7956	loss=0.8206	loss_avg=0.7908	lr=0.0002	|gn|=5.7963	time=3.46it/s
2025-11-26 09:18:55,783 epoch=91	global_step=74000	acc=0.7500	acc_avg=0.7957	loss=0.7469	loss_avg=0.7942	lr=0.0002	|gn|=6.4501	time=3.45it/s
2025-11-26 09:19:28,856 epoch=91	global_step=74100	acc=0.8750	acc_avg=0.7973	loss=0.5784	loss_avg=0.7905	lr=0.0002	|gn|=5.0693	time=3.45it/s
2025-11-26 09:20:01,936 epoch=91	global_step=74200	acc=0.7500	acc_avg=0.7950	loss=0.7139	loss_avg=0.7936	lr=0.0002	|gn|=6.2339	time=3.45it/s
2025-11-26 09:20:35,023 epoch=91	global_step=74300	acc=0.8438	acc_avg=0.7970	loss=0.4717	loss_avg=0.7912	lr=0.0002	|gn|=5.2176	time=3.45it/s
2025-11-26 09:20:46,628 ====================Eval Epoch 91====================
2025-11-26 09:20:49,160 epoch=91	global_step=31	acc=0.5000	acc_avg=0.6060	acc5=0.7500	acc5_avg=0.8440	loss=2.9970	loss_avg=1.8375	time=79.25it/s
2025-11-26 09:20:49,161 Eval Loss:1.8375	Eval acc: 60.60
2025-11-26 09:20:49,161 
2025-11-26 09:20:49,161 ====================Training Epoch 92====================
2025-11-26 09:21:11,263 epoch=92	global_step=74400	acc=0.8438	acc_avg=0.8029	loss=0.6338	loss_avg=0.7484	lr=0.0002	|gn|=6.0258	time=3.45it/s
2025-11-26 09:21:44,349 epoch=92	global_step=74500	acc=0.7500	acc_avg=0.7960	loss=1.1980	loss_avg=0.7998	lr=0.0002	|gn|=7.5751	time=3.45it/s
2025-11-26 09:22:17,432 epoch=92	global_step=74600	acc=0.8125	acc_avg=0.8021	loss=0.8348	loss_avg=0.7801	lr=0.0002	|gn|=6.0307	time=3.45it/s
2025-11-26 09:22:50,494 epoch=92	global_step=74700	acc=0.7500	acc_avg=0.7999	loss=0.8291	loss_avg=0.7824	lr=0.0002	|gn|=7.3964	time=3.45it/s
2025-11-26 09:23:23,577 epoch=92	global_step=74800	acc=0.6562	acc_avg=0.7989	loss=0.9062	loss_avg=0.7788	lr=0.0002	|gn|=7.0066	time=3.46it/s
2025-11-26 09:23:56,648 epoch=92	global_step=74900	acc=0.7500	acc_avg=0.7946	loss=0.9263	loss_avg=0.7913	lr=0.0002	|gn|=6.4584	time=3.45it/s
2025-11-26 09:24:29,728 epoch=92	global_step=75000	acc=0.8125	acc_avg=0.7952	loss=0.6371	loss_avg=0.7908	lr=0.0002	|gn|=5.8401	time=3.45it/s
2025-11-26 09:25:02,791 epoch=92	global_step=75100	acc=0.7500	acc_avg=0.7943	loss=0.8764	loss_avg=0.7934	lr=0.0002	|gn|=6.3363	time=3.45it/s
2025-11-26 09:25:17,042 ====================Eval Epoch 92====================
2025-11-26 09:25:19,538 epoch=92	global_step=31	acc=0.5000	acc_avg=0.6020	acc5=0.7500	acc5_avg=0.8470	loss=2.4860	loss_avg=1.6936	time=79.16it/s
2025-11-26 09:25:19,539 Eval Loss:1.6936	Eval acc: 60.20
2025-11-26 09:25:19,539 
2025-11-26 09:25:19,539 ====================Training Epoch 93====================
2025-11-26 09:25:39,069 epoch=93	global_step=75200	acc=0.8438	acc_avg=0.7911	loss=0.7020	loss_avg=0.8047	lr=0.0001	|gn|=5.7969	time=3.46it/s
2025-11-26 09:26:12,104 epoch=93	global_step=75300	acc=0.8750	acc_avg=0.7900	loss=0.6267	loss_avg=0.8173	lr=0.0001	|gn|=7.3113	time=3.45it/s
2025-11-26 09:26:45,160 epoch=93	global_step=75400	acc=0.7812	acc_avg=0.7924	loss=0.7686	loss_avg=0.8080	lr=0.0001	|gn|=7.3228	time=3.45it/s
2025-11-26 09:27:18,221 epoch=93	global_step=75500	acc=0.7188	acc_avg=0.7963	loss=0.6398	loss_avg=0.7994	lr=0.0001	|gn|=5.7280	time=3.45it/s
2025-11-26 09:27:51,262 epoch=93	global_step=75600	acc=0.8125	acc_avg=0.7966	loss=0.5786	loss_avg=0.7974	lr=0.0001	|gn|=5.3681	time=3.46it/s
2025-11-26 09:28:24,336 epoch=93	global_step=75700	acc=0.8125	acc_avg=0.7998	loss=0.6733	loss_avg=0.7887	lr=0.0001	|gn|=7.4074	time=3.45it/s
2025-11-26 09:28:57,406 epoch=93	global_step=75800	acc=0.8750	acc_avg=0.7994	loss=0.4382	loss_avg=0.7901	lr=0.0001	|gn|=4.2160	time=3.46it/s
2025-11-26 09:29:30,480 epoch=93	global_step=75900	acc=0.7188	acc_avg=0.7997	loss=1.0198	loss_avg=0.7882	lr=0.0001	|gn|=8.2574	time=3.46it/s
2025-11-26 09:29:47,391 ====================Eval Epoch 93====================
2025-11-26 09:29:49,910 epoch=93	global_step=31	acc=0.6250	acc_avg=0.5980	acc5=0.7500	acc5_avg=0.8370	loss=2.7552	loss_avg=2.2126	time=79.34it/s
2025-11-26 09:29:49,910 Eval Loss:2.2126	Eval acc: 59.80
2025-11-26 09:29:49,911 
2025-11-26 09:29:49,911 ====================Training Epoch 94====================
2025-11-26 09:30:06,721 epoch=94	global_step=76000	acc=0.8125	acc_avg=0.8061	loss=0.8376	loss_avg=0.7545	lr=0.0001	|gn|=6.5378	time=3.46it/s
2025-11-26 09:30:39,755 epoch=94	global_step=76100	acc=0.6875	acc_avg=0.7957	loss=1.0398	loss_avg=0.7952	lr=0.0001	|gn|=7.1584	time=3.46it/s
2025-11-26 09:31:12,799 epoch=94	global_step=76200	acc=0.9062	acc_avg=0.7998	loss=0.7811	loss_avg=0.7834	lr=0.0001	|gn|=6.3463	time=3.45it/s
2025-11-26 09:31:45,848 epoch=94	global_step=76300	acc=0.8438	acc_avg=0.8044	loss=0.7146	loss_avg=0.7725	lr=0.0001	|gn|=7.5560	time=3.45it/s
2025-11-26 09:32:18,906 epoch=94	global_step=76400	acc=0.8750	acc_avg=0.8046	loss=0.6273	loss_avg=0.7690	lr=0.0001	|gn|=5.3671	time=3.45it/s
2025-11-26 09:32:51,967 epoch=94	global_step=76500	acc=0.7812	acc_avg=0.8062	loss=0.7987	loss_avg=0.7655	lr=0.0001	|gn|=6.2624	time=3.45it/s
2025-11-26 09:33:25,022 epoch=94	global_step=76600	acc=0.8750	acc_avg=0.8047	loss=0.9174	loss_avg=0.7683	lr=0.0001	|gn|=6.7454	time=3.46it/s
2025-11-26 09:33:58,069 epoch=94	global_step=76700	acc=0.7500	acc_avg=0.8043	loss=0.7829	loss_avg=0.7703	lr=0.0001	|gn|=6.6030	time=3.45it/s
2025-11-26 09:34:17,623 ====================Eval Epoch 94====================
2025-11-26 09:34:20,148 epoch=94	global_step=31	acc=0.6250	acc_avg=0.5970	acc5=0.7500	acc5_avg=0.8350	loss=2.5093	loss_avg=2.1879	time=79.31it/s
2025-11-26 09:34:20,148 Eval Loss:2.1879	Eval acc: 59.70
2025-11-26 09:34:20,148 
2025-11-26 09:34:20,148 ====================Training Epoch 95====================
2025-11-26 09:34:34,374 epoch=95	global_step=76800	acc=0.6875	acc_avg=0.7973	loss=1.0911	loss_avg=0.8028	lr=0.0001	|gn|=7.1756	time=3.46it/s
2025-11-26 09:35:07,468 epoch=95	global_step=76900	acc=0.9062	acc_avg=0.8012	loss=0.4538	loss_avg=0.7768	lr=0.0001	|gn|=4.9594	time=3.46it/s
2025-11-26 09:35:40,544 epoch=95	global_step=77000	acc=0.8438	acc_avg=0.8045	loss=0.6453	loss_avg=0.7697	lr=0.0001	|gn|=5.5315	time=3.45it/s
2025-11-26 09:36:13,604 epoch=95	global_step=77100	acc=0.8438	acc_avg=0.8003	loss=0.7960	loss_avg=0.7840	lr=0.0001	|gn|=5.3419	time=3.45it/s
2025-11-26 09:36:46,670 epoch=95	global_step=77200	acc=0.6875	acc_avg=0.7981	loss=1.1827	loss_avg=0.7847	lr=0.0001	|gn|=8.4514	time=3.45it/s
2025-11-26 09:37:19,737 epoch=95	global_step=77300	acc=0.8438	acc_avg=0.7979	loss=0.7441	loss_avg=0.7864	lr=0.0001	|gn|=5.2321	time=3.45it/s
2025-11-26 09:37:52,809 epoch=95	global_step=77400	acc=0.8125	acc_avg=0.7974	loss=0.6154	loss_avg=0.7890	lr=0.0001	|gn|=5.6299	time=3.44it/s
2025-11-26 09:38:25,895 epoch=95	global_step=77500	acc=0.8125	acc_avg=0.7962	loss=0.8232	loss_avg=0.7898	lr=0.0001	|gn|=6.6392	time=3.45it/s
2025-11-26 09:38:48,136 ====================Eval Epoch 95====================
2025-11-26 09:38:50,651 epoch=95	global_step=31	acc=0.5000	acc_avg=0.6070	acc5=0.7500	acc5_avg=0.8420	loss=2.7565	loss_avg=1.6841	time=78.87it/s
2025-11-26 09:38:50,651 Eval Loss:1.6841	Eval acc: 60.70
2025-11-26 09:38:50,652 
2025-11-26 09:38:50,652 ====================Training Epoch 96====================
2025-11-26 09:39:02,142 epoch=96	global_step=77600	acc=0.8125	acc_avg=0.7898	loss=0.6041	loss_avg=0.8193	lr=0.0000	|gn|=5.8464	time=3.45it/s
2025-11-26 09:39:35,272 epoch=96	global_step=77700	acc=0.8750	acc_avg=0.7991	loss=0.4983	loss_avg=0.7904	lr=0.0000	|gn|=5.2472	time=3.45it/s
2025-11-26 09:40:08,384 epoch=96	global_step=77800	acc=0.9375	acc_avg=0.8003	loss=0.3213	loss_avg=0.7808	lr=0.0000	|gn|=4.0655	time=3.46it/s
2025-11-26 09:40:41,486 epoch=96	global_step=77900	acc=0.7812	acc_avg=0.8011	loss=0.8958	loss_avg=0.7762	lr=0.0000	|gn|=5.8945	time=3.46it/s
2025-11-26 09:41:14,672 epoch=96	global_step=78000	acc=0.9062	acc_avg=0.8002	loss=0.4564	loss_avg=0.7791	lr=0.0000	|gn|=5.0112	time=3.45it/s
2025-11-26 09:41:47,782 epoch=96	global_step=78100	acc=0.8125	acc_avg=0.8012	loss=0.4439	loss_avg=0.7793	lr=0.0000	|gn|=5.4120	time=3.46it/s
2025-11-26 09:42:20,971 epoch=96	global_step=78200	acc=0.8125	acc_avg=0.8010	loss=0.6899	loss_avg=0.7801	lr=0.0000	|gn|=6.5096	time=3.46it/s
2025-11-26 09:42:54,133 epoch=96	global_step=78300	acc=0.9062	acc_avg=0.7998	loss=0.4765	loss_avg=0.7848	lr=0.0000	|gn|=5.2710	time=3.45it/s
2025-11-26 09:43:19,075 ====================Eval Epoch 96====================
2025-11-26 09:43:21,592 epoch=96	global_step=31	acc=0.5000	acc_avg=0.5970	acc5=0.7500	acc5_avg=0.8350	loss=2.5545	loss_avg=2.5357	time=79.25it/s
2025-11-26 09:43:21,593 Eval Loss:2.5357	Eval acc: 59.70
2025-11-26 09:43:21,593 
2025-11-26 09:43:21,593 ====================Training Epoch 97====================
2025-11-26 09:43:30,497 epoch=97	global_step=78400	acc=0.8750	acc_avg=0.8025	loss=0.5396	loss_avg=0.7702	lr=0.0000	|gn|=5.6980	time=3.46it/s
2025-11-26 09:44:03,638 epoch=97	global_step=78500	acc=0.8438	acc_avg=0.7933	loss=0.8057	loss_avg=0.7776	lr=0.0000	|gn|=6.1769	time=3.45it/s
2025-11-26 09:44:36,742 epoch=97	global_step=78600	acc=0.8438	acc_avg=0.7953	loss=0.7062	loss_avg=0.7915	lr=0.0000	|gn|=5.1334	time=3.45it/s
2025-11-26 09:45:09,852 epoch=97	global_step=78700	acc=0.8750	acc_avg=0.7993	loss=0.5464	loss_avg=0.7845	lr=0.0000	|gn|=5.8058	time=3.45it/s
2025-11-26 09:45:43,000 epoch=97	global_step=78800	acc=0.7188	acc_avg=0.7999	loss=0.9345	loss_avg=0.7812	lr=0.0000	|gn|=6.0702	time=3.45it/s
2025-11-26 09:46:16,112 epoch=97	global_step=78900	acc=0.8125	acc_avg=0.8005	loss=0.7730	loss_avg=0.7763	lr=0.0000	|gn|=6.2945	time=3.44it/s
2025-11-26 09:46:49,254 epoch=97	global_step=79000	acc=0.9062	acc_avg=0.8010	loss=0.4106	loss_avg=0.7732	lr=0.0000	|gn|=4.8926	time=3.45it/s
2025-11-26 09:47:22,405 epoch=97	global_step=79100	acc=0.8438	acc_avg=0.8004	loss=0.7698	loss_avg=0.7744	lr=0.0000	|gn|=5.4925	time=3.45it/s
2025-11-26 09:47:49,965 ====================Eval Epoch 97====================
2025-11-26 09:47:52,493 epoch=97	global_step=31	acc=0.6250	acc_avg=0.5910	acc5=0.7500	acc5_avg=0.8380	loss=2.4259	loss_avg=2.1131	time=79.00it/s
2025-11-26 09:47:52,493 Eval Loss:2.1131	Eval acc: 59.10
2025-11-26 09:47:52,494 
2025-11-26 09:47:52,494 ====================Training Epoch 98====================
2025-11-26 09:47:58,766 epoch=98	global_step=79200	acc=0.7500	acc_avg=0.7960	loss=0.9472	loss_avg=0.7870	lr=0.0000	|gn|=7.5342	time=3.44it/s
2025-11-26 09:48:31,927 epoch=98	global_step=79300	acc=0.9062	acc_avg=0.7930	loss=0.6232	loss_avg=0.7911	lr=0.0000	|gn|=5.1525	time=3.44it/s
2025-11-26 09:49:05,086 epoch=98	global_step=79400	acc=0.7812	acc_avg=0.8003	loss=0.8093	loss_avg=0.7773	lr=0.0000	|gn|=7.1300	time=3.45it/s
2025-11-26 09:49:38,256 epoch=98	global_step=79500	acc=0.6875	acc_avg=0.8021	loss=1.1254	loss_avg=0.7723	lr=0.0000	|gn|=8.4180	time=3.44it/s
2025-11-26 09:50:11,411 epoch=98	global_step=79600	acc=0.7812	acc_avg=0.8005	loss=0.4853	loss_avg=0.7728	lr=0.0000	|gn|=5.0696	time=3.45it/s
2025-11-26 09:50:44,579 epoch=98	global_step=79700	acc=0.7500	acc_avg=0.8015	loss=0.9201	loss_avg=0.7671	lr=0.0000	|gn|=5.8002	time=3.45it/s
2025-11-26 09:51:17,747 epoch=98	global_step=79800	acc=0.8125	acc_avg=0.8000	loss=0.6418	loss_avg=0.7678	lr=0.0000	|gn|=5.6940	time=3.45it/s
2025-11-26 09:51:50,889 epoch=98	global_step=79900	acc=0.9062	acc_avg=0.7999	loss=0.5984	loss_avg=0.7670	lr=0.0000	|gn|=5.3510	time=3.45it/s
2025-11-26 09:52:21,106 ====================Eval Epoch 98====================
2025-11-26 09:52:23,638 epoch=98	global_step=31	acc=0.6250	acc_avg=0.5990	acc5=0.7500	acc5_avg=0.8400	loss=2.5723	loss_avg=1.9851	time=78.99it/s
2025-11-26 09:52:23,638 Eval Loss:1.9851	Eval acc: 59.90
2025-11-26 09:52:23,639 
2025-11-26 09:52:23,639 ====================Training Epoch 99====================
2025-11-26 09:52:27,228 epoch=99	global_step=80000	acc=0.8438	acc_avg=0.7639	loss=0.7121	loss_avg=0.7960	lr=0.0000	|gn|=5.9761	time=3.45it/s
2025-11-26 09:53:00,381 epoch=99	global_step=80100	acc=0.7188	acc_avg=0.8010	loss=1.0687	loss_avg=0.7671	lr=0.0000	|gn|=7.5911	time=3.45it/s
2025-11-26 09:53:33,532 epoch=99	global_step=80200	acc=0.8125	acc_avg=0.7950	loss=0.6310	loss_avg=0.7894	lr=0.0000	|gn|=15.6500	time=3.45it/s
2025-11-26 09:54:06,667 epoch=99	global_step=80300	acc=0.7812	acc_avg=0.7960	loss=0.7389	loss_avg=0.7897	lr=0.0000	|gn|=5.8826	time=3.45it/s
2025-11-26 09:54:39,796 epoch=99	global_step=80400	acc=0.8750	acc_avg=0.7953	loss=0.4961	loss_avg=0.7909	lr=0.0000	|gn|=5.9160	time=3.45it/s
2025-11-26 09:55:12,950 epoch=99	global_step=80500	acc=0.7812	acc_avg=0.7963	loss=0.9214	loss_avg=0.7872	lr=0.0000	|gn|=8.4119	time=3.45it/s
2025-11-26 09:55:46,084 epoch=99	global_step=80600	acc=0.8438	acc_avg=0.7968	loss=0.7601	loss_avg=0.7835	lr=0.0000	|gn|=6.1669	time=3.45it/s
2025-11-26 09:56:19,198 epoch=99	global_step=80700	acc=0.8438	acc_avg=0.8003	loss=0.6661	loss_avg=0.7760	lr=0.0000	|gn|=5.5438	time=3.45it/s
2025-11-26 09:56:52,032 ====================Eval Epoch 99====================
2025-11-26 09:56:54,566 epoch=99	global_step=31	acc=0.6250	acc_avg=0.6060	acc5=0.7500	acc5_avg=0.8460	loss=2.4818	loss_avg=1.7714	time=78.93it/s
2025-11-26 09:56:54,566 Eval Loss:1.7714	Eval acc: 60.60
2025-11-26 09:56:54,596 Running Cost 0.31 Days 

