2025-11-26 02:25:41,180 PyTorch Version: 2.6.0
2025-11-26 02:25:41,207 GPU List: ['NVIDIA L40S']
2025-11-26 02:25:41,213 num_classes: 100
2025-11-26 02:25:41,213 epochs: 100
2025-11-26 02:25:41,213 grad_clip: 5.0
2025-11-26 02:25:41,213 log_frequency: 100
2025-11-26 02:25:41,213 model: {'name': 'ResNet18', 'num_classes': 100}
2025-11-26 02:25:41,213 criterion: {'name': 'CrossEntropyLoss'}
2025-11-26 02:25:41,213 optimizer: {'name': 'SGD', 'lr': 0.01, 'weight_decay': 5e-05, 'momentum': 0.9}
2025-11-26 02:25:41,214 scheduler: {'name': 'CosineAnnealingLR', 'T_max': 100, 'eta_min': 0.0}
2025-11-26 02:25:41,214 dataset: {'name': 'DatasetGenerator', 'train_batch_size': 128, 'eval_batch_size': 128}
2025-11-26 02:25:41,216 seed: 0
2025-11-26 02:25:41,216 version: resnet18
2025-11-26 02:25:41,216 exp_name: experiment/classwise/model_training2025-11-26 02:25:41.175049
2025-11-26 02:25:41,216 config_path: configs/imagenet-mini
2025-11-26 02:25:41,216 load_model: False
2025-11-26 02:25:41,216 data_parallel: False
2025-11-26 02:25:41,216 train: True
2025-11-26 02:25:41,216 save_frequency: -1
2025-11-26 02:25:41,216 train_face: False
2025-11-26 02:25:41,216 train_portion: 1.0
2025-11-26 02:25:41,216 train_batch_size: 32
2025-11-26 02:25:41,216 eval_batch_size: 32
2025-11-26 02:25:41,216 num_of_workers: 6
2025-11-26 02:25:41,216 train_data_type: ImageNetMini
2025-11-26 02:25:41,216 test_data_type: ImageNetMini
2025-11-26 02:25:41,216 train_data_path: ../datasets
2025-11-26 02:25:41,216 test_data_path: ../datasets
2025-11-26 02:25:41,216 perturb_type: classwise
2025-11-26 02:25:41,216 patch_location: center
2025-11-26 02:25:41,216 poison_rate: 1.0
2025-11-26 02:25:41,216 perturb_tensor_filepath: 
2025-11-26 02:25:41,217 generator_filepath:./LSP/cifar10_samplewise_saved_perturbation.pt
2025-11-26 02:25:41,217 use_generator: False
2025-11-26 02:25:41,217 gue: False
2025-11-26 02:25:41,217 filter_type: low
2025-11-26 02:25:41,217 cutoff: 0.5
2025-11-26 02:25:41,217 img_denoise: 50
2025-11-26 02:25:41,217 jpeg_defense: True
2025-11-26 02:26:10,544 Training Dataset: Dataset ImageNetMini
    Number of datapoints: 25878
    Root location: ../datasets/ImageNet
    Split: train
    StandardTransform
Transform: Compose(
               Resize(size=224, interpolation=bilinear, max_size=None, antialias=True)
               RandomResizedCrop(size=(224, 224), scale=(0.08, 1.0), ratio=(0.75, 1.3333), interpolation=bilinear, antialias=True)
               RandomHorizontalFlip(p=0.5)
               ColorJitter(brightness=(0.6, 1.4), contrast=(0.6, 1.4), saturation=(0.6, 1.4), hue=(-0.2, 0.2))
               ToTensor()
           )
2025-11-26 02:26:10,545 Test Dataset: Dataset ImageNetMini
    Number of datapoints: 1000
    Root location: ../datasets/ImageNet
    Split: val
    StandardTransform
Transform: Compose(
               Resize(size=224, interpolation=bilinear, max_size=None, antialias=True)
               CenterCrop(size=(224, 224))
               ToTensor()
           )
2025-11-26 02:26:10,548 param size = 11.220132MB
2025-11-26 02:26:10,552 
2025-11-26 02:26:10,552 ====================Training Epoch 0====================
train_dataset
2025-11-26 02:26:14,715 epoch=0	global_step=0	acc=0.0000	acc_avg=0.0000	loss=4.7073	loss_avg=4.7073	lr=0.0100	|gn|=12.3083	time=0.33it/s
2025-11-26 02:26:47,949 epoch=0	global_step=100	acc=0.0000	acc_avg=0.0158	loss=4.7574	loss_avg=4.7005	lr=0.0100	|gn|=3.2345	time=3.48it/s
2025-11-26 02:27:21,283 epoch=0	global_step=200	acc=0.0000	acc_avg=0.0185	loss=4.5478	loss_avg=4.6443	lr=0.0100	|gn|=2.0793	time=3.46it/s
2025-11-26 02:27:54,848 epoch=0	global_step=300	acc=0.0625	acc_avg=0.0207	loss=4.4087	loss_avg=4.6056	lr=0.0100	|gn|=2.6490	time=3.45it/s
2025-11-26 02:28:28,435 epoch=0	global_step=400	acc=0.0000	acc_avg=0.0217	loss=4.2206	loss_avg=4.5788	lr=0.0100	|gn|=2.4219	time=3.42it/s
2025-11-26 02:29:02,001 epoch=0	global_step=500	acc=0.0312	acc_avg=0.0225	loss=4.4162	loss_avg=4.5565	lr=0.0100	|gn|=1.8956	time=3.45it/s
2025-11-26 02:29:35,594 epoch=0	global_step=600	acc=0.0312	acc_avg=0.0238	loss=4.5058	loss_avg=4.5368	lr=0.0100	|gn|=1.8849	time=3.42it/s
2025-11-26 02:30:09,080 epoch=0	global_step=700	acc=0.0000	acc_avg=0.0247	loss=4.4814	loss_avg=4.5247	lr=0.0100	|gn|=1.8888	time=3.42it/s
2025-11-26 02:30:42,680 epoch=0	global_step=800	acc=0.0000	acc_avg=0.0250	loss=4.3697	loss_avg=4.5136	lr=0.0100	|gn|=1.4333	time=3.44it/s
2025-11-26 02:30:45,067 ====================Eval Epoch 0====================
2025-11-26 02:30:48,013 epoch=0	global_step=31	acc=0.0000	acc_avg=0.0400	acc5=0.1250	acc5_avg=0.1470	loss=4.3837	loss_avg=4.5259	time=3.33it/s
2025-11-26 02:30:48,013 Eval Loss:4.5259	Eval acc: 4.00
2025-11-26 02:30:48,013 
2025-11-26 02:30:48,013 ====================Training Epoch 1====================
2025-11-26 02:31:19,424 epoch=1	global_step=900	acc=0.0625	acc_avg=0.0272	loss=4.5553	loss_avg=4.3929	lr=0.0100	|gn|=2.1119	time=3.44it/s
2025-11-26 02:31:52,479 epoch=1	global_step=1000	acc=0.0312	acc_avg=0.0322	loss=4.3458	loss_avg=4.3897	lr=0.0100	|gn|=1.9345	time=3.44it/s
2025-11-26 02:32:25,555 epoch=1	global_step=1100	acc=0.0938	acc_avg=0.0336	loss=4.3900	loss_avg=4.3890	lr=0.0100	|gn|=1.8205	time=3.44it/s
2025-11-26 02:32:58,625 epoch=1	global_step=1200	acc=0.0625	acc_avg=0.0351	loss=4.3772	loss_avg=4.3819	lr=0.0100	|gn|=1.7747	time=3.44it/s
2025-11-26 02:33:31,691 epoch=1	global_step=1300	acc=0.0625	acc_avg=0.0349	loss=4.1731	loss_avg=4.3795	lr=0.0100	|gn|=1.7582	time=3.44it/s
2025-11-26 02:34:04,766 epoch=1	global_step=1400	acc=0.0625	acc_avg=0.0357	loss=4.3102	loss_avg=4.3764	lr=0.0100	|gn|=1.7867	time=3.44it/s
2025-11-26 02:34:37,823 epoch=1	global_step=1500	acc=0.0312	acc_avg=0.0366	loss=4.2068	loss_avg=4.3715	lr=0.0100	|gn|=2.2173	time=3.44it/s
2025-11-26 02:35:10,910 epoch=1	global_step=1600	acc=0.0625	acc_avg=0.0363	loss=4.3461	loss_avg=4.3709	lr=0.0100	|gn|=1.8894	time=3.44it/s
2025-11-26 02:35:15,931 ====================Eval Epoch 1====================
2025-11-26 02:35:18,563 epoch=1	global_step=31	acc=0.0000	acc_avg=0.0470	acc5=0.0000	acc5_avg=0.1540	loss=4.9600	loss_avg=4.4066	time=78.69it/s
2025-11-26 02:35:18,563 Eval Loss:4.4066	Eval acc: 4.70
2025-11-26 02:35:18,564 
2025-11-26 02:35:18,564 ====================Training Epoch 2====================
2025-11-26 02:35:47,320 epoch=2	global_step=1700	acc=0.0000	acc_avg=0.0404	loss=4.0812	loss_avg=4.3164	lr=0.0100	|gn|=2.0698	time=3.44it/s
2025-11-26 02:36:20,432 epoch=2	global_step=1800	acc=0.0625	acc_avg=0.0424	loss=4.3214	loss_avg=4.3152	lr=0.0100	|gn|=1.7832	time=3.44it/s
2025-11-26 02:36:53,545 epoch=2	global_step=1900	acc=0.0938	acc_avg=0.0448	loss=4.3381	loss_avg=4.3107	lr=0.0100	|gn|=1.7713	time=3.44it/s
2025-11-26 02:37:26,653 epoch=2	global_step=2000	acc=0.0938	acc_avg=0.0448	loss=4.4502	loss_avg=4.3138	lr=0.0100	|gn|=2.1132	time=3.44it/s
2025-11-26 02:37:59,738 epoch=2	global_step=2100	acc=0.0312	acc_avg=0.0443	loss=4.3784	loss_avg=4.3153	lr=0.0100	|gn|=2.3020	time=3.44it/s
2025-11-26 02:38:32,792 epoch=2	global_step=2200	acc=0.0625	acc_avg=0.0448	loss=4.5459	loss_avg=4.3100	lr=0.0100	|gn|=1.9451	time=3.44it/s
2025-11-26 02:39:05,887 epoch=2	global_step=2300	acc=0.0625	acc_avg=0.0445	loss=4.3468	loss_avg=4.3060	lr=0.0100	|gn|=2.1370	time=3.44it/s
2025-11-26 02:39:38,947 epoch=2	global_step=2400	acc=0.0625	acc_avg=0.0461	loss=4.2458	loss_avg=4.3008	lr=0.0100	|gn|=2.1499	time=3.44it/s
2025-11-26 02:39:46,605 ====================Eval Epoch 2====================
2025-11-26 02:39:49,257 epoch=2	global_step=31	acc=0.0000	acc_avg=0.0570	acc5=0.0000	acc5_avg=0.2080	loss=4.4340	loss_avg=5.1109	time=78.86it/s
2025-11-26 02:39:49,258 Eval Loss:5.1109	Eval acc: 5.70
2025-11-26 02:39:49,258 
2025-11-26 02:39:49,258 ====================Training Epoch 3====================
2025-11-26 02:40:15,580 epoch=3	global_step=2500	acc=0.0625	acc_avg=0.0499	loss=4.2737	loss_avg=4.2903	lr=0.0100	|gn|=2.0754	time=3.44it/s
2025-11-26 02:40:48,925 epoch=3	global_step=2600	acc=0.0000	acc_avg=0.0507	loss=4.2332	loss_avg=4.2587	lr=0.0100	|gn|=2.0974	time=3.43it/s
2025-11-26 02:41:22,379 epoch=3	global_step=2700	acc=0.0938	acc_avg=0.0505	loss=4.0936	loss_avg=4.2588	lr=0.0100	|gn|=1.6480	time=3.44it/s
2025-11-26 02:41:55,852 epoch=3	global_step=2800	acc=0.0312	acc_avg=0.0526	loss=4.0061	loss_avg=4.2481	lr=0.0100	|gn|=1.6548	time=3.44it/s
2025-11-26 02:42:29,319 epoch=3	global_step=2900	acc=0.0625	acc_avg=0.0542	loss=4.0991	loss_avg=4.2412	lr=0.0100	|gn|=2.2719	time=3.44it/s
2025-11-26 02:43:02,877 epoch=3	global_step=3000	acc=0.0625	acc_avg=0.0538	loss=4.1979	loss_avg=4.2415	lr=0.0100	|gn|=2.0963	time=3.44it/s
2025-11-26 02:43:36,300 epoch=3	global_step=3100	acc=0.0625	acc_avg=0.0542	loss=4.1310	loss_avg=4.2417	lr=0.0100	|gn|=1.7106	time=3.44it/s
2025-11-26 02:44:09,776 epoch=3	global_step=3200	acc=0.0938	acc_avg=0.0547	loss=4.1560	loss_avg=4.2384	lr=0.0100	|gn|=1.8958	time=3.44it/s
2025-11-26 02:44:20,182 ====================Eval Epoch 3====================
2025-11-26 02:44:22,818 epoch=3	global_step=31	acc=0.3750	acc_avg=0.0770	acc5=0.7500	acc5_avg=0.2550	loss=3.2784	loss_avg=4.2171	time=79.01it/s
2025-11-26 02:44:22,819 Eval Loss:4.2171	Eval acc: 7.70
2025-11-26 02:44:22,819 
2025-11-26 02:44:22,819 ====================Training Epoch 4====================
2025-11-26 02:44:46,448 epoch=4	global_step=3300	acc=0.0938	acc_avg=0.0562	loss=4.2218	loss_avg=4.1686	lr=0.0100	|gn|=4.4785	time=3.44it/s
2025-11-26 02:45:19,977 epoch=4	global_step=3400	acc=0.0312	acc_avg=0.0582	loss=4.4221	loss_avg=4.1814	lr=0.0100	|gn|=1.8403	time=3.44it/s
2025-11-26 02:45:53,509 epoch=4	global_step=3500	acc=0.0938	acc_avg=0.0570	loss=4.0530	loss_avg=4.1893	lr=0.0100	|gn|=1.9798	time=3.44it/s
2025-11-26 02:46:27,064 epoch=4	global_step=3600	acc=0.0625	acc_avg=0.0569	loss=4.2905	loss_avg=4.1907	lr=0.0100	|gn|=2.0635	time=3.44it/s
2025-11-26 02:47:00,496 epoch=4	global_step=3700	acc=0.0312	acc_avg=0.0566	loss=4.3046	loss_avg=4.1874	lr=0.0100	|gn|=2.2041	time=3.44it/s
2025-11-26 02:47:33,926 epoch=4	global_step=3800	acc=0.0312	acc_avg=0.0568	loss=4.3081	loss_avg=4.1807	lr=0.0100	|gn|=2.4101	time=3.44it/s
2025-11-26 02:48:07,456 epoch=4	global_step=3900	acc=0.0938	acc_avg=0.0576	loss=3.9500	loss_avg=4.1813	lr=0.0100	|gn|=2.0112	time=3.44it/s
2025-11-26 02:48:40,889 epoch=4	global_step=4000	acc=0.0938	acc_avg=0.0593	loss=4.2284	loss_avg=4.1756	lr=0.0100	|gn|=2.0765	time=3.44it/s
2025-11-26 02:48:53,939 ====================Eval Epoch 4====================
2025-11-26 02:48:56,565 epoch=4	global_step=31	acc=0.0000	acc_avg=0.0670	acc5=0.3750	acc5_avg=0.2390	loss=3.5546	loss_avg=4.1497	time=78.90it/s
2025-11-26 02:48:56,565 Eval Loss:4.1497	Eval acc: 6.70
2025-11-26 02:48:56,566 
2025-11-26 02:48:56,566 ====================Training Epoch 5====================
2025-11-26 02:49:18,029 epoch=5	global_step=4100	acc=0.0625	acc_avg=0.0625	loss=3.8817	loss_avg=4.1396	lr=0.0099	|gn|=2.0836	time=3.44it/s
2025-11-26 02:49:52,223 epoch=5	global_step=4200	acc=0.0625	acc_avg=0.0635	loss=4.0918	loss_avg=4.1250	lr=0.0099	|gn|=2.0326	time=3.44it/s
2025-11-26 02:50:26,435 epoch=5	global_step=4300	acc=0.1250	acc_avg=0.0661	loss=3.9334	loss_avg=4.1243	lr=0.0099	|gn|=2.0573	time=3.44it/s
2025-11-26 02:51:00,681 epoch=5	global_step=4400	acc=0.0312	acc_avg=0.0657	loss=4.1175	loss_avg=4.1173	lr=0.0099	|gn|=2.2732	time=3.42it/s
2025-11-26 02:51:35,077 epoch=5	global_step=4500	acc=0.0000	acc_avg=0.0670	loss=4.0921	loss_avg=4.1125	lr=0.0099	|gn|=2.0537	time=3.44it/s
2025-11-26 02:52:09,254 epoch=5	global_step=4600	acc=0.0938	acc_avg=0.0687	loss=4.0353	loss_avg=4.1049	lr=0.0099	|gn|=2.4435	time=3.44it/s
2025-11-26 02:52:43,380 epoch=5	global_step=4700	acc=0.0625	acc_avg=0.0694	loss=3.9976	loss_avg=4.1025	lr=0.0099	|gn|=2.2356	time=3.45it/s
2025-11-26 02:53:17,546 epoch=5	global_step=4800	acc=0.1250	acc_avg=0.0701	loss=4.0640	loss_avg=4.1000	lr=0.0099	|gn|=2.3515	time=3.44it/s
2025-11-26 02:53:33,508 ====================Eval Epoch 5====================
2025-11-26 02:53:36,122 epoch=5	global_step=31	acc=0.0000	acc_avg=0.0970	acc5=0.3750	acc5_avg=0.2680	loss=3.6561	loss_avg=4.0017	time=78.67it/s
2025-11-26 02:53:36,123 Eval Loss:4.0017	Eval acc: 9.70
2025-11-26 02:53:36,123 
2025-11-26 02:53:36,123 ====================Training Epoch 6====================
2025-11-26 02:53:54,288 epoch=6	global_step=4900	acc=0.0938	acc_avg=0.0613	loss=3.8789	loss_avg=4.0586	lr=0.0099	|gn|=2.3550	time=3.45it/s
2025-11-26 02:54:27,309 epoch=6	global_step=5000	acc=0.0938	acc_avg=0.0729	loss=3.9507	loss_avg=4.0492	lr=0.0099	|gn|=2.1439	time=3.45it/s
2025-11-26 02:55:00,325 epoch=6	global_step=5100	acc=0.0312	acc_avg=0.0758	loss=4.1684	loss_avg=4.0332	lr=0.0099	|gn|=2.3217	time=3.44it/s
2025-11-26 02:55:33,352 epoch=6	global_step=5200	acc=0.0000	acc_avg=0.0785	loss=4.3881	loss_avg=4.0233	lr=0.0099	|gn|=3.1216	time=3.44it/s
2025-11-26 02:56:06,396 epoch=6	global_step=5300	acc=0.0625	acc_avg=0.0791	loss=4.0077	loss_avg=4.0281	lr=0.0099	|gn|=2.6708	time=3.44it/s
2025-11-26 02:56:39,430 epoch=6	global_step=5400	acc=0.0000	acc_avg=0.0822	loss=4.1308	loss_avg=4.0183	lr=0.0099	|gn|=2.4218	time=3.44it/s
2025-11-26 02:57:12,482 epoch=6	global_step=5500	acc=0.0938	acc_avg=0.0829	loss=3.8949	loss_avg=4.0143	lr=0.0099	|gn|=2.5846	time=3.44it/s
2025-11-26 02:57:45,540 epoch=6	global_step=5600	acc=0.1250	acc_avg=0.0825	loss=4.0762	loss_avg=4.0128	lr=0.0099	|gn|=2.3234	time=3.44it/s
2025-11-26 02:58:03,762 ====================Eval Epoch 6====================
2025-11-26 02:58:06,383 epoch=6	global_step=31	acc=0.1250	acc_avg=0.1040	acc5=0.6250	acc5_avg=0.3090	loss=2.9871	loss_avg=4.0151	time=78.79it/s
2025-11-26 02:58:06,383 Eval Loss:4.0151	Eval acc: 10.40
2025-11-26 02:58:06,383 
2025-11-26 02:58:06,383 ====================Training Epoch 7====================
2025-11-26 02:58:22,808 epoch=7	global_step=5700	acc=0.1875	acc_avg=0.0924	loss=3.6554	loss_avg=3.9911	lr=0.0099	|gn|=2.9191	time=3.44it/s
2025-11-26 02:58:57,979 epoch=7	global_step=5800	acc=0.0938	acc_avg=0.0914	loss=3.9107	loss_avg=3.9785	lr=0.0099	|gn|=2.3364	time=3.44it/s
2025-11-26 02:59:33,156 epoch=7	global_step=5900	acc=0.0938	acc_avg=0.0931	loss=3.9202	loss_avg=3.9670	lr=0.0099	|gn|=2.4292	time=3.44it/s
2025-11-26 03:00:08,382 epoch=7	global_step=6000	acc=0.0938	acc_avg=0.0935	loss=4.2096	loss_avg=3.9579	lr=0.0099	|gn|=2.6301	time=3.44it/s
2025-11-26 03:00:43,615 epoch=7	global_step=6100	acc=0.0312	acc_avg=0.0942	loss=3.9373	loss_avg=3.9485	lr=0.0099	|gn|=2.2971	time=3.44it/s
2025-11-26 03:01:18,875 epoch=7	global_step=6200	acc=0.0625	acc_avg=0.0951	loss=3.9835	loss_avg=3.9400	lr=0.0099	|gn|=2.4618	time=3.43it/s
2025-11-26 03:01:54,148 epoch=7	global_step=6300	acc=0.1250	acc_avg=0.0954	loss=3.6508	loss_avg=3.9395	lr=0.0099	|gn|=2.4699	time=3.44it/s
2025-11-26 03:02:29,413 epoch=7	global_step=6400	acc=0.1250	acc_avg=0.0959	loss=4.1083	loss_avg=3.9336	lr=0.0099	|gn|=2.6959	time=3.44it/s
2025-11-26 03:02:51,685 ====================Eval Epoch 7====================
2025-11-26 03:02:54,337 epoch=7	global_step=31	acc=0.0000	acc_avg=0.1180	acc5=0.6250	acc5_avg=0.3320	loss=3.0607	loss_avg=3.8143	time=78.27it/s
2025-11-26 03:02:54,337 Eval Loss:3.8143	Eval acc: 11.80
2025-11-26 03:02:54,338 
2025-11-26 03:02:54,338 ====================Training Epoch 8====================
2025-11-26 03:03:07,976 epoch=8	global_step=6500	acc=0.0938	acc_avg=0.0938	loss=4.0096	loss_avg=3.8528	lr=0.0098	|gn|=2.3798	time=3.43it/s
2025-11-26 03:03:43,310 epoch=8	global_step=6600	acc=0.0625	acc_avg=0.0976	loss=4.2545	loss_avg=3.8800	lr=0.0098	|gn|=2.9182	time=3.44it/s
2025-11-26 03:04:18,579 epoch=8	global_step=6700	acc=0.0312	acc_avg=0.1007	loss=4.4027	loss_avg=3.8802	lr=0.0098	|gn|=2.8529	time=3.44it/s
2025-11-26 03:04:53,622 epoch=8	global_step=6800	acc=0.0938	acc_avg=0.1011	loss=3.5442	loss_avg=3.8817	lr=0.0098	|gn|=2.7463	time=3.44it/s
2025-11-26 03:05:28,661 epoch=8	global_step=6900	acc=0.1562	acc_avg=0.1045	loss=3.5928	loss_avg=3.8694	lr=0.0098	|gn|=2.7570	time=3.44it/s
2025-11-26 03:06:03,740 epoch=8	global_step=7000	acc=0.1562	acc_avg=0.1049	loss=3.5929	loss_avg=3.8721	lr=0.0098	|gn|=2.4627	time=3.43it/s
2025-11-26 03:06:38,820 epoch=8	global_step=7100	acc=0.0312	acc_avg=0.1061	loss=4.1585	loss_avg=3.8679	lr=0.0098	|gn|=2.5200	time=3.44it/s
2025-11-26 03:07:13,876 epoch=8	global_step=7200	acc=0.1250	acc_avg=0.1069	loss=3.7693	loss_avg=3.8629	lr=0.0098	|gn|=2.7299	time=3.44it/s
2025-11-26 03:07:38,800 ====================Eval Epoch 8====================
2025-11-26 03:07:41,415 epoch=8	global_step=31	acc=0.0000	acc_avg=0.1170	acc5=0.7500	acc5_avg=0.3680	loss=2.7605	loss_avg=3.6895	time=78.70it/s
2025-11-26 03:07:41,415 Eval Loss:3.6895	Eval acc: 11.70
2025-11-26 03:07:41,416 
2025-11-26 03:07:41,416 ====================Training Epoch 9====================
2025-11-26 03:07:52,173 epoch=9	global_step=7300	acc=0.1875	acc_avg=0.1110	loss=3.7003	loss_avg=3.7918	lr=0.0098	|gn|=2.9524	time=3.43it/s
2025-11-26 03:08:27,340 epoch=9	global_step=7400	acc=0.0625	acc_avg=0.1129	loss=3.9363	loss_avg=3.8335	lr=0.0098	|gn|=2.6532	time=3.43it/s
2025-11-26 03:09:02,487 epoch=9	global_step=7500	acc=0.1250	acc_avg=0.1145	loss=3.8162	loss_avg=3.8185	lr=0.0098	|gn|=2.6614	time=3.44it/s
2025-11-26 03:09:37,843 epoch=9	global_step=7600	acc=0.1250	acc_avg=0.1158	loss=3.6618	loss_avg=3.8120	lr=0.0098	|gn|=2.6759	time=3.44it/s
2025-11-26 03:10:12,965 epoch=9	global_step=7700	acc=0.0938	acc_avg=0.1174	loss=3.8352	loss_avg=3.8101	lr=0.0098	|gn|=2.9335	time=3.43it/s
2025-11-26 03:10:48,618 epoch=9	global_step=7800	acc=0.0938	acc_avg=0.1197	loss=3.8860	loss_avg=3.7956	lr=0.0098	|gn|=2.6896	time=3.43it/s
2025-11-26 03:11:23,950 epoch=9	global_step=7900	acc=0.0938	acc_avg=0.1207	loss=4.1558	loss_avg=3.7916	lr=0.0098	|gn|=2.9449	time=3.44it/s
2025-11-26 03:11:59,281 epoch=9	global_step=8000	acc=0.1250	acc_avg=0.1200	loss=3.9418	loss_avg=3.7898	lr=0.0098	|gn|=3.0836	time=3.44it/s
2025-11-26 03:12:27,222 ====================Eval Epoch 9====================
2025-11-26 03:12:29,868 epoch=9	global_step=31	acc=0.1250	acc_avg=0.1560	acc5=0.7500	acc5_avg=0.3980	loss=2.6578	loss_avg=3.6022	time=78.19it/s
2025-11-26 03:12:29,869 Eval Loss:3.6022	Eval acc: 15.60
2025-11-26 03:12:29,869 
2025-11-26 03:12:29,869 ====================Training Epoch 10====================
2025-11-26 03:12:37,896 epoch=10	global_step=8100	acc=0.0625	acc_avg=0.1220	loss=3.9800	loss_avg=3.7071	lr=0.0098	|gn|=2.7633	time=3.43it/s
2025-11-26 03:13:13,296 epoch=10	global_step=8200	acc=0.1875	acc_avg=0.1278	loss=3.5932	loss_avg=3.7346	lr=0.0098	|gn|=3.1817	time=3.44it/s
2025-11-26 03:13:48,729 epoch=10	global_step=8300	acc=0.1562	acc_avg=0.1324	loss=3.6274	loss_avg=3.7257	lr=0.0098	|gn|=3.0717	time=3.43it/s
2025-11-26 03:14:24,122 epoch=10	global_step=8400	acc=0.1875	acc_avg=0.1346	loss=3.4513	loss_avg=3.7070	lr=0.0098	|gn|=3.2716	time=3.44it/s
2025-11-26 03:14:59,476 epoch=10	global_step=8500	acc=0.2188	acc_avg=0.1352	loss=3.6763	loss_avg=3.6978	lr=0.0098	|gn|=3.0364	time=3.44it/s
2025-11-26 03:15:34,894 epoch=10	global_step=8600	acc=0.1250	acc_avg=0.1375	loss=3.8231	loss_avg=3.6911	lr=0.0098	|gn|=3.3033	time=3.44it/s
2025-11-26 03:16:10,303 epoch=10	global_step=8700	acc=0.0938	acc_avg=0.1382	loss=3.6305	loss_avg=3.6910	lr=0.0098	|gn|=3.0355	time=3.44it/s
2025-11-26 03:16:45,691 epoch=10	global_step=8800	acc=0.0625	acc_avg=0.1370	loss=4.0841	loss_avg=3.6946	lr=0.0098	|gn|=3.3457	time=3.44it/s
2025-11-26 03:17:16,541 ====================Eval Epoch 10====================
2025-11-26 03:17:19,168 epoch=10	global_step=31	acc=0.0000	acc_avg=0.1450	acc5=0.2500	acc5_avg=0.4030	loss=3.4114	loss_avg=3.6235	time=78.71it/s
2025-11-26 03:17:19,168 Eval Loss:3.6235	Eval acc: 14.50
2025-11-26 03:17:19,169 
2025-11-26 03:17:19,169 ====================Training Epoch 11====================
2025-11-26 03:17:24,345 epoch=11	global_step=8900	acc=0.1250	acc_avg=0.1370	loss=3.4783	loss_avg=3.5560	lr=0.0097	|gn|=2.9546	time=3.44it/s
2025-11-26 03:17:59,674 epoch=11	global_step=9000	acc=0.0938	acc_avg=0.1527	loss=3.9179	loss_avg=3.6092	lr=0.0097	|gn|=3.1946	time=3.44it/s
2025-11-26 03:18:35,081 epoch=11	global_step=9100	acc=0.2188	acc_avg=0.1504	loss=3.5313	loss_avg=3.6108	lr=0.0097	|gn|=2.9528	time=3.44it/s
2025-11-26 03:19:10,501 epoch=11	global_step=9200	acc=0.1562	acc_avg=0.1550	loss=3.9063	loss_avg=3.6069	lr=0.0097	|gn|=3.2944	time=3.43it/s
2025-11-26 03:19:45,869 epoch=11	global_step=9300	acc=0.1250	acc_avg=0.1522	loss=3.5930	loss_avg=3.6186	lr=0.0097	|gn|=2.9232	time=3.44it/s
2025-11-26 03:20:21,296 epoch=11	global_step=9400	acc=0.1562	acc_avg=0.1536	loss=3.8932	loss_avg=3.6148	lr=0.0097	|gn|=3.2509	time=3.44it/s
2025-11-26 03:20:56,668 epoch=11	global_step=9500	acc=0.1250	acc_avg=0.1537	loss=3.6906	loss_avg=3.6090	lr=0.0097	|gn|=3.2569	time=3.44it/s
2025-11-26 03:21:32,083 epoch=11	global_step=9600	acc=0.0938	acc_avg=0.1521	loss=3.5701	loss_avg=3.6087	lr=0.0097	|gn|=2.8300	time=3.43it/s
2025-11-26 03:22:05,779 ====================Eval Epoch 11====================
2025-11-26 03:22:08,441 epoch=11	global_step=31	acc=0.7500	acc_avg=0.1570	acc5=0.8750	acc5_avg=0.4100	loss=1.9678	loss_avg=3.6488	time=78.44it/s
2025-11-26 03:22:08,441 Eval Loss:3.6488	Eval acc: 15.70
2025-11-26 03:22:08,442 
2025-11-26 03:22:08,442 ====================Training Epoch 12====================
2025-11-26 03:22:10,828 epoch=12	global_step=9700	acc=0.1562	acc_avg=0.1750	loss=3.9445	loss_avg=3.6259	lr=0.0096	|gn|=3.1549	time=3.44it/s
2025-11-26 03:22:46,159 epoch=12	global_step=9800	acc=0.0938	acc_avg=0.1586	loss=3.8751	loss_avg=3.5800	lr=0.0096	|gn|=3.7263	time=3.44it/s
2025-11-26 03:23:21,503 epoch=12	global_step=9900	acc=0.0625	acc_avg=0.1575	loss=3.5813	loss_avg=3.5533	lr=0.0096	|gn|=3.3322	time=3.44it/s
2025-11-26 03:23:56,870 epoch=12	global_step=10000	acc=0.0938	acc_avg=0.1631	loss=3.7485	loss_avg=3.5358	lr=0.0096	|gn|=3.4322	time=3.44it/s
2025-11-26 03:24:32,252 epoch=12	global_step=10100	acc=0.0312	acc_avg=0.1646	loss=3.9249	loss_avg=3.5396	lr=0.0096	|gn|=3.1709	time=3.44it/s
2025-11-26 03:25:07,637 epoch=12	global_step=10200	acc=0.0625	acc_avg=0.1639	loss=3.7082	loss_avg=3.5399	lr=0.0096	|gn|=3.2477	time=3.44it/s
2025-11-26 03:25:43,003 epoch=12	global_step=10300	acc=0.2188	acc_avg=0.1657	loss=3.5108	loss_avg=3.5336	lr=0.0096	|gn|=3.8953	time=3.44it/s
2025-11-26 03:26:18,370 epoch=12	global_step=10400	acc=0.2500	acc_avg=0.1671	loss=3.2544	loss_avg=3.5289	lr=0.0096	|gn|=3.0188	time=3.44it/s
2025-11-26 03:26:53,727 epoch=12	global_step=10500	acc=0.2188	acc_avg=0.1697	loss=3.2318	loss_avg=3.5219	lr=0.0096	|gn|=3.3398	time=3.44it/s
2025-11-26 03:26:54,854 ====================Eval Epoch 12====================
2025-11-26 03:26:57,510 epoch=12	global_step=31	acc=0.8750	acc_avg=0.1850	acc5=1.0000	acc5_avg=0.4530	loss=1.6205	loss_avg=3.3827	time=78.64it/s
2025-11-26 03:26:57,510 Eval Loss:3.3827	Eval acc: 18.50
2025-11-26 03:26:57,511 
2025-11-26 03:26:57,511 ====================Training Epoch 13====================
2025-11-26 03:27:32,442 epoch=13	global_step=10600	acc=0.3125	acc_avg=0.1749	loss=2.9616	loss_avg=3.4674	lr=0.0096	|gn|=3.0912	time=3.43it/s
2025-11-26 03:28:07,854 epoch=13	global_step=10700	acc=0.2500	acc_avg=0.1839	loss=2.9555	loss_avg=3.4078	lr=0.0096	|gn|=3.2051	time=3.44it/s
2025-11-26 03:28:43,372 epoch=13	global_step=10800	acc=0.2500	acc_avg=0.1851	loss=3.1244	loss_avg=3.4185	lr=0.0096	|gn|=3.0381	time=3.44it/s
2025-11-26 03:29:18,798 epoch=13	global_step=10900	acc=0.2188	acc_avg=0.1832	loss=3.3367	loss_avg=3.4331	lr=0.0096	|gn|=3.6645	time=3.44it/s
2025-11-26 03:29:54,133 epoch=13	global_step=11000	acc=0.1250	acc_avg=0.1812	loss=3.4571	loss_avg=3.4386	lr=0.0096	|gn|=3.1005	time=3.43it/s
2025-11-26 03:30:29,510 epoch=13	global_step=11100	acc=0.0938	acc_avg=0.1809	loss=3.4913	loss_avg=3.4441	lr=0.0096	|gn|=3.7873	time=3.43it/s
2025-11-26 03:31:04,875 epoch=13	global_step=11200	acc=0.1250	acc_avg=0.1824	loss=3.4836	loss_avg=3.4393	lr=0.0096	|gn|=3.3622	time=3.44it/s
2025-11-26 03:31:40,238 epoch=13	global_step=11300	acc=0.0938	acc_avg=0.1838	loss=3.3105	loss_avg=3.4314	lr=0.0096	|gn|=3.2684	time=3.44it/s
2025-11-26 03:31:44,198 ====================Eval Epoch 13====================
2025-11-26 03:31:46,826 epoch=13	global_step=31	acc=0.5000	acc_avg=0.1740	acc5=0.8750	acc5_avg=0.4390	loss=1.7166	loss_avg=3.4411	time=78.93it/s
2025-11-26 03:31:46,826 Eval Loss:3.4411	Eval acc: 17.40
2025-11-26 03:31:46,827 
2025-11-26 03:31:46,827 ====================Training Epoch 14====================
2025-11-26 03:32:18,907 epoch=14	global_step=11400	acc=0.2500	acc_avg=0.2001	loss=3.4510	loss_avg=3.3592	lr=0.0095	|gn|=3.2452	time=3.44it/s
2025-11-26 03:32:54,260 epoch=14	global_step=11500	acc=0.0938	acc_avg=0.1951	loss=3.7962	loss_avg=3.3611	lr=0.0095	|gn|=3.7651	time=3.44it/s
2025-11-26 03:33:29,608 epoch=14	global_step=11600	acc=0.1875	acc_avg=0.1963	loss=3.2206	loss_avg=3.3579	lr=0.0095	|gn|=3.1646	time=3.44it/s
2025-11-26 03:34:04,940 epoch=14	global_step=11700	acc=0.3125	acc_avg=0.1984	loss=3.2233	loss_avg=3.3587	lr=0.0095	|gn|=3.4190	time=3.44it/s
2025-11-26 03:34:40,299 epoch=14	global_step=11800	acc=0.3125	acc_avg=0.1984	loss=3.0661	loss_avg=3.3648	lr=0.0095	|gn|=3.2330	time=3.44it/s
2025-11-26 03:35:15,663 epoch=14	global_step=11900	acc=0.2812	acc_avg=0.2002	loss=3.0748	loss_avg=3.3570	lr=0.0095	|gn|=3.5332	time=3.44it/s
2025-11-26 03:35:51,037 epoch=14	global_step=12000	acc=0.2500	acc_avg=0.2019	loss=3.1700	loss_avg=3.3446	lr=0.0095	|gn|=3.5469	time=3.44it/s
2025-11-26 03:36:26,445 epoch=14	global_step=12100	acc=0.3125	acc_avg=0.2022	loss=3.6440	loss_avg=3.3421	lr=0.0095	|gn|=3.7214	time=3.44it/s
2025-11-26 03:36:33,207 ====================Eval Epoch 14====================
2025-11-26 03:36:35,833 epoch=14	global_step=31	acc=0.6250	acc_avg=0.2220	acc5=0.8750	acc5_avg=0.5060	loss=1.8365	loss_avg=3.2793	time=78.73it/s
2025-11-26 03:36:35,833 Eval Loss:3.2793	Eval acc: 22.20
2025-11-26 03:36:35,834 
2025-11-26 03:36:35,834 ====================Training Epoch 15====================
2025-11-26 03:37:05,125 epoch=15	global_step=12200	acc=0.2188	acc_avg=0.2087	loss=3.4426	loss_avg=3.2854	lr=0.0095	|gn|=3.5022	time=3.44it/s
2025-11-26 03:37:40,495 epoch=15	global_step=12300	acc=0.1250	acc_avg=0.2079	loss=3.5632	loss_avg=3.3020	lr=0.0095	|gn|=3.3556	time=3.44it/s
2025-11-26 03:38:15,871 epoch=15	global_step=12400	acc=0.1562	acc_avg=0.2101	loss=3.1668	loss_avg=3.2932	lr=0.0095	|gn|=3.2265	time=3.44it/s
2025-11-26 03:38:51,262 epoch=15	global_step=12500	acc=0.2188	acc_avg=0.2145	loss=3.2858	loss_avg=3.2781	lr=0.0095	|gn|=3.4782	time=3.44it/s
2025-11-26 03:39:26,636 epoch=15	global_step=12600	acc=0.3125	acc_avg=0.2152	loss=3.1300	loss_avg=3.2772	lr=0.0095	|gn|=3.7839	time=3.44it/s
2025-11-26 03:40:02,026 epoch=15	global_step=12700	acc=0.1562	acc_avg=0.2152	loss=3.5031	loss_avg=3.2718	lr=0.0095	|gn|=3.5272	time=3.44it/s
2025-11-26 03:40:37,391 epoch=15	global_step=12800	acc=0.1562	acc_avg=0.2143	loss=3.3889	loss_avg=3.2740	lr=0.0095	|gn|=3.3732	time=3.44it/s
2025-11-26 03:41:12,752 epoch=15	global_step=12900	acc=0.2812	acc_avg=0.2149	loss=3.2494	loss_avg=3.2719	lr=0.0095	|gn|=4.0122	time=3.44it/s
2025-11-26 03:41:22,351 ====================Eval Epoch 15====================
2025-11-26 03:41:24,997 epoch=15	global_step=31	acc=0.6250	acc_avg=0.2320	acc5=0.8750	acc5_avg=0.5230	loss=2.0436	loss_avg=3.1578	time=78.69it/s
2025-11-26 03:41:24,997 Eval Loss:3.1578	Eval acc: 23.20
2025-11-26 03:41:24,997 
2025-11-26 03:41:24,997 ====================Training Epoch 16====================
2025-11-26 03:41:51,380 epoch=16	global_step=13000	acc=0.2812	acc_avg=0.2333	loss=2.7777	loss_avg=3.1713	lr=0.0094	|gn|=3.3021	time=3.44it/s
2025-11-26 03:42:26,723 epoch=16	global_step=13100	acc=0.3125	acc_avg=0.2363	loss=2.9589	loss_avg=3.1863	lr=0.0094	|gn|=3.0306	time=3.44it/s
2025-11-26 03:43:02,101 epoch=16	global_step=13200	acc=0.2188	acc_avg=0.2353	loss=3.2144	loss_avg=3.1979	lr=0.0094	|gn|=3.6988	time=3.43it/s
2025-11-26 03:43:37,487 epoch=16	global_step=13300	acc=0.1562	acc_avg=0.2328	loss=3.1435	loss_avg=3.1965	lr=0.0094	|gn|=3.6009	time=3.44it/s
2025-11-26 03:44:12,881 epoch=16	global_step=13400	acc=0.2500	acc_avg=0.2305	loss=3.1657	loss_avg=3.1997	lr=0.0094	|gn|=3.1943	time=3.44it/s
2025-11-26 03:44:48,283 epoch=16	global_step=13500	acc=0.1562	acc_avg=0.2317	loss=3.6180	loss_avg=3.1952	lr=0.0094	|gn|=4.0485	time=3.44it/s
2025-11-26 03:45:23,683 epoch=16	global_step=13600	acc=0.2500	acc_avg=0.2316	loss=3.1361	loss_avg=3.1923	lr=0.0094	|gn|=3.7446	time=3.44it/s
2025-11-26 03:45:59,039 epoch=16	global_step=13700	acc=0.3438	acc_avg=0.2337	loss=3.1147	loss_avg=3.1878	lr=0.0094	|gn|=3.6804	time=3.44it/s
2025-11-26 03:46:11,479 ====================Eval Epoch 16====================
2025-11-26 03:46:14,119 epoch=16	global_step=31	acc=0.6250	acc_avg=0.2350	acc5=1.0000	acc5_avg=0.5470	loss=1.8176	loss_avg=3.1465	time=78.21it/s
2025-11-26 03:46:14,119 Eval Loss:3.1465	Eval acc: 23.50
2025-11-26 03:46:14,119 
2025-11-26 03:46:14,119 ====================Training Epoch 17====================
2025-11-26 03:46:37,867 epoch=17	global_step=13800	acc=0.3125	acc_avg=0.2346	loss=3.0062	loss_avg=3.1575	lr=0.0093	|gn|=3.5180	time=3.44it/s
2025-11-26 03:47:13,322 epoch=17	global_step=13900	acc=0.3125	acc_avg=0.2489	loss=2.7038	loss_avg=3.1234	lr=0.0093	|gn|=3.4313	time=3.44it/s
2025-11-26 03:47:48,743 epoch=17	global_step=14000	acc=0.2188	acc_avg=0.2454	loss=3.2262	loss_avg=3.1327	lr=0.0093	|gn|=3.8028	time=3.44it/s
2025-11-26 03:48:24,098 epoch=17	global_step=14100	acc=0.2188	acc_avg=0.2457	loss=3.2737	loss_avg=3.1155	lr=0.0093	|gn|=3.8169	time=3.44it/s
2025-11-26 03:48:59,451 epoch=17	global_step=14200	acc=0.3438	acc_avg=0.2471	loss=2.7790	loss_avg=3.1160	lr=0.0093	|gn|=3.8672	time=3.44it/s
2025-11-26 03:49:34,786 epoch=17	global_step=14300	acc=0.3125	acc_avg=0.2464	loss=2.6528	loss_avg=3.1167	lr=0.0093	|gn|=3.6846	time=3.44it/s
2025-11-26 03:50:10,128 epoch=17	global_step=14400	acc=0.3750	acc_avg=0.2478	loss=2.7115	loss_avg=3.1103	lr=0.0093	|gn|=3.4547	time=3.44it/s
2025-11-26 03:50:45,460 epoch=17	global_step=14500	acc=0.2188	acc_avg=0.2464	loss=3.2240	loss_avg=3.1101	lr=0.0093	|gn|=3.2580	time=3.44it/s
2025-11-26 03:51:00,720 ====================Eval Epoch 17====================
2025-11-26 03:51:03,362 epoch=17	global_step=31	acc=0.3750	acc_avg=0.2590	acc5=0.8750	acc5_avg=0.5300	loss=2.0993	loss_avg=3.2055	time=78.68it/s
2025-11-26 03:51:03,362 Eval Loss:3.2055	Eval acc: 25.90
2025-11-26 03:51:03,362 
2025-11-26 03:51:03,362 ====================Training Epoch 18====================
2025-11-26 03:51:24,168 epoch=18	global_step=14600	acc=0.2188	acc_avg=0.2648	loss=3.3249	loss_avg=3.0046	lr=0.0092	|gn|=3.4803	time=3.44it/s
2025-11-26 03:51:59,501 epoch=18	global_step=14700	acc=0.2812	acc_avg=0.2594	loss=3.0286	loss_avg=3.0422	lr=0.0092	|gn|=3.8749	time=3.44it/s
2025-11-26 03:52:34,830 epoch=18	global_step=14800	acc=0.2500	acc_avg=0.2500	loss=2.9222	loss_avg=3.0918	lr=0.0092	|gn|=3.7320	time=3.44it/s
2025-11-26 03:53:10,159 epoch=18	global_step=14900	acc=0.3438	acc_avg=0.2542	loss=2.6083	loss_avg=3.0797	lr=0.0092	|gn|=3.5119	time=3.44it/s
2025-11-26 03:53:45,500 epoch=18	global_step=15000	acc=0.2500	acc_avg=0.2568	loss=2.9172	loss_avg=3.0660	lr=0.0092	|gn|=3.5549	time=3.44it/s
2025-11-26 03:54:20,832 epoch=18	global_step=15100	acc=0.1875	acc_avg=0.2565	loss=3.1890	loss_avg=3.0597	lr=0.0092	|gn|=3.9743	time=3.44it/s
2025-11-26 03:54:56,176 epoch=18	global_step=15200	acc=0.2188	acc_avg=0.2585	loss=3.2466	loss_avg=3.0465	lr=0.0092	|gn|=4.5389	time=3.44it/s
2025-11-26 03:55:31,518 epoch=18	global_step=15300	acc=0.2188	acc_avg=0.2610	loss=3.7028	loss_avg=3.0422	lr=0.0092	|gn|=4.2839	time=3.44it/s
2025-11-26 03:55:49,583 ====================Eval Epoch 18====================
2025-11-26 03:55:52,232 epoch=18	global_step=31	acc=0.1250	acc_avg=0.2610	acc5=0.7500	acc5_avg=0.5780	loss=2.4821	loss_avg=3.0474	time=78.82it/s
2025-11-26 03:55:52,232 Eval Loss:3.0474	Eval acc: 26.10
2025-11-26 03:55:52,233 
2025-11-26 03:55:52,233 ====================Training Epoch 19====================
2025-11-26 03:56:10,190 epoch=19	global_step=15400	acc=0.3125	acc_avg=0.2749	loss=3.2107	loss_avg=2.9885	lr=0.0091	|gn|=3.7163	time=3.44it/s
2025-11-26 03:56:45,508 epoch=19	global_step=15500	acc=0.3750	acc_avg=0.2737	loss=2.4746	loss_avg=2.9859	lr=0.0091	|gn|=3.1621	time=3.44it/s
2025-11-26 03:57:20,890 epoch=19	global_step=15600	acc=0.3125	acc_avg=0.2698	loss=2.9187	loss_avg=2.9846	lr=0.0091	|gn|=3.6939	time=3.44it/s
2025-11-26 03:57:56,218 epoch=19	global_step=15700	acc=0.3125	acc_avg=0.2685	loss=3.2105	loss_avg=2.9875	lr=0.0091	|gn|=3.5672	time=3.44it/s
2025-11-26 03:58:31,568 epoch=19	global_step=15800	acc=0.2500	acc_avg=0.2650	loss=3.0576	loss_avg=2.9949	lr=0.0091	|gn|=3.4931	time=3.44it/s
2025-11-26 03:59:06,926 epoch=19	global_step=15900	acc=0.2500	acc_avg=0.2679	loss=3.0398	loss_avg=2.9892	lr=0.0091	|gn|=3.5452	time=3.43it/s
2025-11-26 03:59:42,270 epoch=19	global_step=16000	acc=0.2188	acc_avg=0.2681	loss=2.9840	loss_avg=2.9949	lr=0.0091	|gn|=4.0700	time=3.44it/s
2025-11-26 04:00:17,647 epoch=19	global_step=16100	acc=0.2500	acc_avg=0.2714	loss=2.8996	loss_avg=2.9840	lr=0.0091	|gn|=3.8633	time=3.44it/s
2025-11-26 04:00:38,557 ====================Eval Epoch 19====================
2025-11-26 04:00:41,189 epoch=19	global_step=31	acc=0.3750	acc_avg=0.2890	acc5=0.8750	acc5_avg=0.6100	loss=1.8788	loss_avg=2.8569	time=78.64it/s
2025-11-26 04:00:41,189 Eval Loss:2.8569	Eval acc: 28.90
2025-11-26 04:00:41,189 
2025-11-26 04:00:41,190 ====================Training Epoch 20====================
2025-11-26 04:00:56,285 epoch=20	global_step=16200	acc=0.2188	acc_avg=0.2896	loss=3.0958	loss_avg=2.8760	lr=0.0090	|gn|=3.7631	time=3.44it/s
2025-11-26 04:01:31,632 epoch=20	global_step=16300	acc=0.1875	acc_avg=0.2764	loss=3.1327	loss_avg=2.9275	lr=0.0090	|gn|=4.1017	time=3.44it/s
2025-11-26 04:02:06,991 epoch=20	global_step=16400	acc=0.2812	acc_avg=0.2819	loss=3.0717	loss_avg=2.9169	lr=0.0090	|gn|=3.8040	time=3.44it/s
2025-11-26 04:02:42,368 epoch=20	global_step=16500	acc=0.3125	acc_avg=0.2847	loss=3.0257	loss_avg=2.9269	lr=0.0090	|gn|=3.5118	time=3.44it/s
2025-11-26 04:03:17,716 epoch=20	global_step=16600	acc=0.2500	acc_avg=0.2882	loss=3.1619	loss_avg=2.9197	lr=0.0090	|gn|=4.6111	time=3.44it/s
2025-11-26 04:03:53,083 epoch=20	global_step=16700	acc=0.2500	acc_avg=0.2892	loss=2.9934	loss_avg=2.9135	lr=0.0090	|gn|=3.8919	time=3.44it/s
2025-11-26 04:04:28,546 epoch=20	global_step=16800	acc=0.3438	acc_avg=0.2900	loss=2.6560	loss_avg=2.9117	lr=0.0090	|gn|=3.3510	time=3.44it/s
2025-11-26 04:05:03,681 epoch=20	global_step=16900	acc=0.4062	acc_avg=0.2916	loss=2.5115	loss_avg=2.9063	lr=0.0090	|gn|=3.3411	time=3.44it/s
2025-11-26 04:05:27,235 ====================Eval Epoch 20====================
2025-11-26 04:05:29,879 epoch=20	global_step=31	acc=0.1250	acc_avg=0.3200	acc5=0.6250	acc5_avg=0.6020	loss=2.6511	loss_avg=2.8159	time=78.83it/s
2025-11-26 04:05:29,879 Eval Loss:2.8159	Eval acc: 32.00
2025-11-26 04:05:29,880 
2025-11-26 04:05:29,880 ====================Training Epoch 21====================
2025-11-26 04:05:42,044 epoch=21	global_step=17000	acc=0.5000	acc_avg=0.3030	loss=2.3151	loss_avg=2.7589	lr=0.0090	|gn|=3.4917	time=3.43it/s
2025-11-26 04:06:17,141 epoch=21	global_step=17100	acc=0.2812	acc_avg=0.3040	loss=2.8170	loss_avg=2.8156	lr=0.0090	|gn|=3.7202	time=3.43it/s
2025-11-26 04:06:52,214 epoch=21	global_step=17200	acc=0.3438	acc_avg=0.3030	loss=3.0528	loss_avg=2.8280	lr=0.0090	|gn|=3.6603	time=3.44it/s
2025-11-26 04:07:27,271 epoch=21	global_step=17300	acc=0.3750	acc_avg=0.3029	loss=2.4566	loss_avg=2.8265	lr=0.0090	|gn|=3.4956	time=3.44it/s
2025-11-26 04:08:02,311 epoch=21	global_step=17400	acc=0.3125	acc_avg=0.3019	loss=3.0897	loss_avg=2.8314	lr=0.0090	|gn|=4.0152	time=3.44it/s
2025-11-26 04:08:37,361 epoch=21	global_step=17500	acc=0.3125	acc_avg=0.3018	loss=2.9400	loss_avg=2.8429	lr=0.0090	|gn|=3.8401	time=3.43it/s
2025-11-26 04:09:12,452 epoch=21	global_step=17600	acc=0.2188	acc_avg=0.3014	loss=3.2743	loss_avg=2.8417	lr=0.0090	|gn|=4.0747	time=3.43it/s
2025-11-26 04:09:47,551 epoch=21	global_step=17700	acc=0.2812	acc_avg=0.3024	loss=2.8178	loss_avg=2.8341	lr=0.0090	|gn|=3.8295	time=3.43it/s
2025-11-26 04:10:13,899 ====================Eval Epoch 21====================
2025-11-26 04:10:16,499 epoch=21	global_step=31	acc=0.7500	acc_avg=0.3090	acc5=0.8750	acc5_avg=0.6000	loss=1.4868	loss_avg=2.9001	time=78.66it/s
2025-11-26 04:10:16,500 Eval Loss:2.9001	Eval acc: 30.90
2025-11-26 04:10:16,500 
2025-11-26 04:10:16,500 ====================Training Epoch 22====================
2025-11-26 04:10:25,882 epoch=22	global_step=17800	acc=0.3125	acc_avg=0.2963	loss=2.9440	loss_avg=2.7926	lr=0.0089	|gn|=4.0932	time=3.44it/s
2025-11-26 04:11:00,928 epoch=22	global_step=17900	acc=0.2500	acc_avg=0.3090	loss=2.8468	loss_avg=2.8068	lr=0.0089	|gn|=4.2207	time=3.44it/s
2025-11-26 04:11:35,998 epoch=22	global_step=18000	acc=0.4062	acc_avg=0.3172	loss=2.6942	loss_avg=2.7837	lr=0.0089	|gn|=4.1006	time=3.43it/s
2025-11-26 04:12:11,099 epoch=22	global_step=18100	acc=0.4375	acc_avg=0.3168	loss=2.3556	loss_avg=2.7815	lr=0.0089	|gn|=4.0809	time=3.43it/s
2025-11-26 04:12:46,143 epoch=22	global_step=18200	acc=0.3125	acc_avg=0.3151	loss=3.0586	loss_avg=2.7715	lr=0.0089	|gn|=3.9456	time=3.44it/s
2025-11-26 04:13:21,217 epoch=22	global_step=18300	acc=0.1875	acc_avg=0.3152	loss=3.2747	loss_avg=2.7662	lr=0.0089	|gn|=4.4121	time=3.44it/s
2025-11-26 04:13:56,242 epoch=22	global_step=18400	acc=0.2500	acc_avg=0.3149	loss=2.8477	loss_avg=2.7633	lr=0.0089	|gn|=3.5336	time=3.44it/s
2025-11-26 04:14:31,317 epoch=22	global_step=18500	acc=0.2500	acc_avg=0.3143	loss=2.6446	loss_avg=2.7661	lr=0.0089	|gn|=3.7172	time=3.44it/s
2025-11-26 04:15:00,431 ====================Eval Epoch 22====================
2025-11-26 04:15:03,052 epoch=22	global_step=31	acc=0.7500	acc_avg=0.3380	acc5=0.8750	acc5_avg=0.6610	loss=1.7819	loss_avg=2.6221	time=78.77it/s
2025-11-26 04:15:03,052 Eval Loss:2.6221	Eval acc: 33.80
2025-11-26 04:15:03,052 
2025-11-26 04:15:03,053 ====================Training Epoch 23====================
2025-11-26 04:15:09,578 epoch=23	global_step=18600	acc=0.4062	acc_avg=0.3327	loss=3.0634	loss_avg=2.7814	lr=0.0088	|gn|=3.8027	time=3.44it/s
2025-11-26 04:15:44,827 epoch=23	global_step=18700	acc=0.3750	acc_avg=0.3181	loss=2.5134	loss_avg=2.7527	lr=0.0088	|gn|=3.7472	time=3.44it/s
2025-11-26 04:16:20,038 epoch=23	global_step=18800	acc=0.3125	acc_avg=0.3174	loss=2.8306	loss_avg=2.7609	lr=0.0088	|gn|=3.5899	time=3.43it/s
2025-11-26 04:16:55,295 epoch=23	global_step=18900	acc=0.4062	acc_avg=0.3262	loss=2.4909	loss_avg=2.7267	lr=0.0088	|gn|=3.8197	time=3.44it/s
2025-11-26 04:17:30,618 epoch=23	global_step=19000	acc=0.3750	acc_avg=0.3242	loss=2.5345	loss_avg=2.7291	lr=0.0088	|gn|=5.5416	time=3.44it/s
2025-11-26 04:18:05,888 epoch=23	global_step=19100	acc=0.3750	acc_avg=0.3245	loss=2.6386	loss_avg=2.7266	lr=0.0088	|gn|=4.1473	time=3.45it/s
2025-11-26 04:18:41,157 epoch=23	global_step=19200	acc=0.3125	acc_avg=0.3260	loss=2.4993	loss_avg=2.7178	lr=0.0088	|gn|=3.5983	time=3.44it/s
2025-11-26 04:19:16,465 epoch=23	global_step=19300	acc=0.4062	acc_avg=0.3280	loss=2.3906	loss_avg=2.7099	lr=0.0088	|gn|=3.9653	time=3.44it/s
2025-11-26 04:19:48,640 ====================Eval Epoch 23====================
2025-11-26 04:19:51,299 epoch=23	global_step=31	acc=0.6250	acc_avg=0.3610	acc5=0.8750	acc5_avg=0.6500	loss=1.7999	loss_avg=2.6484	time=78.56it/s
2025-11-26 04:19:51,300 Eval Loss:2.6484	Eval acc: 36.10
2025-11-26 04:19:51,300 
2025-11-26 04:19:51,300 ====================Training Epoch 24====================
2025-11-26 04:19:55,119 epoch=24	global_step=19400	acc=0.4688	acc_avg=0.3542	loss=2.4814	loss_avg=2.5618	lr=0.0086	|gn|=3.6586	time=3.44it/s
2025-11-26 04:20:30,468 epoch=24	global_step=19500	acc=0.3750	acc_avg=0.3584	loss=2.7180	loss_avg=2.6084	lr=0.0086	|gn|=3.8084	time=3.44it/s
2025-11-26 04:21:05,831 epoch=24	global_step=19600	acc=0.4375	acc_avg=0.3505	loss=2.5935	loss_avg=2.6275	lr=0.0086	|gn|=3.7774	time=3.44it/s
2025-11-26 04:21:41,192 epoch=24	global_step=19700	acc=0.5625	acc_avg=0.3471	loss=2.2312	loss_avg=2.6363	lr=0.0086	|gn|=3.3441	time=3.45it/s
2025-11-26 04:22:16,545 epoch=24	global_step=19800	acc=0.3125	acc_avg=0.3447	loss=2.6230	loss_avg=2.6413	lr=0.0086	|gn|=3.5809	time=3.43it/s
2025-11-26 04:22:51,838 epoch=24	global_step=19900	acc=0.3438	acc_avg=0.3432	loss=2.7765	loss_avg=2.6441	lr=0.0086	|gn|=3.6839	time=3.44it/s
2025-11-26 04:23:27,171 epoch=24	global_step=20000	acc=0.3750	acc_avg=0.3424	loss=2.3699	loss_avg=2.6433	lr=0.0086	|gn|=3.8905	time=3.43it/s
2025-11-26 04:24:02,461 epoch=24	global_step=20100	acc=0.3438	acc_avg=0.3416	loss=2.4664	loss_avg=2.6426	lr=0.0086	|gn|=3.4909	time=3.44it/s
2025-11-26 04:24:37,463 ====================Eval Epoch 24====================
2025-11-26 04:24:40,115 epoch=24	global_step=31	acc=0.5000	acc_avg=0.3380	acc5=0.7500	acc5_avg=0.6670	loss=1.8402	loss_avg=2.6471	time=78.57it/s
2025-11-26 04:24:40,115 Eval Loss:2.6471	Eval acc: 33.80
2025-11-26 04:24:40,115 
2025-11-26 04:24:40,115 ====================Training Epoch 25====================
2025-11-26 04:24:41,110 epoch=25	global_step=20200	acc=0.2500	acc_avg=0.2500	loss=2.9393	loss_avg=2.9393	lr=0.0085	|gn|=4.4090	time=3.42it/s
2025-11-26 04:25:16,439 epoch=25	global_step=20300	acc=0.2812	acc_avg=0.3524	loss=2.6746	loss_avg=2.5892	lr=0.0085	|gn|=4.1762	time=3.44it/s
2025-11-26 04:25:51,815 epoch=25	global_step=20400	acc=0.3750	acc_avg=0.3523	loss=2.7244	loss_avg=2.6070	lr=0.0085	|gn|=3.9405	time=3.44it/s
2025-11-26 04:26:27,224 epoch=25	global_step=20500	acc=0.4062	acc_avg=0.3523	loss=2.5384	loss_avg=2.6052	lr=0.0085	|gn|=4.2562	time=3.44it/s
2025-11-26 04:27:02,636 epoch=25	global_step=20600	acc=0.2812	acc_avg=0.3554	loss=2.3888	loss_avg=2.5950	lr=0.0085	|gn|=4.0475	time=3.44it/s
2025-11-26 04:27:37,996 epoch=25	global_step=20700	acc=0.2188	acc_avg=0.3564	loss=2.7913	loss_avg=2.5948	lr=0.0085	|gn|=4.3278	time=3.45it/s
2025-11-26 04:28:13,325 epoch=25	global_step=20800	acc=0.4062	acc_avg=0.3571	loss=3.0821	loss_avg=2.5881	lr=0.0085	|gn|=5.0159	time=3.44it/s
2025-11-26 04:28:48,651 epoch=25	global_step=20900	acc=0.3438	acc_avg=0.3571	loss=2.6835	loss_avg=2.5947	lr=0.0085	|gn|=5.5997	time=3.44it/s
2025-11-26 04:29:24,026 epoch=25	global_step=21000	acc=0.2812	acc_avg=0.3570	loss=3.1015	loss_avg=2.5925	lr=0.0085	|gn|=5.2429	time=3.44it/s
2025-11-26 04:29:26,567 ====================Eval Epoch 25====================
2025-11-26 04:29:29,221 epoch=25	global_step=31	acc=0.6250	acc_avg=0.3760	acc5=1.0000	acc5_avg=0.6870	loss=1.6724	loss_avg=2.4820	time=78.62it/s
2025-11-26 04:29:29,221 Eval Loss:2.4820	Eval acc: 37.60
2025-11-26 04:29:29,222 
2025-11-26 04:29:29,222 ====================Training Epoch 26====================
2025-11-26 04:30:02,802 epoch=26	global_step=21100	acc=0.3125	acc_avg=0.3582	loss=2.5419	loss_avg=2.5364	lr=0.0084	|gn|=3.7940	time=3.44it/s
2025-11-26 04:30:38,159 epoch=26	global_step=21200	acc=0.3438	acc_avg=0.3711	loss=2.4868	loss_avg=2.5185	lr=0.0084	|gn|=4.2772	time=3.44it/s
2025-11-26 04:31:13,542 epoch=26	global_step=21300	acc=0.4062	acc_avg=0.3715	loss=2.5356	loss_avg=2.5172	lr=0.0084	|gn|=4.2804	time=3.44it/s
2025-11-26 04:31:48,889 epoch=26	global_step=21400	acc=0.5312	acc_avg=0.3693	loss=1.8525	loss_avg=2.5084	lr=0.0084	|gn|=4.0573	time=3.44it/s
2025-11-26 04:32:24,212 epoch=26	global_step=21500	acc=0.4375	acc_avg=0.3707	loss=2.2533	loss_avg=2.5159	lr=0.0084	|gn|=3.3282	time=3.44it/s
2025-11-26 04:32:59,527 epoch=26	global_step=21600	acc=0.4688	acc_avg=0.3699	loss=2.4021	loss_avg=2.5217	lr=0.0084	|gn|=4.2849	time=3.44it/s
2025-11-26 04:33:34,863 epoch=26	global_step=21700	acc=0.2812	acc_avg=0.3689	loss=2.6929	loss_avg=2.5275	lr=0.0084	|gn|=3.9865	time=3.44it/s
2025-11-26 04:34:10,267 epoch=26	global_step=21800	acc=0.3750	acc_avg=0.3678	loss=2.9862	loss_avg=2.5293	lr=0.0084	|gn|=4.8112	time=3.44it/s
2025-11-26 04:34:15,630 ====================Eval Epoch 26====================
2025-11-26 04:34:18,296 epoch=26	global_step=31	acc=0.5000	acc_avg=0.3710	acc5=0.8750	acc5_avg=0.6770	loss=1.8884	loss_avg=2.5642	time=78.52it/s
2025-11-26 04:34:18,296 Eval Loss:2.5642	Eval acc: 37.10
2025-11-26 04:34:18,297 
2025-11-26 04:34:18,297 ====================Training Epoch 27====================
2025-11-26 04:34:48,997 epoch=27	global_step=21900	acc=0.3438	acc_avg=0.3809	loss=2.5650	loss_avg=2.4930	lr=0.0083	|gn|=4.0926	time=3.44it/s
2025-11-26 04:35:24,384 epoch=27	global_step=22000	acc=0.5938	acc_avg=0.3850	loss=1.8082	loss_avg=2.4365	lr=0.0083	|gn|=3.1456	time=3.44it/s
2025-11-26 04:35:59,759 epoch=27	global_step=22100	acc=0.4062	acc_avg=0.3797	loss=2.0881	loss_avg=2.4480	lr=0.0083	|gn|=3.6113	time=3.44it/s
2025-11-26 04:36:35,157 epoch=27	global_step=22200	acc=0.2812	acc_avg=0.3810	loss=3.0176	loss_avg=2.4680	lr=0.0083	|gn|=4.4594	time=3.44it/s
2025-11-26 04:37:10,513 epoch=27	global_step=22300	acc=0.3750	acc_avg=0.3813	loss=2.4657	loss_avg=2.4631	lr=0.0083	|gn|=4.1647	time=3.44it/s
2025-11-26 04:37:45,869 epoch=27	global_step=22400	acc=0.2188	acc_avg=0.3810	loss=2.3898	loss_avg=2.4635	lr=0.0083	|gn|=3.6482	time=3.44it/s
2025-11-26 04:38:21,244 epoch=27	global_step=22500	acc=0.4375	acc_avg=0.3808	loss=2.3819	loss_avg=2.4656	lr=0.0083	|gn|=4.1913	time=3.44it/s
2025-11-26 04:38:56,654 epoch=27	global_step=22600	acc=0.5000	acc_avg=0.3798	loss=2.5421	loss_avg=2.4746	lr=0.0083	|gn|=3.8194	time=3.44it/s
2025-11-26 04:39:04,843 ====================Eval Epoch 27====================
2025-11-26 04:39:07,469 epoch=27	global_step=31	acc=0.6250	acc_avg=0.4040	acc5=1.0000	acc5_avg=0.6920	loss=1.4394	loss_avg=2.4069	time=78.50it/s
2025-11-26 04:39:07,470 Eval Loss:2.4069	Eval acc: 40.40
2025-11-26 04:39:07,470 
2025-11-26 04:39:07,470 ====================Training Epoch 28====================
2025-11-26 04:39:35,308 epoch=28	global_step=22700	acc=0.3125	acc_avg=0.3876	loss=2.4226	loss_avg=2.4434	lr=0.0082	|gn|=3.8528	time=3.44it/s
2025-11-26 04:40:10,683 epoch=28	global_step=22800	acc=0.5000	acc_avg=0.3939	loss=2.3396	loss_avg=2.4361	lr=0.0082	|gn|=4.1421	time=3.44it/s
2025-11-26 04:40:46,048 epoch=28	global_step=22900	acc=0.4062	acc_avg=0.3921	loss=2.6805	loss_avg=2.4349	lr=0.0082	|gn|=4.9227	time=3.44it/s
2025-11-26 04:41:21,398 epoch=28	global_step=23000	acc=0.4062	acc_avg=0.3927	loss=2.2076	loss_avg=2.4309	lr=0.0082	|gn|=4.1783	time=3.44it/s
2025-11-26 04:41:56,726 epoch=28	global_step=23100	acc=0.5000	acc_avg=0.3934	loss=2.3062	loss_avg=2.4261	lr=0.0082	|gn|=3.9220	time=3.44it/s
2025-11-26 04:42:32,104 epoch=28	global_step=23200	acc=0.5000	acc_avg=0.3929	loss=2.7518	loss_avg=2.4336	lr=0.0082	|gn|=4.7265	time=3.44it/s
2025-11-26 04:43:07,473 epoch=28	global_step=23300	acc=0.3125	acc_avg=0.3922	loss=2.8044	loss_avg=2.4321	lr=0.0082	|gn|=4.9058	time=3.44it/s
2025-11-26 04:43:42,866 epoch=28	global_step=23400	acc=0.3750	acc_avg=0.3920	loss=2.4354	loss_avg=2.4285	lr=0.0082	|gn|=4.0029	time=3.44it/s
2025-11-26 04:43:53,908 ====================Eval Epoch 28====================
2025-11-26 04:43:56,575 epoch=28	global_step=31	acc=0.8750	acc_avg=0.4080	acc5=1.0000	acc5_avg=0.6970	loss=1.2017	loss_avg=2.4150	time=78.48it/s
2025-11-26 04:43:56,575 Eval Loss:2.4150	Eval acc: 40.80
2025-11-26 04:43:56,576 
2025-11-26 04:43:56,576 ====================Training Epoch 29====================
2025-11-26 04:44:21,679 epoch=29	global_step=23500	acc=0.3438	acc_avg=0.4139	loss=3.1072	loss_avg=2.3589	lr=0.0081	|gn|=4.5023	time=3.44it/s
2025-11-26 04:44:57,049 epoch=29	global_step=23600	acc=0.4375	acc_avg=0.4092	loss=2.2817	loss_avg=2.3837	lr=0.0081	|gn|=4.6560	time=3.44it/s
2025-11-26 04:45:32,416 epoch=29	global_step=23700	acc=0.3750	acc_avg=0.4049	loss=2.1119	loss_avg=2.3778	lr=0.0081	|gn|=4.0644	time=3.44it/s
2025-11-26 04:46:07,785 epoch=29	global_step=23800	acc=0.3438	acc_avg=0.4038	loss=2.2459	loss_avg=2.3743	lr=0.0081	|gn|=4.2200	time=3.44it/s
2025-11-26 04:46:43,145 epoch=29	global_step=23900	acc=0.2812	acc_avg=0.4054	loss=3.0561	loss_avg=2.3723	lr=0.0081	|gn|=4.0960	time=3.44it/s
2025-11-26 04:47:18,511 epoch=29	global_step=24000	acc=0.3438	acc_avg=0.4031	loss=2.6577	loss_avg=2.3740	lr=0.0081	|gn|=4.8434	time=3.44it/s
2025-11-26 04:47:53,887 epoch=29	global_step=24100	acc=0.4688	acc_avg=0.4026	loss=1.8593	loss_avg=2.3741	lr=0.0081	|gn|=3.6749	time=3.44it/s
2025-11-26 04:48:29,253 epoch=29	global_step=24200	acc=0.3125	acc_avg=0.4032	loss=2.6990	loss_avg=2.3783	lr=0.0081	|gn|=5.0639	time=3.44it/s
2025-11-26 04:48:43,127 ====================Eval Epoch 29====================
2025-11-26 04:48:45,766 epoch=29	global_step=31	acc=0.3750	acc_avg=0.4020	acc5=1.0000	acc5_avg=0.6900	loss=1.4140	loss_avg=2.4308	time=78.23it/s
2025-11-26 04:48:45,767 Eval Loss:2.4308	Eval acc: 40.20
2025-11-26 04:48:45,767 
2025-11-26 04:48:45,767 ====================Training Epoch 30====================
2025-11-26 04:49:07,920 epoch=30	global_step=24300	acc=0.3438	acc_avg=0.4011	loss=2.2838	loss_avg=2.3306	lr=0.0079	|gn|=4.1009	time=3.44it/s
2025-11-26 04:49:43,320 epoch=30	global_step=24400	acc=0.4688	acc_avg=0.4127	loss=2.3650	loss_avg=2.3152	lr=0.0079	|gn|=4.2915	time=3.43it/s
2025-11-26 04:50:18,713 epoch=30	global_step=24500	acc=0.5938	acc_avg=0.4161	loss=1.8878	loss_avg=2.3038	lr=0.0079	|gn|=3.9615	time=3.44it/s
2025-11-26 04:50:54,120 epoch=30	global_step=24600	acc=0.4375	acc_avg=0.4132	loss=2.1845	loss_avg=2.3315	lr=0.0079	|gn|=4.2092	time=3.44it/s
2025-11-26 04:51:29,512 epoch=30	global_step=24700	acc=0.4688	acc_avg=0.4113	loss=1.9794	loss_avg=2.3379	lr=0.0079	|gn|=4.6668	time=3.44it/s
2025-11-26 04:52:04,960 epoch=30	global_step=24800	acc=0.4375	acc_avg=0.4118	loss=2.3685	loss_avg=2.3367	lr=0.0079	|gn|=4.6132	time=3.44it/s
2025-11-26 04:52:40,424 epoch=30	global_step=24900	acc=0.3750	acc_avg=0.4111	loss=2.5536	loss_avg=2.3399	lr=0.0079	|gn|=4.1775	time=3.44it/s
2025-11-26 04:53:15,822 epoch=30	global_step=25000	acc=0.3125	acc_avg=0.4119	loss=2.5935	loss_avg=2.3309	lr=0.0079	|gn|=5.0775	time=3.44it/s
2025-11-26 04:53:32,477 ====================Eval Epoch 30====================
2025-11-26 04:53:35,108 epoch=30	global_step=31	acc=0.5000	acc_avg=0.4120	acc5=1.0000	acc5_avg=0.7270	loss=1.5685	loss_avg=2.3041	time=78.81it/s
2025-11-26 04:53:35,108 Eval Loss:2.3041	Eval acc: 41.20
2025-11-26 04:53:35,109 
2025-11-26 04:53:35,109 ====================Training Epoch 31====================
2025-11-26 04:53:54,433 epoch=31	global_step=25100	acc=0.3438	acc_avg=0.4198	loss=2.2927	loss_avg=2.2963	lr=0.0078	|gn|=4.2916	time=3.44it/s
2025-11-26 04:54:29,805 epoch=31	global_step=25200	acc=0.4688	acc_avg=0.4187	loss=2.3002	loss_avg=2.2856	lr=0.0078	|gn|=4.0091	time=3.44it/s
2025-11-26 04:55:05,170 epoch=31	global_step=25300	acc=0.2812	acc_avg=0.4208	loss=2.5938	loss_avg=2.2803	lr=0.0078	|gn|=4.8995	time=3.44it/s
2025-11-26 04:55:40,531 epoch=31	global_step=25400	acc=0.3750	acc_avg=0.4226	loss=2.2686	loss_avg=2.2691	lr=0.0078	|gn|=4.4295	time=3.44it/s
2025-11-26 04:56:15,907 epoch=31	global_step=25500	acc=0.3750	acc_avg=0.4218	loss=2.2955	loss_avg=2.2713	lr=0.0078	|gn|=4.7148	time=3.44it/s
2025-11-26 04:56:51,296 epoch=31	global_step=25600	acc=0.4375	acc_avg=0.4215	loss=2.1362	loss_avg=2.2761	lr=0.0078	|gn|=4.4800	time=3.44it/s
2025-11-26 04:57:26,683 epoch=31	global_step=25700	acc=0.3438	acc_avg=0.4230	loss=2.8243	loss_avg=2.2716	lr=0.0078	|gn|=4.6390	time=3.44it/s
2025-11-26 04:58:02,062 epoch=31	global_step=25800	acc=0.3750	acc_avg=0.4214	loss=2.2479	loss_avg=2.2741	lr=0.0078	|gn|=4.6799	time=3.44it/s
2025-11-26 04:58:21,581 ====================Eval Epoch 31====================
2025-11-26 04:58:24,233 epoch=31	global_step=31	acc=0.5000	acc_avg=0.4410	acc5=1.0000	acc5_avg=0.7370	loss=1.5975	loss_avg=2.2171	time=78.61it/s
2025-11-26 04:58:24,234 Eval Loss:2.2171	Eval acc: 44.10
2025-11-26 04:58:24,234 
2025-11-26 04:58:24,234 ====================Training Epoch 32====================
2025-11-26 04:58:40,760 epoch=32	global_step=25900	acc=0.3438	acc_avg=0.4403	loss=2.6372	loss_avg=2.1993	lr=0.0077	|gn|=5.7227	time=3.44it/s
2025-11-26 04:59:16,163 epoch=32	global_step=26000	acc=0.2188	acc_avg=0.4453	loss=2.4133	loss_avg=2.1692	lr=0.0077	|gn|=5.7541	time=3.44it/s
2025-11-26 04:59:51,573 epoch=32	global_step=26100	acc=0.5938	acc_avg=0.4454	loss=1.7028	loss_avg=2.1585	lr=0.0077	|gn|=4.0039	time=3.44it/s
2025-11-26 05:00:26,986 epoch=32	global_step=26200	acc=0.5312	acc_avg=0.4435	loss=2.0809	loss_avg=2.1744	lr=0.0077	|gn|=3.7006	time=3.44it/s
2025-11-26 05:01:02,398 epoch=32	global_step=26300	acc=0.4375	acc_avg=0.4413	loss=2.3616	loss_avg=2.1946	lr=0.0077	|gn|=4.1876	time=3.44it/s
2025-11-26 05:01:37,801 epoch=32	global_step=26400	acc=0.4375	acc_avg=0.4397	loss=1.9864	loss_avg=2.2005	lr=0.0077	|gn|=4.5802	time=3.44it/s
2025-11-26 05:02:13,182 epoch=32	global_step=26500	acc=0.2500	acc_avg=0.4386	loss=2.4923	loss_avg=2.2060	lr=0.0077	|gn|=4.2650	time=3.44it/s
2025-11-26 05:02:48,566 epoch=32	global_step=26600	acc=0.4062	acc_avg=0.4376	loss=2.1563	loss_avg=2.2100	lr=0.0077	|gn|=4.4142	time=3.44it/s
2025-11-26 05:03:10,898 ====================Eval Epoch 32====================
2025-11-26 05:03:13,440 epoch=32	global_step=31	acc=0.8750	acc_avg=0.4370	acc5=1.0000	acc5_avg=0.7130	loss=0.5769	loss_avg=2.2111	time=78.73it/s
2025-11-26 05:03:13,441 Eval Loss:2.2111	Eval acc: 43.70
2025-11-26 05:03:13,441 
2025-11-26 05:03:13,441 ====================Training Epoch 33====================
2025-11-26 05:03:27,153 epoch=33	global_step=26700	acc=0.3438	acc_avg=0.3978	loss=2.5576	loss_avg=2.3623	lr=0.0075	|gn|=5.1719	time=3.44it/s
2025-11-26 05:04:02,548 epoch=33	global_step=26800	acc=0.4062	acc_avg=0.4354	loss=2.1777	loss_avg=2.2276	lr=0.0075	|gn|=4.0606	time=3.44it/s
2025-11-26 05:04:37,943 epoch=33	global_step=26900	acc=0.5625	acc_avg=0.4436	loss=1.8388	loss_avg=2.1863	lr=0.0075	|gn|=4.2832	time=3.44it/s
2025-11-26 05:05:13,335 epoch=33	global_step=27000	acc=0.4062	acc_avg=0.4442	loss=2.0190	loss_avg=2.1808	lr=0.0075	|gn|=3.9478	time=3.44it/s
2025-11-26 05:05:48,694 epoch=33	global_step=27100	acc=0.5625	acc_avg=0.4441	loss=1.9597	loss_avg=2.1854	lr=0.0075	|gn|=4.1887	time=3.44it/s
2025-11-26 05:06:24,064 epoch=33	global_step=27200	acc=0.4688	acc_avg=0.4437	loss=1.8407	loss_avg=2.1896	lr=0.0075	|gn|=3.9157	time=3.45it/s
2025-11-26 05:06:59,435 epoch=33	global_step=27300	acc=0.4375	acc_avg=0.4448	loss=2.1387	loss_avg=2.1923	lr=0.0075	|gn|=4.6014	time=3.44it/s
2025-11-26 05:07:34,792 epoch=33	global_step=27400	acc=0.4375	acc_avg=0.4443	loss=2.1561	loss_avg=2.1906	lr=0.0075	|gn|=5.2782	time=3.44it/s
2025-11-26 05:07:59,944 ====================Eval Epoch 33====================
2025-11-26 05:08:02,613 epoch=33	global_step=31	acc=0.6250	acc_avg=0.4410	acc5=1.0000	acc5_avg=0.7210	loss=1.4634	loss_avg=2.2235	time=78.75it/s
2025-11-26 05:08:02,614 Eval Loss:2.2235	Eval acc: 44.10
2025-11-26 05:08:02,614 
2025-11-26 05:08:02,614 ====================Training Epoch 34====================
2025-11-26 05:08:13,469 epoch=34	global_step=27500	acc=0.4375	acc_avg=0.4547	loss=2.5283	loss_avg=2.1369	lr=0.0074	|gn|=4.8269	time=3.44it/s
2025-11-26 05:08:48,828 epoch=34	global_step=27600	acc=0.5312	acc_avg=0.4576	loss=2.1010	loss_avg=2.1483	lr=0.0074	|gn|=4.5764	time=3.44it/s
2025-11-26 05:09:24,210 epoch=34	global_step=27700	acc=0.3438	acc_avg=0.4506	loss=2.4125	loss_avg=2.1778	lr=0.0074	|gn|=4.5055	time=3.44it/s
2025-11-26 05:09:59,686 epoch=34	global_step=27800	acc=0.5312	acc_avg=0.4522	loss=1.8513	loss_avg=2.1682	lr=0.0074	|gn|=4.2351	time=3.43it/s
2025-11-26 05:10:34,737 epoch=34	global_step=27900	acc=0.5312	acc_avg=0.4532	loss=1.8968	loss_avg=2.1570	lr=0.0074	|gn|=4.3341	time=3.45it/s
2025-11-26 05:11:09,797 epoch=34	global_step=28000	acc=0.5000	acc_avg=0.4563	loss=2.0496	loss_avg=2.1461	lr=0.0074	|gn|=4.8671	time=3.43it/s
2025-11-26 05:11:44,870 epoch=34	global_step=28100	acc=0.5000	acc_avg=0.4548	loss=2.1051	loss_avg=2.1435	lr=0.0074	|gn|=4.2329	time=3.44it/s
2025-11-26 05:12:19,916 epoch=34	global_step=28200	acc=0.5312	acc_avg=0.4560	loss=2.0917	loss_avg=2.1438	lr=0.0074	|gn|=4.2388	time=3.44it/s
2025-11-26 05:12:47,665 ====================Eval Epoch 34====================
2025-11-26 05:12:50,300 epoch=34	global_step=31	acc=0.3750	acc_avg=0.4520	acc5=0.7500	acc5_avg=0.7220	loss=1.8488	loss_avg=2.2302	time=78.69it/s
2025-11-26 05:12:50,300 Eval Loss:2.2302	Eval acc: 45.20
2025-11-26 05:12:50,301 
2025-11-26 05:12:50,301 ====================Training Epoch 35====================
2025-11-26 05:12:58,222 epoch=35	global_step=28300	acc=0.3125	acc_avg=0.4613	loss=2.2440	loss_avg=2.1356	lr=0.0073	|gn|=4.7410	time=3.43it/s
2025-11-26 05:13:33,282 epoch=35	global_step=28400	acc=0.5000	acc_avg=0.4734	loss=1.8044	loss_avg=2.0928	lr=0.0073	|gn|=3.8320	time=3.44it/s
2025-11-26 05:14:08,335 epoch=35	global_step=28500	acc=0.2500	acc_avg=0.4704	loss=2.9220	loss_avg=2.1065	lr=0.0073	|gn|=5.0067	time=3.44it/s
2025-11-26 05:14:43,347 epoch=35	global_step=28600	acc=0.4062	acc_avg=0.4665	loss=2.4545	loss_avg=2.1108	lr=0.0073	|gn|=4.8621	time=3.44it/s
2025-11-26 05:15:18,462 epoch=35	global_step=28700	acc=0.4062	acc_avg=0.4696	loss=2.2677	loss_avg=2.0939	lr=0.0073	|gn|=5.8231	time=3.44it/s
2025-11-26 05:15:53,585 epoch=35	global_step=28800	acc=0.6562	acc_avg=0.4675	loss=1.6189	loss_avg=2.0938	lr=0.0073	|gn|=3.9882	time=3.44it/s
2025-11-26 05:16:28,845 epoch=35	global_step=28900	acc=0.4688	acc_avg=0.4684	loss=2.0814	loss_avg=2.0922	lr=0.0073	|gn|=4.5269	time=3.44it/s
2025-11-26 05:17:04,153 epoch=35	global_step=29000	acc=0.4062	acc_avg=0.4659	loss=2.2483	loss_avg=2.0991	lr=0.0073	|gn|=5.1219	time=3.44it/s
2025-11-26 05:17:34,974 ====================Eval Epoch 35====================
2025-11-26 05:17:37,610 epoch=35	global_step=31	acc=0.7500	acc_avg=0.4640	acc5=1.0000	acc5_avg=0.7450	loss=0.8871	loss_avg=2.1634	time=78.20it/s
2025-11-26 05:17:37,610 Eval Loss:2.1634	Eval acc: 46.40
2025-11-26 05:17:37,611 
2025-11-26 05:17:37,611 ====================Training Epoch 36====================
2025-11-26 05:17:42,820 epoch=36	global_step=29100	acc=0.5000	acc_avg=0.4784	loss=1.9021	loss_avg=2.0057	lr=0.0071	|gn|=4.7457	time=3.44it/s
2025-11-26 05:18:18,179 epoch=36	global_step=29200	acc=0.5000	acc_avg=0.4671	loss=1.9536	loss_avg=2.0632	lr=0.0071	|gn|=4.4984	time=3.44it/s
2025-11-26 05:18:53,492 epoch=36	global_step=29300	acc=0.6250	acc_avg=0.4670	loss=2.0461	loss_avg=2.0525	lr=0.0071	|gn|=4.0352	time=3.44it/s
2025-11-26 05:19:28,760 epoch=36	global_step=29400	acc=0.4688	acc_avg=0.4628	loss=2.2872	loss_avg=2.0612	lr=0.0071	|gn|=4.5046	time=3.44it/s
2025-11-26 05:20:03,987 epoch=36	global_step=29500	acc=0.3438	acc_avg=0.4650	loss=2.6652	loss_avg=2.0542	lr=0.0071	|gn|=5.3965	time=3.44it/s
2025-11-26 05:20:39,196 epoch=36	global_step=29600	acc=0.5625	acc_avg=0.4678	loss=1.5851	loss_avg=2.0607	lr=0.0071	|gn|=3.7223	time=3.44it/s
2025-11-26 05:21:14,457 epoch=36	global_step=29700	acc=0.5625	acc_avg=0.4700	loss=2.2970	loss_avg=2.0582	lr=0.0071	|gn|=4.4935	time=3.45it/s
2025-11-26 05:21:49,791 epoch=36	global_step=29800	acc=0.4375	acc_avg=0.4690	loss=1.7209	loss_avg=2.0613	lr=0.0071	|gn|=4.2149	time=3.44it/s
2025-11-26 05:22:23,397 ====================Eval Epoch 36====================
2025-11-26 05:22:26,046 epoch=36	global_step=31	acc=0.6250	acc_avg=0.4710	acc5=0.8750	acc5_avg=0.7590	loss=1.8013	loss_avg=2.0993	time=78.08it/s
2025-11-26 05:22:26,046 Eval Loss:2.0993	Eval acc: 47.10
2025-11-26 05:22:26,047 
2025-11-26 05:22:26,047 ====================Training Epoch 37====================
2025-11-26 05:22:28,407 epoch=37	global_step=29900	acc=0.4375	acc_avg=0.4375	loss=2.3399	loss_avg=2.2279	lr=0.0070	|gn|=5.1938	time=3.44it/s
2025-11-26 05:23:03,756 epoch=37	global_step=30000	acc=0.4688	acc_avg=0.4747	loss=2.2019	loss_avg=2.0157	lr=0.0070	|gn|=5.5764	time=3.44it/s
2025-11-26 05:23:39,131 epoch=37	global_step=30100	acc=0.5625	acc_avg=0.4813	loss=1.6739	loss_avg=2.0212	lr=0.0070	|gn|=3.9673	time=3.44it/s
2025-11-26 05:24:14,445 epoch=37	global_step=30200	acc=0.4688	acc_avg=0.4842	loss=2.0225	loss_avg=1.9987	lr=0.0070	|gn|=4.4988	time=3.44it/s
2025-11-26 05:24:49,743 epoch=37	global_step=30300	acc=0.4062	acc_avg=0.4835	loss=2.3257	loss_avg=2.0043	lr=0.0070	|gn|=4.5475	time=3.44it/s
2025-11-26 05:25:25,058 epoch=37	global_step=30400	acc=0.4375	acc_avg=0.4822	loss=1.9528	loss_avg=2.0117	lr=0.0070	|gn|=4.9695	time=3.44it/s
2025-11-26 05:26:00,382 epoch=37	global_step=30500	acc=0.5312	acc_avg=0.4828	loss=1.9237	loss_avg=2.0082	lr=0.0070	|gn|=4.6801	time=3.44it/s
2025-11-26 05:26:35,728 epoch=37	global_step=30600	acc=0.3125	acc_avg=0.4832	loss=2.7698	loss_avg=2.0123	lr=0.0070	|gn|=5.4873	time=3.45it/s
2025-11-26 05:27:11,030 epoch=37	global_step=30700	acc=0.3438	acc_avg=0.4820	loss=2.5148	loss_avg=2.0167	lr=0.0070	|gn|=5.1506	time=3.44it/s
2025-11-26 05:27:12,148 ====================Eval Epoch 37====================
2025-11-26 05:27:14,809 epoch=37	global_step=31	acc=0.7500	acc_avg=0.4710	acc5=1.0000	acc5_avg=0.7560	loss=0.8958	loss_avg=2.1168	time=78.28it/s
2025-11-26 05:27:14,809 Eval Loss:2.1168	Eval acc: 47.10
2025-11-26 05:27:14,810 
2025-11-26 05:27:14,810 ====================Training Epoch 38====================
2025-11-26 05:27:49,725 epoch=38	global_step=30800	acc=0.5312	acc_avg=0.4974	loss=1.8372	loss_avg=1.9702	lr=0.0068	|gn|=4.5647	time=3.44it/s
2025-11-26 05:28:25,072 epoch=38	global_step=30900	acc=0.4688	acc_avg=0.4938	loss=1.9804	loss_avg=1.9846	lr=0.0068	|gn|=4.5709	time=3.44it/s
2025-11-26 05:29:00,444 epoch=38	global_step=31000	acc=0.5625	acc_avg=0.4948	loss=2.1097	loss_avg=1.9827	lr=0.0068	|gn|=4.4672	time=3.45it/s
2025-11-26 05:29:35,796 epoch=38	global_step=31100	acc=0.4688	acc_avg=0.4932	loss=2.0167	loss_avg=1.9849	lr=0.0068	|gn|=6.3838	time=3.45it/s
2025-11-26 05:30:11,139 epoch=38	global_step=31200	acc=0.5938	acc_avg=0.4927	loss=1.6961	loss_avg=1.9791	lr=0.0068	|gn|=4.1214	time=3.44it/s
2025-11-26 05:30:46,506 epoch=38	global_step=31300	acc=0.5625	acc_avg=0.4914	loss=1.6899	loss_avg=1.9768	lr=0.0068	|gn|=4.8702	time=3.45it/s
2025-11-26 05:31:21,768 epoch=38	global_step=31400	acc=0.5625	acc_avg=0.4922	loss=1.7598	loss_avg=1.9754	lr=0.0068	|gn|=5.0081	time=3.45it/s
2025-11-26 05:31:57,066 epoch=38	global_step=31500	acc=0.3750	acc_avg=0.4917	loss=2.0172	loss_avg=1.9748	lr=0.0068	|gn|=4.8923	time=3.44it/s
2025-11-26 05:32:00,993 ====================Eval Epoch 38====================
2025-11-26 05:32:03,631 epoch=38	global_step=31	acc=0.8750	acc_avg=0.4860	acc5=1.0000	acc5_avg=0.7720	loss=0.9206	loss_avg=2.0272	time=78.52it/s
2025-11-26 05:32:03,632 Eval Loss:2.0272	Eval acc: 48.60
2025-11-26 05:32:03,632 
2025-11-26 05:32:03,632 ====================Training Epoch 39====================
2025-11-26 05:32:35,654 epoch=39	global_step=31600	acc=0.4375	acc_avg=0.4979	loss=1.8493	loss_avg=1.9519	lr=0.0067	|gn|=4.4004	time=3.45it/s
2025-11-26 05:33:10,967 epoch=39	global_step=31700	acc=0.5000	acc_avg=0.5051	loss=1.7466	loss_avg=1.9413	lr=0.0067	|gn|=4.2628	time=3.44it/s
2025-11-26 05:33:46,323 epoch=39	global_step=31800	acc=0.5312	acc_avg=0.5062	loss=2.0691	loss_avg=1.9317	lr=0.0067	|gn|=4.5600	time=3.45it/s
2025-11-26 05:34:21,781 epoch=39	global_step=31900	acc=0.5000	acc_avg=0.5035	loss=2.1195	loss_avg=1.9422	lr=0.0067	|gn|=4.9047	time=3.45it/s
2025-11-26 05:34:57,210 epoch=39	global_step=32000	acc=0.5625	acc_avg=0.5031	loss=1.7384	loss_avg=1.9428	lr=0.0067	|gn|=4.0092	time=3.45it/s
2025-11-26 05:35:32,554 epoch=39	global_step=32100	acc=0.5938	acc_avg=0.5014	loss=1.4917	loss_avg=1.9458	lr=0.0067	|gn|=3.9074	time=3.44it/s
2025-11-26 05:36:07,948 epoch=39	global_step=32200	acc=0.4062	acc_avg=0.5001	loss=2.0401	loss_avg=1.9466	lr=0.0067	|gn|=5.3076	time=3.43it/s
2025-11-26 05:36:43,293 epoch=39	global_step=32300	acc=0.4688	acc_avg=0.5019	loss=1.8271	loss_avg=1.9407	lr=0.0067	|gn|=3.8392	time=3.45it/s
2025-11-26 05:36:50,070 ====================Eval Epoch 39====================
2025-11-26 05:36:52,706 epoch=39	global_step=31	acc=0.7500	acc_avg=0.4980	acc5=1.0000	acc5_avg=0.7700	loss=0.6787	loss_avg=2.0211	time=78.47it/s
2025-11-26 05:36:52,706 Eval Loss:2.0211	Eval acc: 49.80
2025-11-26 05:36:52,706 
2025-11-26 05:36:52,706 ====================Training Epoch 40====================
2025-11-26 05:37:21,970 epoch=40	global_step=32400	acc=0.5625	acc_avg=0.5035	loss=1.8285	loss_avg=1.8973	lr=0.0065	|gn|=4.1281	time=3.43it/s
2025-11-26 05:37:57,384 epoch=40	global_step=32500	acc=0.5312	acc_avg=0.5140	loss=1.6604	loss_avg=1.8762	lr=0.0065	|gn|=4.8968	time=3.44it/s
2025-11-26 05:38:32,738 epoch=40	global_step=32600	acc=0.6250	acc_avg=0.5136	loss=1.8997	loss_avg=1.8857	lr=0.0065	|gn|=4.6197	time=3.45it/s
2025-11-26 05:39:08,125 epoch=40	global_step=32700	acc=0.5000	acc_avg=0.5056	loss=1.7801	loss_avg=1.9064	lr=0.0065	|gn|=4.5437	time=3.45it/s
2025-11-26 05:39:43,509 epoch=40	global_step=32800	acc=0.5938	acc_avg=0.5055	loss=2.2424	loss_avg=1.9090	lr=0.0065	|gn|=5.4933	time=3.44it/s
2025-11-26 05:40:18,955 epoch=40	global_step=32900	acc=0.4062	acc_avg=0.5037	loss=2.3808	loss_avg=1.9181	lr=0.0065	|gn|=4.9722	time=3.44it/s
2025-11-26 05:40:54,402 epoch=40	global_step=33000	acc=0.5625	acc_avg=0.5039	loss=2.0444	loss_avg=1.9168	lr=0.0065	|gn|=6.4992	time=3.44it/s
2025-11-26 05:41:29,861 epoch=40	global_step=33100	acc=0.5625	acc_avg=0.5036	loss=1.6139	loss_avg=1.9205	lr=0.0065	|gn|=4.3012	time=3.44it/s
2025-11-26 05:41:39,451 ====================Eval Epoch 40====================
2025-11-26 05:41:42,256 epoch=40	global_step=31	acc=0.8750	acc_avg=0.4910	acc5=0.8750	acc5_avg=0.7820	loss=0.9981	loss_avg=2.1288	time=78.69it/s
2025-11-26 05:41:42,256 Eval Loss:2.1288	Eval acc: 49.10
2025-11-26 05:41:42,257 
2025-11-26 05:41:42,257 ====================Training Epoch 41====================
2025-11-26 05:42:08,727 epoch=41	global_step=33200	acc=0.4688	acc_avg=0.5445	loss=1.6996	loss_avg=1.7840	lr=0.0064	|gn|=5.2136	time=3.45it/s
2025-11-26 05:42:44,119 epoch=41	global_step=33300	acc=0.5312	acc_avg=0.5359	loss=1.4228	loss_avg=1.8053	lr=0.0064	|gn|=4.4091	time=3.45it/s
2025-11-26 05:43:19,522 epoch=41	global_step=33400	acc=0.5312	acc_avg=0.5296	loss=1.7431	loss_avg=1.8299	lr=0.0064	|gn|=4.0441	time=3.45it/s
2025-11-26 05:43:54,926 epoch=41	global_step=33500	acc=0.4688	acc_avg=0.5258	loss=2.2067	loss_avg=1.8401	lr=0.0064	|gn|=4.7963	time=3.44it/s
2025-11-26 05:44:30,322 epoch=41	global_step=33600	acc=0.4688	acc_avg=0.5253	loss=1.8155	loss_avg=1.8380	lr=0.0064	|gn|=4.4972	time=3.45it/s
2025-11-26 05:45:05,726 epoch=41	global_step=33700	acc=0.5000	acc_avg=0.5212	loss=1.9147	loss_avg=1.8506	lr=0.0064	|gn|=4.6394	time=3.44it/s
2025-11-26 05:45:41,164 epoch=41	global_step=33800	acc=0.5000	acc_avg=0.5231	loss=1.8711	loss_avg=1.8484	lr=0.0064	|gn|=4.1435	time=3.44it/s
2025-11-26 05:46:16,572 epoch=41	global_step=33900	acc=0.3750	acc_avg=0.5198	loss=2.3858	loss_avg=1.8599	lr=0.0064	|gn|=4.9896	time=3.44it/s
2025-11-26 05:46:29,041 ====================Eval Epoch 41====================
2025-11-26 05:46:31,673 epoch=41	global_step=31	acc=0.6250	acc_avg=0.5120	acc5=0.8750	acc5_avg=0.7690	loss=1.1880	loss_avg=1.9313	time=78.71it/s
2025-11-26 05:46:31,673 Eval Loss:1.9313	Eval acc: 51.20
2025-11-26 05:46:31,674 
2025-11-26 05:46:31,674 ====================Training Epoch 42====================
2025-11-26 05:46:55,297 epoch=42	global_step=34000	acc=0.4688	acc_avg=0.5399	loss=1.8690	loss_avg=1.8007	lr=0.0062	|gn|=5.4050	time=3.45it/s
2025-11-26 05:47:30,723 epoch=42	global_step=34100	acc=0.4375	acc_avg=0.5307	loss=1.9212	loss_avg=1.8034	lr=0.0062	|gn|=5.2875	time=3.45it/s
2025-11-26 05:48:06,106 epoch=42	global_step=34200	acc=0.3125	acc_avg=0.5349	loss=2.5372	loss_avg=1.7964	lr=0.0062	|gn|=6.2756	time=3.45it/s
2025-11-26 05:48:41,532 epoch=42	global_step=34300	acc=0.5312	acc_avg=0.5366	loss=1.8026	loss_avg=1.8017	lr=0.0062	|gn|=4.8373	time=3.45it/s
2025-11-26 05:49:16,978 epoch=42	global_step=34400	acc=0.5938	acc_avg=0.5310	loss=1.6459	loss_avg=1.8227	lr=0.0062	|gn|=4.2359	time=3.44it/s
2025-11-26 05:49:52,425 epoch=42	global_step=34500	acc=0.6562	acc_avg=0.5307	loss=1.4046	loss_avg=1.8152	lr=0.0062	|gn|=3.7612	time=3.44it/s
2025-11-26 05:50:27,826 epoch=42	global_step=34600	acc=0.4688	acc_avg=0.5303	loss=1.7042	loss_avg=1.8235	lr=0.0062	|gn|=5.3137	time=3.45it/s
2025-11-26 05:51:03,268 epoch=42	global_step=34700	acc=0.5625	acc_avg=0.5297	loss=1.7410	loss_avg=1.8254	lr=0.0062	|gn|=4.8883	time=3.44it/s
2025-11-26 05:51:18,606 ====================Eval Epoch 42====================
2025-11-26 05:51:21,254 epoch=42	global_step=31	acc=0.7500	acc_avg=0.5020	acc5=1.0000	acc5_avg=0.7750	loss=1.0070	loss_avg=2.0015	time=78.61it/s
2025-11-26 05:51:21,255 Eval Loss:2.0015	Eval acc: 50.20
2025-11-26 05:51:21,255 
2025-11-26 05:51:21,255 ====================Training Epoch 43====================
2025-11-26 05:51:42,026 epoch=43	global_step=34800	acc=0.6562	acc_avg=0.5499	loss=1.5012	loss_avg=1.7596	lr=0.0061	|gn|=4.8717	time=3.45it/s
2025-11-26 05:52:17,530 epoch=43	global_step=34900	acc=0.6875	acc_avg=0.5414	loss=1.0219	loss_avg=1.7884	lr=0.0061	|gn|=4.2321	time=3.44it/s
2025-11-26 05:52:52,546 epoch=43	global_step=35000	acc=0.5625	acc_avg=0.5469	loss=1.6539	loss_avg=1.7724	lr=0.0061	|gn|=5.2051	time=3.45it/s
2025-11-26 05:53:27,581 epoch=43	global_step=35100	acc=0.5625	acc_avg=0.5439	loss=2.0064	loss_avg=1.7783	lr=0.0061	|gn|=4.8711	time=3.44it/s
2025-11-26 05:54:02,605 epoch=43	global_step=35200	acc=0.4375	acc_avg=0.5402	loss=2.2030	loss_avg=1.7838	lr=0.0061	|gn|=5.6948	time=3.45it/s
2025-11-26 05:54:37,658 epoch=43	global_step=35300	acc=0.4688	acc_avg=0.5397	loss=1.9636	loss_avg=1.7838	lr=0.0061	|gn|=5.3201	time=3.44it/s
2025-11-26 05:55:12,636 epoch=43	global_step=35400	acc=0.5625	acc_avg=0.5391	loss=1.8366	loss_avg=1.7850	lr=0.0061	|gn|=5.0535	time=3.45it/s
2025-11-26 05:55:47,661 epoch=43	global_step=35500	acc=0.5938	acc_avg=0.5382	loss=1.7408	loss_avg=1.7873	lr=0.0061	|gn|=4.6092	time=3.44it/s
2025-11-26 05:56:05,543 ====================Eval Epoch 43====================
2025-11-26 05:56:08,130 epoch=43	global_step=31	acc=1.0000	acc_avg=0.5130	acc5=1.0000	acc5_avg=0.7830	loss=0.2611	loss_avg=1.9987	time=78.56it/s
2025-11-26 05:56:08,131 Eval Loss:1.9987	Eval acc: 51.30
2025-11-26 05:56:08,131 
2025-11-26 05:56:08,131 ====================Training Epoch 44====================
2025-11-26 05:56:25,871 epoch=44	global_step=35600	acc=0.3438	acc_avg=0.5223	loss=2.2048	loss_avg=1.8341	lr=0.0059	|gn|=6.1959	time=3.44it/s
2025-11-26 05:57:00,892 epoch=44	global_step=35700	acc=0.6250	acc_avg=0.5371	loss=1.6554	loss_avg=1.7828	lr=0.0059	|gn|=4.6470	time=3.44it/s
2025-11-26 05:57:35,915 epoch=44	global_step=35800	acc=0.5938	acc_avg=0.5379	loss=2.1400	loss_avg=1.7757	lr=0.0059	|gn|=5.7284	time=3.45it/s
2025-11-26 05:58:10,925 epoch=44	global_step=35900	acc=0.4062	acc_avg=0.5361	loss=2.4275	loss_avg=1.7855	lr=0.0059	|gn|=5.4097	time=3.44it/s
2025-11-26 05:58:45,928 epoch=44	global_step=36000	acc=0.4375	acc_avg=0.5383	loss=2.1172	loss_avg=1.7770	lr=0.0059	|gn|=5.1240	time=3.44it/s
2025-11-26 05:59:20,918 epoch=44	global_step=36100	acc=0.5938	acc_avg=0.5391	loss=1.7999	loss_avg=1.7743	lr=0.0059	|gn|=5.0409	time=3.45it/s
2025-11-26 05:59:55,913 epoch=44	global_step=36200	acc=0.7188	acc_avg=0.5391	loss=1.1931	loss_avg=1.7730	lr=0.0059	|gn|=4.1500	time=3.45it/s
2025-11-26 06:00:30,888 epoch=44	global_step=36300	acc=0.3750	acc_avg=0.5381	loss=1.8361	loss_avg=1.7690	lr=0.0059	|gn|=5.4522	time=3.45it/s
2025-11-26 06:00:51,562 ====================Eval Epoch 44====================
2025-11-26 06:00:54,167 epoch=44	global_step=31	acc=0.7500	acc_avg=0.5060	acc5=1.0000	acc5_avg=0.7720	loss=0.8334	loss_avg=2.2461	time=78.97it/s
2025-11-26 06:00:54,167 Eval Loss:2.2461	Eval acc: 50.60
2025-11-26 06:00:54,168 
2025-11-26 06:00:54,168 ====================Training Epoch 45====================
2025-11-26 06:01:09,126 epoch=45	global_step=36400	acc=0.6250	acc_avg=0.5838	loss=1.7568	loss_avg=1.6450	lr=0.0058	|gn|=4.5196	time=3.45it/s
2025-11-26 06:01:44,142 epoch=45	global_step=36500	acc=0.5938	acc_avg=0.5667	loss=1.6189	loss_avg=1.6878	lr=0.0058	|gn|=4.8894	time=3.45it/s
2025-11-26 06:02:19,155 epoch=45	global_step=36600	acc=0.5000	acc_avg=0.5567	loss=1.9711	loss_avg=1.7074	lr=0.0058	|gn|=5.3565	time=3.45it/s
2025-11-26 06:02:54,145 epoch=45	global_step=36700	acc=0.5625	acc_avg=0.5516	loss=2.0500	loss_avg=1.7176	lr=0.0058	|gn|=4.9984	time=3.44it/s
2025-11-26 06:03:29,172 epoch=45	global_step=36800	acc=0.5312	acc_avg=0.5524	loss=1.8303	loss_avg=1.7168	lr=0.0058	|gn|=5.3954	time=3.44it/s
2025-11-26 06:04:04,225 epoch=45	global_step=36900	acc=0.5625	acc_avg=0.5519	loss=1.7362	loss_avg=1.7182	lr=0.0058	|gn|=5.7273	time=3.45it/s
2025-11-26 06:04:39,265 epoch=45	global_step=37000	acc=0.4375	acc_avg=0.5506	loss=2.1449	loss_avg=1.7204	lr=0.0058	|gn|=5.7353	time=3.44it/s
2025-11-26 06:05:14,298 epoch=45	global_step=37100	acc=0.5312	acc_avg=0.5506	loss=1.8831	loss_avg=1.7266	lr=0.0058	|gn|=4.9031	time=3.44it/s
2025-11-26 06:05:37,817 ====================Eval Epoch 45====================
2025-11-26 06:05:40,412 epoch=45	global_step=31	acc=0.5000	acc_avg=0.5460	acc5=0.8750	acc5_avg=0.8020	loss=1.5116	loss_avg=1.8568	time=78.89it/s
2025-11-26 06:05:40,413 Eval Loss:1.8568	Eval acc: 54.60
2025-11-26 06:05:40,413 
2025-11-26 06:05:40,413 ====================Training Epoch 46====================
2025-11-26 06:05:52,515 epoch=46	global_step=37200	acc=0.5312	acc_avg=0.5559	loss=1.5221	loss_avg=1.7235	lr=0.0056	|gn|=4.9040	time=3.44it/s
2025-11-26 06:06:27,534 epoch=46	global_step=37300	acc=0.5938	acc_avg=0.5693	loss=1.6231	loss_avg=1.6783	lr=0.0056	|gn|=4.6516	time=3.45it/s
2025-11-26 06:07:02,560 epoch=46	global_step=37400	acc=0.5000	acc_avg=0.5719	loss=1.8208	loss_avg=1.6647	lr=0.0056	|gn|=5.3303	time=3.44it/s
2025-11-26 06:07:37,593 epoch=46	global_step=37500	acc=0.5625	acc_avg=0.5668	loss=1.4536	loss_avg=1.6699	lr=0.0056	|gn|=4.2157	time=3.44it/s
2025-11-26 06:08:12,624 epoch=46	global_step=37600	acc=0.5625	acc_avg=0.5669	loss=2.0060	loss_avg=1.6703	lr=0.0056	|gn|=5.2225	time=3.44it/s
2025-11-26 06:08:47,653 epoch=46	global_step=37700	acc=0.5000	acc_avg=0.5660	loss=1.8471	loss_avg=1.6781	lr=0.0056	|gn|=5.8258	time=3.44it/s
2025-11-26 06:09:22,674 epoch=46	global_step=37800	acc=0.5625	acc_avg=0.5616	loss=1.6814	loss_avg=1.6895	lr=0.0056	|gn|=5.4751	time=3.44it/s
2025-11-26 06:09:57,700 epoch=46	global_step=37900	acc=0.5312	acc_avg=0.5593	loss=1.8953	loss_avg=1.7005	lr=0.0056	|gn|=5.8374	time=3.44it/s
2025-11-26 06:10:24,019 ====================Eval Epoch 46====================
2025-11-26 06:10:26,609 epoch=46	global_step=31	acc=0.7500	acc_avg=0.5080	acc5=1.0000	acc5_avg=0.7960	loss=0.5673	loss_avg=1.9695	time=78.66it/s
2025-11-26 06:10:26,609 Eval Loss:1.9695	Eval acc: 50.80
2025-11-26 06:10:26,610 
2025-11-26 06:10:26,610 ====================Training Epoch 47====================
2025-11-26 06:10:35,935 epoch=47	global_step=38000	acc=0.6875	acc_avg=0.5600	loss=1.1212	loss_avg=1.7016	lr=0.0055	|gn|=4.7485	time=3.45it/s
2025-11-26 06:11:10,978 epoch=47	global_step=38100	acc=0.5938	acc_avg=0.5687	loss=1.7439	loss_avg=1.6324	lr=0.0055	|gn|=5.3002	time=3.44it/s
2025-11-26 06:11:46,037 epoch=47	global_step=38200	acc=0.7188	acc_avg=0.5675	loss=1.1139	loss_avg=1.6331	lr=0.0055	|gn|=4.2071	time=3.44it/s
2025-11-26 06:12:21,087 epoch=47	global_step=38300	acc=0.5938	acc_avg=0.5656	loss=1.6905	loss_avg=1.6402	lr=0.0055	|gn|=5.8093	time=3.44it/s
2025-11-26 06:12:56,152 epoch=47	global_step=38400	acc=0.5938	acc_avg=0.5646	loss=1.6084	loss_avg=1.6427	lr=0.0055	|gn|=5.0270	time=3.44it/s
2025-11-26 06:13:31,211 epoch=47	global_step=38500	acc=0.3438	acc_avg=0.5626	loss=2.3647	loss_avg=1.6547	lr=0.0055	|gn|=6.6407	time=3.44it/s
2025-11-26 06:14:06,278 epoch=47	global_step=38600	acc=0.5625	acc_avg=0.5616	loss=1.9947	loss_avg=1.6645	lr=0.0055	|gn|=5.4425	time=3.44it/s
2025-11-26 06:14:41,345 epoch=47	global_step=38700	acc=0.5938	acc_avg=0.5603	loss=1.5743	loss_avg=1.6680	lr=0.0055	|gn|=5.0212	time=3.44it/s
2025-11-26 06:15:10,484 ====================Eval Epoch 47====================
2025-11-26 06:15:13,082 epoch=47	global_step=31	acc=0.7500	acc_avg=0.5110	acc5=1.0000	acc5_avg=0.7780	loss=0.3717	loss_avg=2.0464	time=78.84it/s
2025-11-26 06:15:13,082 Eval Loss:2.0464	Eval acc: 51.10
2025-11-26 06:15:13,082 
2025-11-26 06:15:13,082 ====================Training Epoch 48====================
2025-11-26 06:15:19,644 epoch=48	global_step=38800	acc=0.6875	acc_avg=0.5827	loss=1.0833	loss_avg=1.6653	lr=0.0053	|gn|=4.0136	time=3.44it/s
2025-11-26 06:15:54,664 epoch=48	global_step=38900	acc=0.4688	acc_avg=0.5673	loss=2.0296	loss_avg=1.6856	lr=0.0053	|gn|=5.6261	time=3.44it/s
2025-11-26 06:16:29,701 epoch=48	global_step=39000	acc=0.6562	acc_avg=0.5628	loss=1.3257	loss_avg=1.6798	lr=0.0053	|gn|=4.6050	time=3.44it/s
2025-11-26 06:17:04,695 epoch=48	global_step=39100	acc=0.6250	acc_avg=0.5663	loss=1.4697	loss_avg=1.6554	lr=0.0053	|gn|=4.9612	time=3.44it/s
2025-11-26 06:17:39,735 epoch=48	global_step=39200	acc=0.7812	acc_avg=0.5706	loss=1.3345	loss_avg=1.6403	lr=0.0053	|gn|=4.3665	time=3.45it/s
2025-11-26 06:18:14,745 epoch=48	global_step=39300	acc=0.6562	acc_avg=0.5703	loss=1.4848	loss_avg=1.6415	lr=0.0053	|gn|=5.3319	time=3.45it/s
2025-11-26 06:18:49,789 epoch=48	global_step=39400	acc=0.7188	acc_avg=0.5691	loss=1.2753	loss_avg=1.6477	lr=0.0053	|gn|=4.7574	time=3.44it/s
2025-11-26 06:19:24,789 epoch=48	global_step=39500	acc=0.5938	acc_avg=0.5695	loss=1.3699	loss_avg=1.6450	lr=0.0053	|gn|=5.7676	time=3.45it/s
2025-11-26 06:19:56,716 ====================Eval Epoch 48====================
2025-11-26 06:19:59,313 epoch=48	global_step=31	acc=0.6250	acc_avg=0.5340	acc5=1.0000	acc5_avg=0.7990	loss=0.9843	loss_avg=1.9671	time=78.82it/s
2025-11-26 06:19:59,313 Eval Loss:1.9671	Eval acc: 53.40
2025-11-26 06:19:59,314 
2025-11-26 06:19:59,314 ====================Training Epoch 49====================
2025-11-26 06:20:03,043 epoch=49	global_step=39600	acc=0.7500	acc_avg=0.5729	loss=1.2824	loss_avg=1.5551	lr=0.0052	|gn|=4.7628	time=3.44it/s
2025-11-26 06:20:38,061 epoch=49	global_step=39700	acc=0.5312	acc_avg=0.5874	loss=1.9283	loss_avg=1.6041	lr=0.0052	|gn|=5.3709	time=3.45it/s
2025-11-26 06:21:13,065 epoch=49	global_step=39800	acc=0.5000	acc_avg=0.5809	loss=1.7274	loss_avg=1.5934	lr=0.0052	|gn|=5.2810	time=3.44it/s
2025-11-26 06:21:47,999 epoch=49	global_step=39900	acc=0.5000	acc_avg=0.5776	loss=1.7096	loss_avg=1.6067	lr=0.0052	|gn|=5.1476	time=3.44it/s
2025-11-26 06:22:22,824 epoch=49	global_step=40000	acc=0.6875	acc_avg=0.5748	loss=1.5185	loss_avg=1.6106	lr=0.0052	|gn|=5.2118	time=3.44it/s
2025-11-26 06:22:57,743 epoch=49	global_step=40100	acc=0.5938	acc_avg=0.5770	loss=1.5717	loss_avg=1.6112	lr=0.0052	|gn|=4.7258	time=3.44it/s
2025-11-26 06:23:32,673 epoch=49	global_step=40200	acc=0.7500	acc_avg=0.5753	loss=0.9519	loss_avg=1.6211	lr=0.0052	|gn|=4.0722	time=3.44it/s
2025-11-26 06:24:07,600 epoch=49	global_step=40300	acc=0.5000	acc_avg=0.5779	loss=2.0485	loss_avg=1.6187	lr=0.0052	|gn|=5.3698	time=3.44it/s
2025-11-26 06:24:42,236 ====================Eval Epoch 49====================
2025-11-26 06:24:44,860 epoch=49	global_step=31	acc=0.7500	acc_avg=0.5380	acc5=1.0000	acc5_avg=0.8010	loss=0.6166	loss_avg=1.8591	time=79.02it/s
2025-11-26 06:24:44,860 Eval Loss:1.8591	Eval acc: 53.80
2025-11-26 06:24:44,861 
2025-11-26 06:24:44,861 ====================Training Epoch 50====================
2025-11-26 06:24:45,780 epoch=50	global_step=40400	acc=0.5625	acc_avg=0.5625	loss=1.5841	loss_avg=1.5841	lr=0.0050	|gn|=4.5502	time=3.42it/s
2025-11-26 06:25:19,840 epoch=50	global_step=40500	acc=0.6562	acc_avg=0.5869	loss=1.4302	loss_avg=1.5372	lr=0.0050	|gn|=4.9022	time=3.44it/s
2025-11-26 06:25:53,993 epoch=50	global_step=40600	acc=0.5938	acc_avg=0.5965	loss=1.6982	loss_avg=1.5415	lr=0.0050	|gn|=5.8054	time=3.44it/s
2025-11-26 06:26:28,120 epoch=50	global_step=40700	acc=0.7500	acc_avg=0.5899	loss=1.0295	loss_avg=1.5689	lr=0.0050	|gn|=4.2625	time=3.44it/s
2025-11-26 06:27:02,027 epoch=50	global_step=40800	acc=0.6250	acc_avg=0.5864	loss=1.4069	loss_avg=1.5717	lr=0.0050	|gn|=4.7337	time=3.44it/s
2025-11-26 06:27:36,406 epoch=50	global_step=40900	acc=0.7500	acc_avg=0.5859	loss=1.0309	loss_avg=1.5787	lr=0.0050	|gn|=4.0552	time=3.44it/s
2025-11-26 06:28:11,132 epoch=50	global_step=41000	acc=0.5938	acc_avg=0.5873	loss=1.4792	loss_avg=1.5768	lr=0.0050	|gn|=4.9347	time=3.42it/s
2025-11-26 06:28:45,251 epoch=50	global_step=41100	acc=0.5625	acc_avg=0.5859	loss=1.7837	loss_avg=1.5822	lr=0.0050	|gn|=4.8985	time=3.44it/s
2025-11-26 06:29:19,548 epoch=50	global_step=41200	acc=0.5625	acc_avg=0.5857	loss=1.4317	loss_avg=1.5866	lr=0.0050	|gn|=5.2703	time=3.45it/s
2025-11-26 06:29:22,043 ====================Eval Epoch 50====================
2025-11-26 06:29:24,621 epoch=50	global_step=31	acc=0.8750	acc_avg=0.5290	acc5=1.0000	acc5_avg=0.8100	loss=0.3540	loss_avg=1.9494	time=78.84it/s
2025-11-26 06:29:24,621 Eval Loss:1.9494	Eval acc: 52.90
2025-11-26 06:29:24,622 
2025-11-26 06:29:24,622 ====================Training Epoch 51====================
2025-11-26 06:29:57,266 epoch=51	global_step=41300	acc=0.5000	acc_avg=0.5971	loss=1.6837	loss_avg=1.5127	lr=0.0048	|gn|=6.5245	time=3.44it/s
2025-11-26 06:30:31,861 epoch=51	global_step=41400	acc=0.6562	acc_avg=0.5989	loss=1.3581	loss_avg=1.5430	lr=0.0048	|gn|=4.9111	time=3.42it/s
2025-11-26 06:31:06,099 epoch=51	global_step=41500	acc=0.4062	acc_avg=0.5991	loss=2.2108	loss_avg=1.5300	lr=0.0048	|gn|=6.4726	time=3.44it/s
2025-11-26 06:31:40,620 epoch=51	global_step=41600	acc=0.6562	acc_avg=0.5969	loss=1.6018	loss_avg=1.5310	lr=0.0048	|gn|=5.8229	time=3.42it/s
2025-11-26 06:32:14,927 epoch=51	global_step=41700	acc=0.6250	acc_avg=0.5974	loss=1.8269	loss_avg=1.5320	lr=0.0048	|gn|=6.3342	time=3.44it/s
2025-11-26 06:32:49,351 epoch=51	global_step=41800	acc=0.6250	acc_avg=0.5977	loss=1.4117	loss_avg=1.5378	lr=0.0048	|gn|=5.3486	time=3.45it/s
2025-11-26 06:33:23,918 epoch=51	global_step=41900	acc=0.4688	acc_avg=0.5976	loss=2.5699	loss_avg=1.5403	lr=0.0048	|gn|=6.2757	time=3.45it/s
2025-11-26 06:33:58,377 epoch=51	global_step=42000	acc=0.5625	acc_avg=0.5980	loss=1.7620	loss_avg=1.5405	lr=0.0048	|gn|=4.9791	time=3.44it/s
2025-11-26 06:34:03,620 ====================Eval Epoch 51====================
2025-11-26 06:34:06,218 epoch=51	global_step=31	acc=1.0000	acc_avg=0.5450	acc5=1.0000	acc5_avg=0.8000	loss=0.4468	loss_avg=1.8397	time=79.10it/s
2025-11-26 06:34:06,218 Eval Loss:1.8397	Eval acc: 54.50
2025-11-26 06:34:06,219 
2025-11-26 06:34:06,219 ====================Training Epoch 52====================
2025-11-26 06:34:35,373 epoch=52	global_step=42100	acc=0.5312	acc_avg=0.6180	loss=1.9817	loss_avg=1.4671	lr=0.0047	|gn|=6.3937	time=3.44it/s
2025-11-26 06:35:09,294 epoch=52	global_step=42200	acc=0.7500	acc_avg=0.6044	loss=1.0338	loss_avg=1.5085	lr=0.0047	|gn|=4.5237	time=3.44it/s
2025-11-26 06:35:42,921 epoch=52	global_step=42300	acc=0.6562	acc_avg=0.6049	loss=1.2176	loss_avg=1.5028	lr=0.0047	|gn|=4.3732	time=3.44it/s
2025-11-26 06:36:16,565 epoch=52	global_step=42400	acc=0.6562	acc_avg=0.6037	loss=1.3911	loss_avg=1.5063	lr=0.0047	|gn|=4.3013	time=3.42it/s
2025-11-26 06:36:50,347 epoch=52	global_step=42500	acc=0.5000	acc_avg=0.6030	loss=1.6907	loss_avg=1.5077	lr=0.0047	|gn|=5.8293	time=3.44it/s
2025-11-26 06:37:24,069 epoch=52	global_step=42600	acc=0.6250	acc_avg=0.6011	loss=1.4545	loss_avg=1.5210	lr=0.0047	|gn|=5.1770	time=3.44it/s
2025-11-26 06:37:57,919 epoch=52	global_step=42700	acc=0.6562	acc_avg=0.6012	loss=1.4882	loss_avg=1.5217	lr=0.0047	|gn|=5.5635	time=3.44it/s
2025-11-26 06:38:31,726 epoch=52	global_step=42800	acc=0.4062	acc_avg=0.6014	loss=2.1250	loss_avg=1.5211	lr=0.0047	|gn|=6.4747	time=3.44it/s
2025-11-26 06:38:39,679 ====================Eval Epoch 52====================
2025-11-26 06:38:42,284 epoch=52	global_step=31	acc=1.0000	acc_avg=0.5340	acc5=1.0000	acc5_avg=0.8020	loss=0.5067	loss_avg=2.1526	time=79.00it/s
2025-11-26 06:38:42,284 Eval Loss:2.1526	Eval acc: 53.40
2025-11-26 06:38:42,284 
2025-11-26 06:38:42,285 ====================Training Epoch 53====================
2025-11-26 06:39:08,302 epoch=53	global_step=42900	acc=0.8750	acc_avg=0.5978	loss=0.7616	loss_avg=1.4951	lr=0.0045	|gn|=3.5691	time=3.44it/s
2025-11-26 06:39:41,298 epoch=53	global_step=43000	acc=0.5625	acc_avg=0.6020	loss=1.3783	loss_avg=1.5012	lr=0.0045	|gn|=5.1190	time=3.44it/s
2025-11-26 06:40:14,310 epoch=53	global_step=43100	acc=0.7188	acc_avg=0.6010	loss=1.1056	loss_avg=1.5033	lr=0.0045	|gn|=4.3362	time=3.44it/s
2025-11-26 06:40:47,319 epoch=53	global_step=43200	acc=0.5625	acc_avg=0.5971	loss=1.8776	loss_avg=1.5094	lr=0.0045	|gn|=5.6725	time=3.44it/s
2025-11-26 06:41:20,333 epoch=53	global_step=43300	acc=0.6250	acc_avg=0.5981	loss=1.5990	loss_avg=1.5023	lr=0.0045	|gn|=5.5693	time=3.44it/s
2025-11-26 06:41:53,348 epoch=53	global_step=43400	acc=0.6875	acc_avg=0.5985	loss=1.4055	loss_avg=1.5041	lr=0.0045	|gn|=4.0289	time=3.44it/s
2025-11-26 06:42:26,361 epoch=53	global_step=43500	acc=0.5938	acc_avg=0.6002	loss=1.2698	loss_avg=1.5019	lr=0.0045	|gn|=5.0423	time=3.44it/s
2025-11-26 06:42:59,363 epoch=53	global_step=43600	acc=0.5625	acc_avg=0.6018	loss=1.3702	loss_avg=1.5026	lr=0.0045	|gn|=6.0030	time=3.44it/s
2025-11-26 06:43:09,805 ====================Eval Epoch 53====================
2025-11-26 06:43:12,383 epoch=53	global_step=31	acc=0.7500	acc_avg=0.5670	acc5=0.8750	acc5_avg=0.8110	loss=1.0728	loss_avg=1.7435	time=78.90it/s
2025-11-26 06:43:12,383 Eval Loss:1.7435	Eval acc: 56.70
2025-11-26 06:43:12,383 
2025-11-26 06:43:12,383 ====================Training Epoch 54====================
2025-11-26 06:43:36,275 epoch=54	global_step=43700	acc=0.6875	acc_avg=0.6241	loss=1.2528	loss_avg=1.4147	lr=0.0044	|gn|=5.7725	time=3.44it/s
2025-11-26 06:44:09,907 epoch=54	global_step=43800	acc=0.7500	acc_avg=0.6195	loss=0.9918	loss_avg=1.4321	lr=0.0044	|gn|=4.1028	time=3.44it/s
2025-11-26 06:44:43,626 epoch=54	global_step=43900	acc=0.5938	acc_avg=0.6133	loss=1.2890	loss_avg=1.4595	lr=0.0044	|gn|=4.6987	time=3.44it/s
2025-11-26 06:45:17,261 epoch=54	global_step=44000	acc=0.6875	acc_avg=0.6109	loss=1.2641	loss_avg=1.4646	lr=0.0044	|gn|=4.8191	time=3.45it/s
2025-11-26 06:45:50,938 epoch=54	global_step=44100	acc=0.5000	acc_avg=0.6097	loss=1.9357	loss_avg=1.4649	lr=0.0044	|gn|=6.1055	time=3.45it/s
2025-11-26 06:46:24,820 epoch=54	global_step=44200	acc=0.7188	acc_avg=0.6093	loss=1.1381	loss_avg=1.4666	lr=0.0044	|gn|=4.3891	time=3.44it/s
2025-11-26 06:46:58,515 epoch=54	global_step=44300	acc=0.6250	acc_avg=0.6097	loss=1.3178	loss_avg=1.4712	lr=0.0044	|gn|=5.5085	time=3.44it/s
2025-11-26 06:47:32,135 epoch=54	global_step=44400	acc=0.7188	acc_avg=0.6098	loss=1.5050	loss_avg=1.4734	lr=0.0044	|gn|=5.5472	time=3.44it/s
2025-11-26 06:47:45,289 ====================Eval Epoch 54====================
2025-11-26 06:47:47,915 epoch=54	global_step=31	acc=0.8750	acc_avg=0.5590	acc5=1.0000	acc5_avg=0.8180	loss=0.3936	loss_avg=1.8483	time=78.92it/s
2025-11-26 06:47:47,915 Eval Loss:1.8483	Eval acc: 55.90
2025-11-26 06:47:47,915 
2025-11-26 06:47:47,915 ====================Training Epoch 55====================
2025-11-26 06:48:08,730 epoch=55	global_step=44500	acc=0.4688	acc_avg=0.6373	loss=1.8945	loss_avg=1.3508	lr=0.0042	|gn|=6.3141	time=3.44it/s
2025-11-26 06:48:41,898 epoch=55	global_step=44600	acc=0.6875	acc_avg=0.6281	loss=1.3225	loss_avg=1.3843	lr=0.0042	|gn|=4.7630	time=3.44it/s
2025-11-26 06:49:14,963 epoch=55	global_step=44700	acc=0.6562	acc_avg=0.6278	loss=1.4087	loss_avg=1.4001	lr=0.0042	|gn|=5.5595	time=3.44it/s
2025-11-26 06:49:48,114 epoch=55	global_step=44800	acc=0.5000	acc_avg=0.6243	loss=1.8151	loss_avg=1.4182	lr=0.0042	|gn|=6.6604	time=3.44it/s
2025-11-26 06:50:21,159 epoch=55	global_step=44900	acc=0.6875	acc_avg=0.6251	loss=1.0709	loss_avg=1.4217	lr=0.0042	|gn|=4.5139	time=3.44it/s
2025-11-26 06:50:54,254 epoch=55	global_step=45000	acc=0.7812	acc_avg=0.6247	loss=1.2269	loss_avg=1.4233	lr=0.0042	|gn|=4.9265	time=3.44it/s
2025-11-26 06:51:27,370 epoch=55	global_step=45100	acc=0.7188	acc_avg=0.6229	loss=1.3709	loss_avg=1.4233	lr=0.0042	|gn|=4.9901	time=3.44it/s
2025-11-26 06:52:00,392 epoch=55	global_step=45200	acc=0.8125	acc_avg=0.6216	loss=0.9491	loss_avg=1.4289	lr=0.0042	|gn|=4.4295	time=3.44it/s
2025-11-26 06:52:15,997 ====================Eval Epoch 55====================
2025-11-26 06:52:18,596 epoch=55	global_step=31	acc=0.8750	acc_avg=0.5420	acc5=1.0000	acc5_avg=0.8080	loss=0.5512	loss_avg=2.0650	time=79.00it/s
2025-11-26 06:52:18,597 Eval Loss:2.0650	Eval acc: 54.20
2025-11-26 06:52:18,597 
2025-11-26 06:52:18,597 ====================Training Epoch 56====================
2025-11-26 06:52:36,973 epoch=56	global_step=45300	acc=0.6250	acc_avg=0.6256	loss=1.2252	loss_avg=1.4067	lr=0.0041	|gn|=4.8562	time=3.45it/s
2025-11-26 06:53:10,544 epoch=56	global_step=45400	acc=0.5312	acc_avg=0.6262	loss=1.5829	loss_avg=1.3946	lr=0.0041	|gn|=6.1924	time=3.45it/s
2025-11-26 06:53:44,066 epoch=56	global_step=45500	acc=0.5000	acc_avg=0.6261	loss=1.8584	loss_avg=1.3998	lr=0.0041	|gn|=6.1234	time=3.44it/s
2025-11-26 06:54:17,482 epoch=56	global_step=45600	acc=0.6875	acc_avg=0.6274	loss=1.2887	loss_avg=1.3966	lr=0.0041	|gn|=5.6165	time=3.44it/s
2025-11-26 06:54:50,979 epoch=56	global_step=45700	acc=0.6875	acc_avg=0.6257	loss=1.2847	loss_avg=1.4004	lr=0.0041	|gn|=5.8386	time=3.44it/s
2025-11-26 06:55:24,718 epoch=56	global_step=45800	acc=0.6875	acc_avg=0.6238	loss=1.3368	loss_avg=1.4107	lr=0.0041	|gn|=5.4757	time=3.44it/s
2025-11-26 06:55:58,346 epoch=56	global_step=45900	acc=0.5312	acc_avg=0.6242	loss=1.9131	loss_avg=1.4143	lr=0.0041	|gn|=5.9916	time=3.44it/s
2025-11-26 06:56:31,838 epoch=56	global_step=46000	acc=0.5625	acc_avg=0.6239	loss=1.4560	loss_avg=1.4133	lr=0.0041	|gn|=5.6380	time=3.43it/s
2025-11-26 06:56:50,336 ====================Eval Epoch 56====================
2025-11-26 06:56:52,921 epoch=56	global_step=31	acc=0.8750	acc_avg=0.5420	acc5=1.0000	acc5_avg=0.8030	loss=0.4293	loss_avg=2.1639	time=78.92it/s
2025-11-26 06:56:52,921 Eval Loss:2.1639	Eval acc: 54.20
2025-11-26 06:56:52,922 
2025-11-26 06:56:52,922 ====================Training Epoch 57====================
2025-11-26 06:57:08,703 epoch=57	global_step=46100	acc=0.5938	acc_avg=0.6542	loss=1.2905	loss_avg=1.2787	lr=0.0039	|gn|=5.2200	time=3.44it/s
2025-11-26 06:57:42,369 epoch=57	global_step=46200	acc=0.7500	acc_avg=0.6297	loss=1.3887	loss_avg=1.3950	lr=0.0039	|gn|=5.4111	time=3.44it/s
2025-11-26 06:58:15,907 epoch=57	global_step=46300	acc=0.5938	acc_avg=0.6312	loss=1.5470	loss_avg=1.3869	lr=0.0039	|gn|=6.2278	time=3.44it/s
2025-11-26 06:58:49,462 epoch=57	global_step=46400	acc=0.6250	acc_avg=0.6297	loss=1.2356	loss_avg=1.3854	lr=0.0039	|gn|=5.2453	time=3.41it/s
2025-11-26 06:59:23,136 epoch=57	global_step=46500	acc=0.7500	acc_avg=0.6315	loss=1.1768	loss_avg=1.3841	lr=0.0039	|gn|=4.9305	time=3.43it/s
2025-11-26 06:59:56,750 epoch=57	global_step=46600	acc=0.5000	acc_avg=0.6303	loss=1.5623	loss_avg=1.3918	lr=0.0039	|gn|=6.1924	time=3.42it/s
2025-11-26 07:00:30,474 epoch=57	global_step=46700	acc=0.6562	acc_avg=0.6313	loss=1.2777	loss_avg=1.3903	lr=0.0039	|gn|=5.4033	time=3.42it/s
2025-11-26 07:01:04,187 epoch=57	global_step=46800	acc=0.5000	acc_avg=0.6307	loss=1.8253	loss_avg=1.3942	lr=0.0039	|gn|=6.0843	time=3.44it/s
2025-11-26 07:01:25,396 ====================Eval Epoch 57====================
2025-11-26 07:01:27,985 epoch=57	global_step=31	acc=0.8750	acc_avg=0.5440	acc5=1.0000	acc5_avg=0.8070	loss=0.5273	loss_avg=2.0610	time=79.05it/s
2025-11-26 07:01:27,985 Eval Loss:2.0610	Eval acc: 54.40
2025-11-26 07:01:27,985 
2025-11-26 07:01:27,985 ====================Training Epoch 58====================
2025-11-26 07:01:40,769 epoch=58	global_step=46900	acc=0.7188	acc_avg=0.6225	loss=0.9443	loss_avg=1.3520	lr=0.0038	|gn|=4.5351	time=3.45it/s
2025-11-26 07:02:13,746 epoch=58	global_step=47000	acc=0.6875	acc_avg=0.6241	loss=1.3624	loss_avg=1.3898	lr=0.0038	|gn|=5.1419	time=3.44it/s
2025-11-26 07:02:46,803 epoch=58	global_step=47100	acc=0.6250	acc_avg=0.6292	loss=1.2384	loss_avg=1.3824	lr=0.0038	|gn|=4.9493	time=3.44it/s
2025-11-26 07:03:19,832 epoch=58	global_step=47200	acc=0.6875	acc_avg=0.6345	loss=1.4513	loss_avg=1.3750	lr=0.0038	|gn|=5.3270	time=3.44it/s
2025-11-26 07:03:52,891 epoch=58	global_step=47300	acc=0.5938	acc_avg=0.6379	loss=1.2058	loss_avg=1.3619	lr=0.0038	|gn|=5.5732	time=3.44it/s
2025-11-26 07:04:25,954 epoch=58	global_step=47400	acc=0.5625	acc_avg=0.6361	loss=1.8918	loss_avg=1.3666	lr=0.0038	|gn|=6.8125	time=3.44it/s
2025-11-26 07:04:58,954 epoch=58	global_step=47500	acc=0.6250	acc_avg=0.6350	loss=1.1947	loss_avg=1.3737	lr=0.0038	|gn|=5.5928	time=3.44it/s
2025-11-26 07:05:31,952 epoch=58	global_step=47600	acc=0.6875	acc_avg=0.6353	loss=1.3059	loss_avg=1.3744	lr=0.0038	|gn|=4.8056	time=3.44it/s
2025-11-26 07:05:55,519 ====================Eval Epoch 58====================
2025-11-26 07:05:58,138 epoch=58	global_step=31	acc=0.8750	acc_avg=0.5470	acc5=1.0000	acc5_avg=0.8030	loss=0.6299	loss_avg=1.9867	time=78.84it/s
2025-11-26 07:05:58,138 Eval Loss:1.9867	Eval acc: 54.70
2025-11-26 07:05:58,139 
2025-11-26 07:05:58,139 ====================Training Epoch 59====================
2025-11-26 07:06:08,477 epoch=59	global_step=47700	acc=0.4688	acc_avg=0.6595	loss=1.6461	loss_avg=1.2773	lr=0.0036	|gn|=6.0361	time=3.44it/s
2025-11-26 07:06:41,888 epoch=59	global_step=47800	acc=0.7188	acc_avg=0.6483	loss=1.0786	loss_avg=1.3082	lr=0.0036	|gn|=4.1349	time=3.44it/s
2025-11-26 07:07:15,428 epoch=59	global_step=47900	acc=0.5625	acc_avg=0.6485	loss=1.7074	loss_avg=1.3142	lr=0.0036	|gn|=5.7413	time=3.44it/s
2025-11-26 07:07:49,084 epoch=59	global_step=48000	acc=0.7188	acc_avg=0.6493	loss=1.1248	loss_avg=1.3093	lr=0.0036	|gn|=5.4743	time=3.44it/s
2025-11-26 07:08:22,660 epoch=59	global_step=48100	acc=0.6875	acc_avg=0.6525	loss=1.2659	loss_avg=1.3032	lr=0.0036	|gn|=5.2399	time=3.42it/s
2025-11-26 07:08:56,378 epoch=59	global_step=48200	acc=0.6562	acc_avg=0.6506	loss=1.6386	loss_avg=1.3115	lr=0.0036	|gn|=5.0631	time=3.42it/s
2025-11-26 07:09:29,918 epoch=59	global_step=48300	acc=0.5938	acc_avg=0.6487	loss=1.6099	loss_avg=1.3165	lr=0.0036	|gn|=6.1666	time=3.42it/s
2025-11-26 07:10:03,408 epoch=59	global_step=48400	acc=0.6562	acc_avg=0.6491	loss=1.1444	loss_avg=1.3190	lr=0.0036	|gn|=5.2716	time=3.44it/s
2025-11-26 07:10:29,898 ====================Eval Epoch 59====================
2025-11-26 07:10:32,485 epoch=59	global_step=31	acc=0.8750	acc_avg=0.5560	acc5=0.8750	acc5_avg=0.8190	loss=0.5805	loss_avg=1.8339	time=78.76it/s
2025-11-26 07:10:32,485 Eval Loss:1.8339	Eval acc: 55.60
2025-11-26 07:10:32,485 
2025-11-26 07:10:32,485 ====================Training Epoch 60====================
2025-11-26 07:10:40,012 epoch=60	global_step=48500	acc=0.7188	acc_avg=0.6518	loss=1.0181	loss_avg=1.2701	lr=0.0035	|gn|=5.1497	time=3.44it/s
2025-11-26 07:11:13,048 epoch=60	global_step=48600	acc=0.7500	acc_avg=0.6650	loss=1.1125	loss_avg=1.2881	lr=0.0035	|gn|=5.3972	time=3.44it/s
2025-11-26 07:11:46,094 epoch=60	global_step=48700	acc=0.6562	acc_avg=0.6632	loss=1.2555	loss_avg=1.2973	lr=0.0035	|gn|=5.5484	time=3.44it/s
2025-11-26 07:12:19,206 epoch=60	global_step=48800	acc=0.5312	acc_avg=0.6607	loss=1.6367	loss_avg=1.2954	lr=0.0035	|gn|=7.1731	time=3.42it/s
2025-11-26 07:12:52,337 epoch=60	global_step=48900	acc=0.6250	acc_avg=0.6545	loss=1.4137	loss_avg=1.3186	lr=0.0035	|gn|=5.9749	time=3.44it/s
2025-11-26 07:13:25,369 epoch=60	global_step=49000	acc=0.6875	acc_avg=0.6555	loss=1.0378	loss_avg=1.3140	lr=0.0035	|gn|=5.5317	time=3.44it/s
2025-11-26 07:13:58,443 epoch=60	global_step=49100	acc=0.5312	acc_avg=0.6532	loss=1.6635	loss_avg=1.3185	lr=0.0035	|gn|=6.2632	time=3.44it/s
2025-11-26 07:14:31,546 epoch=60	global_step=49200	acc=0.7812	acc_avg=0.6526	loss=0.9483	loss_avg=1.3195	lr=0.0035	|gn|=4.5570	time=3.44it/s
2025-11-26 07:15:00,369 ====================Eval Epoch 60====================
2025-11-26 07:15:02,986 epoch=60	global_step=31	acc=0.8750	acc_avg=0.5520	acc5=1.0000	acc5_avg=0.8180	loss=0.3813	loss_avg=2.2001	time=78.91it/s
2025-11-26 07:15:02,986 Eval Loss:2.2001	Eval acc: 55.20
2025-11-26 07:15:02,986 
2025-11-26 07:15:02,986 ====================Training Epoch 61====================
2025-11-26 07:15:07,920 epoch=61	global_step=49300	acc=0.6250	acc_avg=0.6707	loss=1.2275	loss_avg=1.1708	lr=0.0033	|gn|=5.4737	time=3.44it/s
2025-11-26 07:15:41,430 epoch=61	global_step=49400	acc=0.6875	acc_avg=0.6684	loss=1.0244	loss_avg=1.2359	lr=0.0033	|gn|=5.2709	time=3.42it/s
2025-11-26 07:16:15,123 epoch=61	global_step=49500	acc=0.6250	acc_avg=0.6614	loss=1.4672	loss_avg=1.2710	lr=0.0033	|gn|=5.7287	time=3.44it/s
2025-11-26 07:16:48,619 epoch=61	global_step=49600	acc=0.5938	acc_avg=0.6569	loss=1.6477	loss_avg=1.2870	lr=0.0033	|gn|=5.5461	time=3.41it/s
2025-11-26 07:17:22,116 epoch=61	global_step=49700	acc=0.7500	acc_avg=0.6576	loss=1.2323	loss_avg=1.2853	lr=0.0033	|gn|=6.0710	time=3.44it/s
2025-11-26 07:17:55,704 epoch=61	global_step=49800	acc=0.6562	acc_avg=0.6600	loss=1.2036	loss_avg=1.2770	lr=0.0033	|gn|=6.1644	time=3.42it/s
2025-11-26 07:18:29,437 epoch=61	global_step=49900	acc=0.6562	acc_avg=0.6590	loss=1.6364	loss_avg=1.2814	lr=0.0033	|gn|=6.4156	time=3.44it/s
2025-11-26 07:19:02,979 epoch=61	global_step=50000	acc=0.6250	acc_avg=0.6581	loss=1.5639	loss_avg=1.2826	lr=0.0033	|gn|=7.8422	time=3.42it/s
2025-11-26 07:19:34,979 ====================Eval Epoch 61====================
2025-11-26 07:19:37,632 epoch=61	global_step=31	acc=0.8750	acc_avg=0.5600	acc5=1.0000	acc5_avg=0.8210	loss=0.3295	loss_avg=1.8700	time=79.06it/s
2025-11-26 07:19:37,632 Eval Loss:1.8700	Eval acc: 56.00
2025-11-26 07:19:37,632 
2025-11-26 07:19:37,632 ====================Training Epoch 62====================
2025-11-26 07:19:39,862 epoch=62	global_step=50100	acc=0.6562	acc_avg=0.6625	loss=1.4393	loss_avg=1.2215	lr=0.0032	|gn|=5.0400	time=3.43it/s
2025-11-26 07:20:13,297 epoch=62	global_step=50200	acc=0.7188	acc_avg=0.6640	loss=1.0614	loss_avg=1.2554	lr=0.0032	|gn|=5.1428	time=3.44it/s
2025-11-26 07:20:46,920 epoch=62	global_step=50300	acc=0.7500	acc_avg=0.6672	loss=1.0271	loss_avg=1.2392	lr=0.0032	|gn|=5.1914	time=3.44it/s
2025-11-26 07:21:20,370 epoch=62	global_step=50400	acc=0.8438	acc_avg=0.6675	loss=1.0820	loss_avg=1.2497	lr=0.0032	|gn|=5.6260	time=3.42it/s
2025-11-26 07:21:53,909 epoch=62	global_step=50500	acc=0.7188	acc_avg=0.6660	loss=1.2708	loss_avg=1.2562	lr=0.0032	|gn|=6.0160	time=3.44it/s
2025-11-26 07:22:27,420 epoch=62	global_step=50600	acc=0.7500	acc_avg=0.6661	loss=1.2169	loss_avg=1.2628	lr=0.0032	|gn|=5.6529	time=3.43it/s
2025-11-26 07:23:00,932 epoch=62	global_step=50700	acc=0.7188	acc_avg=0.6656	loss=1.2650	loss_avg=1.2644	lr=0.0032	|gn|=5.6435	time=3.42it/s
2025-11-26 07:23:34,494 epoch=62	global_step=50800	acc=0.6250	acc_avg=0.6628	loss=1.3381	loss_avg=1.2701	lr=0.0032	|gn|=5.0837	time=3.44it/s
2025-11-26 07:24:07,992 epoch=62	global_step=50900	acc=0.4688	acc_avg=0.6621	loss=1.9399	loss_avg=1.2752	lr=0.0032	|gn|=7.4612	time=3.44it/s
2025-11-26 07:24:09,045 ====================Eval Epoch 62====================
2025-11-26 07:24:11,639 epoch=62	global_step=31	acc=0.6250	acc_avg=0.5590	acc5=1.0000	acc5_avg=0.8210	loss=0.9761	loss_avg=1.9620	time=78.93it/s
2025-11-26 07:24:11,640 Eval Loss:1.9620	Eval acc: 55.90
2025-11-26 07:24:11,640 
2025-11-26 07:24:11,640 ====================Training Epoch 63====================
2025-11-26 07:24:44,614 epoch=63	global_step=51000	acc=0.8750	acc_avg=0.6598	loss=0.6588	loss_avg=1.2591	lr=0.0030	|gn|=4.2161	time=3.44it/s
2025-11-26 07:25:17,957 epoch=63	global_step=51100	acc=0.6875	acc_avg=0.6674	loss=1.3239	loss_avg=1.2330	lr=0.0030	|gn|=5.5683	time=3.44it/s
2025-11-26 07:25:51,348 epoch=63	global_step=51200	acc=0.6562	acc_avg=0.6645	loss=1.5398	loss_avg=1.2434	lr=0.0030	|gn|=5.7907	time=3.44it/s
2025-11-26 07:26:24,677 epoch=63	global_step=51300	acc=0.6562	acc_avg=0.6621	loss=1.3121	loss_avg=1.2536	lr=0.0030	|gn|=5.4594	time=3.44it/s
2025-11-26 07:26:58,036 epoch=63	global_step=51400	acc=0.6875	acc_avg=0.6656	loss=1.2121	loss_avg=1.2451	lr=0.0030	|gn|=5.8997	time=3.42it/s
2025-11-26 07:27:31,526 epoch=63	global_step=51500	acc=0.5625	acc_avg=0.6666	loss=1.4714	loss_avg=1.2466	lr=0.0030	|gn|=6.1352	time=3.44it/s
2025-11-26 07:28:04,976 epoch=63	global_step=51600	acc=0.7188	acc_avg=0.6670	loss=1.2207	loss_avg=1.2492	lr=0.0030	|gn|=4.7974	time=3.44it/s
2025-11-26 07:28:38,429 epoch=63	global_step=51700	acc=0.6250	acc_avg=0.6673	loss=1.2848	loss_avg=1.2501	lr=0.0030	|gn|=6.1927	time=3.44it/s
2025-11-26 07:28:42,198 ====================Eval Epoch 63====================
2025-11-26 07:28:44,784 epoch=63	global_step=31	acc=1.0000	acc_avg=0.5580	acc5=1.0000	acc5_avg=0.8270	loss=0.3008	loss_avg=1.8836	time=78.83it/s
2025-11-26 07:28:44,784 Eval Loss:1.8836	Eval acc: 55.80
2025-11-26 07:28:44,785 
2025-11-26 07:28:44,785 ====================Training Epoch 64====================
2025-11-26 07:29:15,248 epoch=64	global_step=51800	acc=0.7500	acc_avg=0.6780	loss=1.1151	loss_avg=1.1883	lr=0.0029	|gn|=5.6966	time=3.44it/s
2025-11-26 07:29:48,792 epoch=64	global_step=51900	acc=0.6875	acc_avg=0.6812	loss=1.1032	loss_avg=1.1848	lr=0.0029	|gn|=5.8622	time=3.42it/s
2025-11-26 07:30:22,403 epoch=64	global_step=52000	acc=0.5312	acc_avg=0.6763	loss=1.6388	loss_avg=1.2080	lr=0.0029	|gn|=8.3899	time=3.44it/s
2025-11-26 07:30:55,912 epoch=64	global_step=52100	acc=0.5625	acc_avg=0.6767	loss=1.6887	loss_avg=1.2066	lr=0.0029	|gn|=5.9892	time=3.44it/s
2025-11-26 07:31:29,469 epoch=64	global_step=52200	acc=0.7500	acc_avg=0.6763	loss=0.9915	loss_avg=1.2132	lr=0.0029	|gn|=4.5461	time=3.42it/s
2025-11-26 07:32:02,956 epoch=64	global_step=52300	acc=0.6250	acc_avg=0.6742	loss=1.1771	loss_avg=1.2176	lr=0.0029	|gn|=7.7868	time=3.41it/s
2025-11-26 07:32:36,485 epoch=64	global_step=52400	acc=0.7812	acc_avg=0.6719	loss=0.9668	loss_avg=1.2213	lr=0.0029	|gn|=5.4824	time=3.44it/s
2025-11-26 07:33:09,998 epoch=64	global_step=52500	acc=0.7812	acc_avg=0.6704	loss=0.7764	loss_avg=1.2247	lr=0.0029	|gn|=5.3181	time=3.44it/s
2025-11-26 07:33:16,406 ====================Eval Epoch 64====================
2025-11-26 07:33:18,995 epoch=64	global_step=31	acc=0.7500	acc_avg=0.5600	acc5=1.0000	acc5_avg=0.8240	loss=0.4666	loss_avg=1.7700	time=78.68it/s
2025-11-26 07:33:18,995 Eval Loss:1.7700	Eval acc: 56.00
2025-11-26 07:33:18,996 
2025-11-26 07:33:18,996 ====================Training Epoch 65====================
2025-11-26 07:33:46,596 epoch=65	global_step=52600	acc=0.6562	acc_avg=0.6813	loss=1.1781	loss_avg=1.1649	lr=0.0027	|gn|=5.3757	time=3.43it/s
2025-11-26 07:34:19,949 epoch=65	global_step=52700	acc=0.6562	acc_avg=0.6825	loss=1.4017	loss_avg=1.1659	lr=0.0027	|gn|=5.1685	time=3.45it/s
2025-11-26 07:34:53,353 epoch=65	global_step=52800	acc=0.6562	acc_avg=0.6817	loss=1.4861	loss_avg=1.1836	lr=0.0027	|gn|=6.5092	time=3.43it/s
2025-11-26 07:35:26,671 epoch=65	global_step=52900	acc=0.7188	acc_avg=0.6765	loss=1.2272	loss_avg=1.2030	lr=0.0027	|gn|=5.6719	time=3.45it/s
2025-11-26 07:36:00,000 epoch=65	global_step=53000	acc=0.7188	acc_avg=0.6729	loss=1.1508	loss_avg=1.2131	lr=0.0027	|gn|=5.0824	time=3.45it/s
2025-11-26 07:36:33,412 epoch=65	global_step=53100	acc=0.6875	acc_avg=0.6764	loss=1.1631	loss_avg=1.2115	lr=0.0027	|gn|=6.1468	time=3.45it/s
2025-11-26 07:37:06,770 epoch=65	global_step=53200	acc=0.6562	acc_avg=0.6788	loss=1.0628	loss_avg=1.2059	lr=0.0027	|gn|=5.3898	time=3.45it/s
2025-11-26 07:37:40,106 epoch=65	global_step=53300	acc=0.6250	acc_avg=0.6796	loss=1.3245	loss_avg=1.2010	lr=0.0027	|gn|=5.6323	time=3.45it/s
2025-11-26 07:37:49,179 ====================Eval Epoch 65====================
2025-11-26 07:37:51,772 epoch=65	global_step=31	acc=0.8750	acc_avg=0.5630	acc5=0.8750	acc5_avg=0.8210	loss=0.6734	loss_avg=1.8168	time=78.87it/s
2025-11-26 07:37:51,772 Eval Loss:1.8168	Eval acc: 56.30
2025-11-26 07:37:51,773 
2025-11-26 07:37:51,773 ====================Training Epoch 66====================
2025-11-26 07:38:16,972 epoch=66	global_step=53400	acc=0.7812	acc_avg=0.6811	loss=0.7837	loss_avg=1.2108	lr=0.0026	|gn|=5.1101	time=3.44it/s
2025-11-26 07:38:50,572 epoch=66	global_step=53500	acc=0.6250	acc_avg=0.6868	loss=1.1627	loss_avg=1.1898	lr=0.0026	|gn|=5.7874	time=3.44it/s
2025-11-26 07:39:24,241 epoch=66	global_step=53600	acc=0.5938	acc_avg=0.6900	loss=1.2683	loss_avg=1.1644	lr=0.0026	|gn|=6.1007	time=3.44it/s
2025-11-26 07:39:58,082 epoch=66	global_step=53700	acc=0.7188	acc_avg=0.6873	loss=1.2959	loss_avg=1.1683	lr=0.0026	|gn|=6.1217	time=3.42it/s
2025-11-26 07:40:31,719 epoch=66	global_step=53800	acc=0.7188	acc_avg=0.6838	loss=0.9043	loss_avg=1.1758	lr=0.0026	|gn|=5.3622	time=3.43it/s
2025-11-26 07:41:05,278 epoch=66	global_step=53900	acc=0.6250	acc_avg=0.6858	loss=1.1660	loss_avg=1.1719	lr=0.0026	|gn|=6.0920	time=3.45it/s
2025-11-26 07:41:38,934 epoch=66	global_step=54000	acc=0.7500	acc_avg=0.6871	loss=1.2646	loss_avg=1.1723	lr=0.0026	|gn|=6.8069	time=3.44it/s
2025-11-26 07:42:12,568 epoch=66	global_step=54100	acc=0.6562	acc_avg=0.6865	loss=1.2577	loss_avg=1.1736	lr=0.0026	|gn|=5.8882	time=3.44it/s
2025-11-26 07:42:24,351 ====================Eval Epoch 66====================
2025-11-26 07:42:26,951 epoch=66	global_step=31	acc=0.8750	acc_avg=0.5740	acc5=1.0000	acc5_avg=0.8260	loss=0.4591	loss_avg=1.7609	time=78.81it/s
2025-11-26 07:42:26,952 Eval Loss:1.7609	Eval acc: 57.40
2025-11-26 07:42:26,952 
2025-11-26 07:42:26,952 ====================Training Epoch 67====================
2025-11-26 07:42:49,177 epoch=67	global_step=54200	acc=0.7188	acc_avg=0.6889	loss=1.0884	loss_avg=1.1495	lr=0.0025	|gn|=5.4838	time=3.42it/s
2025-11-26 07:43:22,599 epoch=67	global_step=54300	acc=0.5938	acc_avg=0.6930	loss=1.3128	loss_avg=1.1407	lr=0.0025	|gn|=7.4354	time=3.45it/s
2025-11-26 07:43:55,930 epoch=67	global_step=54400	acc=0.5625	acc_avg=0.6932	loss=1.3190	loss_avg=1.1460	lr=0.0025	|gn|=6.7095	time=3.44it/s
2025-11-26 07:44:29,350 epoch=67	global_step=54500	acc=0.8438	acc_avg=0.6943	loss=0.8026	loss_avg=1.1543	lr=0.0025	|gn|=3.6627	time=3.44it/s
2025-11-26 07:45:02,737 epoch=67	global_step=54600	acc=0.9062	acc_avg=0.6917	loss=0.7461	loss_avg=1.1655	lr=0.0025	|gn|=4.7261	time=3.42it/s
2025-11-26 07:45:36,064 epoch=67	global_step=54700	acc=0.6875	acc_avg=0.6923	loss=1.4434	loss_avg=1.1642	lr=0.0025	|gn|=7.1288	time=3.45it/s
2025-11-26 07:46:09,443 epoch=67	global_step=54800	acc=0.6562	acc_avg=0.6934	loss=1.5929	loss_avg=1.1608	lr=0.0025	|gn|=6.1409	time=3.45it/s
2025-11-26 07:46:42,930 epoch=67	global_step=54900	acc=0.5938	acc_avg=0.6944	loss=1.1681	loss_avg=1.1608	lr=0.0025	|gn|=5.6452	time=3.44it/s
2025-11-26 07:46:57,348 ====================Eval Epoch 67====================
2025-11-26 07:46:59,950 epoch=67	global_step=31	acc=0.7500	acc_avg=0.5830	acc5=1.0000	acc5_avg=0.8270	loss=0.5087	loss_avg=1.7967	time=78.91it/s
2025-11-26 07:46:59,950 Eval Loss:1.7967	Eval acc: 58.30
2025-11-26 07:46:59,950 
2025-11-26 07:46:59,950 ====================Training Epoch 68====================
2025-11-26 07:47:19,816 epoch=68	global_step=55000	acc=0.6562	acc_avg=0.7039	loss=0.9072	loss_avg=1.0943	lr=0.0023	|gn|=5.0072	time=3.44it/s
2025-11-26 07:47:53,405 epoch=68	global_step=55100	acc=0.6562	acc_avg=0.6980	loss=1.2102	loss_avg=1.1185	lr=0.0023	|gn|=6.8732	time=3.45it/s
2025-11-26 07:48:26,902 epoch=68	global_step=55200	acc=0.5625	acc_avg=0.6937	loss=1.3938	loss_avg=1.1367	lr=0.0023	|gn|=7.0543	time=3.44it/s
2025-11-26 07:49:00,512 epoch=68	global_step=55300	acc=0.6875	acc_avg=0.6982	loss=1.0409	loss_avg=1.1285	lr=0.0023	|gn|=6.1146	time=3.42it/s
2025-11-26 07:49:34,073 epoch=68	global_step=55400	acc=0.7500	acc_avg=0.6981	loss=0.9652	loss_avg=1.1265	lr=0.0023	|gn|=5.8277	time=3.45it/s
2025-11-26 07:50:07,535 epoch=68	global_step=55500	acc=0.8125	acc_avg=0.6957	loss=0.7679	loss_avg=1.1391	lr=0.0023	|gn|=5.3778	time=3.45it/s
2025-11-26 07:50:41,206 epoch=68	global_step=55600	acc=0.6875	acc_avg=0.6954	loss=1.2141	loss_avg=1.1415	lr=0.0023	|gn|=5.3053	time=3.43it/s
2025-11-26 07:51:14,906 epoch=68	global_step=55700	acc=0.6562	acc_avg=0.6952	loss=1.1936	loss_avg=1.1388	lr=0.0023	|gn|=6.9875	time=3.43it/s
2025-11-26 07:51:32,103 ====================Eval Epoch 68====================
2025-11-26 07:51:34,728 epoch=68	global_step=31	acc=0.8750	acc_avg=0.5600	acc5=1.0000	acc5_avg=0.8230	loss=0.3462	loss_avg=1.7529	time=78.90it/s
2025-11-26 07:51:34,728 Eval Loss:1.7529	Eval acc: 56.00
2025-11-26 07:51:34,729 
2025-11-26 07:51:34,729 ====================Training Epoch 69====================
2025-11-26 07:51:51,779 epoch=69	global_step=55800	acc=0.7188	acc_avg=0.7009	loss=1.2000	loss_avg=1.0806	lr=0.0022	|gn|=6.1130	time=3.42it/s
2025-11-26 07:52:25,439 epoch=69	global_step=55900	acc=0.6250	acc_avg=0.7106	loss=1.4395	loss_avg=1.0760	lr=0.0022	|gn|=7.7160	time=3.44it/s
2025-11-26 07:52:59,061 epoch=69	global_step=56000	acc=0.8125	acc_avg=0.7091	loss=0.8779	loss_avg=1.0747	lr=0.0022	|gn|=5.1667	time=3.42it/s
2025-11-26 07:53:32,527 epoch=69	global_step=56100	acc=0.5938	acc_avg=0.7063	loss=1.1706	loss_avg=1.0891	lr=0.0022	|gn|=6.0244	time=3.42it/s
2025-11-26 07:54:06,171 epoch=69	global_step=56200	acc=0.6875	acc_avg=0.7042	loss=1.3372	loss_avg=1.0942	lr=0.0022	|gn|=6.7913	time=3.42it/s
2025-11-26 07:54:39,814 epoch=69	global_step=56300	acc=0.6250	acc_avg=0.7013	loss=1.5242	loss_avg=1.1055	lr=0.0022	|gn|=7.0739	time=3.44it/s
2025-11-26 07:55:13,448 epoch=69	global_step=56400	acc=0.7500	acc_avg=0.7027	loss=0.9210	loss_avg=1.1103	lr=0.0022	|gn|=5.0682	time=3.44it/s
2025-11-26 07:55:47,095 epoch=69	global_step=56500	acc=0.7500	acc_avg=0.6998	loss=1.0821	loss_avg=1.1189	lr=0.0022	|gn|=5.8624	time=3.42it/s
2025-11-26 07:56:06,886 ====================Eval Epoch 69====================
2025-11-26 07:56:09,498 epoch=69	global_step=31	acc=0.8750	acc_avg=0.5660	acc5=1.0000	acc5_avg=0.8150	loss=0.3832	loss_avg=1.8270	time=78.81it/s
2025-11-26 07:56:09,498 Eval Loss:1.8270	Eval acc: 56.60
2025-11-26 07:56:09,498 
2025-11-26 07:56:09,498 ====================Training Epoch 70====================
2025-11-26 07:56:23,866 epoch=70	global_step=56600	acc=0.7188	acc_avg=0.7020	loss=1.0002	loss_avg=1.0851	lr=0.0021	|gn|=5.4624	time=3.43it/s
2025-11-26 07:56:57,446 epoch=70	global_step=56700	acc=0.7188	acc_avg=0.7012	loss=1.1073	loss_avg=1.1118	lr=0.0021	|gn|=6.2271	time=3.43it/s
2025-11-26 07:57:31,049 epoch=70	global_step=56800	acc=0.7500	acc_avg=0.7097	loss=1.0747	loss_avg=1.0968	lr=0.0021	|gn|=5.6294	time=3.44it/s
2025-11-26 07:58:04,792 epoch=70	global_step=56900	acc=0.7500	acc_avg=0.7084	loss=1.0675	loss_avg=1.0919	lr=0.0021	|gn|=5.3518	time=3.44it/s
2025-11-26 07:58:38,622 epoch=70	global_step=57000	acc=0.6250	acc_avg=0.7121	loss=0.9294	loss_avg=1.0803	lr=0.0021	|gn|=5.1165	time=3.44it/s
2025-11-26 07:59:12,358 epoch=70	global_step=57100	acc=0.7500	acc_avg=0.7126	loss=1.1598	loss_avg=1.0776	lr=0.0021	|gn|=6.4969	time=3.44it/s
2025-11-26 07:59:46,179 epoch=70	global_step=57200	acc=0.6250	acc_avg=0.7104	loss=1.1157	loss_avg=1.0864	lr=0.0021	|gn|=7.6388	time=3.43it/s
2025-11-26 08:00:19,842 epoch=70	global_step=57300	acc=0.6875	acc_avg=0.7091	loss=1.4462	loss_avg=1.0932	lr=0.0021	|gn|=6.9129	time=3.42it/s
2025-11-26 08:00:42,290 ====================Eval Epoch 70====================
2025-11-26 08:00:44,893 epoch=70	global_step=31	acc=0.8750	acc_avg=0.5810	acc5=1.0000	acc5_avg=0.8270	loss=0.6249	loss_avg=1.7205	time=78.95it/s
2025-11-26 08:00:44,893 Eval Loss:1.7205	Eval acc: 58.10
2025-11-26 08:00:44,894 
2025-11-26 08:00:44,894 ====================Training Epoch 71====================
2025-11-26 08:00:56,513 epoch=71	global_step=57400	acc=0.7500	acc_avg=0.7330	loss=0.9616	loss_avg=0.9905	lr=0.0019	|gn|=6.0384	time=3.45it/s
2025-11-26 08:01:30,035 epoch=71	global_step=57500	acc=0.7500	acc_avg=0.7249	loss=1.0504	loss_avg=1.0614	lr=0.0019	|gn|=5.8647	time=3.43it/s
2025-11-26 08:02:03,542 epoch=71	global_step=57600	acc=0.6562	acc_avg=0.7157	loss=1.1213	loss_avg=1.0797	lr=0.0019	|gn|=5.9165	time=3.43it/s
2025-11-26 08:02:37,077 epoch=71	global_step=57700	acc=0.7188	acc_avg=0.7159	loss=1.3040	loss_avg=1.0738	lr=0.0019	|gn|=6.5528	time=3.45it/s
2025-11-26 08:03:10,991 epoch=71	global_step=57800	acc=0.7500	acc_avg=0.7150	loss=0.8723	loss_avg=1.0751	lr=0.0019	|gn|=5.2231	time=3.43it/s
2025-11-26 08:03:44,582 epoch=71	global_step=57900	acc=0.7812	acc_avg=0.7179	loss=1.0142	loss_avg=1.0651	lr=0.0019	|gn|=6.5037	time=3.45it/s
2025-11-26 08:04:18,143 epoch=71	global_step=58000	acc=0.7500	acc_avg=0.7154	loss=1.0126	loss_avg=1.0781	lr=0.0019	|gn|=6.3457	time=3.45it/s
2025-11-26 08:04:51,653 epoch=71	global_step=58100	acc=0.7500	acc_avg=0.7144	loss=0.8481	loss_avg=1.0786	lr=0.0019	|gn|=4.9272	time=3.45it/s
2025-11-26 08:05:16,887 ====================Eval Epoch 71====================
2025-11-26 08:05:19,493 epoch=71	global_step=31	acc=0.8750	acc_avg=0.5740	acc5=1.0000	acc5_avg=0.8130	loss=0.4408	loss_avg=1.7741	time=78.91it/s
2025-11-26 08:05:19,494 Eval Loss:1.7741	Eval acc: 57.40
2025-11-26 08:05:19,494 
2025-11-26 08:05:19,494 ====================Training Epoch 72====================
2025-11-26 08:05:28,663 epoch=72	global_step=58200	acc=0.6250	acc_avg=0.7225	loss=1.0767	loss_avg=1.0260	lr=0.0018	|gn|=6.3944	time=3.45it/s
2025-11-26 08:06:02,220 epoch=72	global_step=58300	acc=0.6250	acc_avg=0.7250	loss=1.0466	loss_avg=1.0133	lr=0.0018	|gn|=5.6202	time=3.45it/s
2025-11-26 08:06:35,759 epoch=72	global_step=58400	acc=0.5625	acc_avg=0.7244	loss=1.3604	loss_avg=1.0261	lr=0.0018	|gn|=7.4719	time=3.44it/s
2025-11-26 08:07:09,331 epoch=72	global_step=58500	acc=0.6875	acc_avg=0.7195	loss=1.1222	loss_avg=1.0441	lr=0.0018	|gn|=7.1493	time=3.45it/s
2025-11-26 08:07:42,888 epoch=72	global_step=58600	acc=0.6562	acc_avg=0.7181	loss=1.3698	loss_avg=1.0538	lr=0.0018	|gn|=7.0020	time=3.42it/s
2025-11-26 08:08:16,421 epoch=72	global_step=58700	acc=0.7812	acc_avg=0.7185	loss=1.0947	loss_avg=1.0533	lr=0.0018	|gn|=6.7610	time=3.44it/s
2025-11-26 08:08:49,996 epoch=72	global_step=58800	acc=0.7812	acc_avg=0.7177	loss=0.8884	loss_avg=1.0584	lr=0.0018	|gn|=5.8504	time=3.44it/s
2025-11-26 08:09:23,495 epoch=72	global_step=58900	acc=0.8438	acc_avg=0.7163	loss=0.5709	loss_avg=1.0639	lr=0.0018	|gn|=4.1641	time=3.44it/s
2025-11-26 08:09:51,394 ====================Eval Epoch 72====================
2025-11-26 08:09:54,015 epoch=72	global_step=31	acc=0.7500	acc_avg=0.5800	acc5=1.0000	acc5_avg=0.8120	loss=0.5167	loss_avg=1.9843	time=78.86it/s
2025-11-26 08:09:54,015 Eval Loss:1.9843	Eval acc: 58.00
2025-11-26 08:09:54,015 
2025-11-26 08:09:54,015 ====================Training Epoch 73====================
2025-11-26 08:10:00,226 epoch=73	global_step=59000	acc=0.6875	acc_avg=0.7335	loss=0.8825	loss_avg=0.9854	lr=0.0017	|gn|=6.2368	time=3.45it/s
2025-11-26 08:10:33,247 epoch=73	global_step=59100	acc=0.6875	acc_avg=0.7268	loss=1.1392	loss_avg=1.0120	lr=0.0017	|gn|=6.6978	time=3.44it/s
2025-11-26 08:11:06,266 epoch=73	global_step=59200	acc=0.7188	acc_avg=0.7261	loss=1.0170	loss_avg=1.0305	lr=0.0017	|gn|=6.0875	time=3.45it/s
2025-11-26 08:11:39,265 epoch=73	global_step=59300	acc=0.7188	acc_avg=0.7263	loss=1.1078	loss_avg=1.0404	lr=0.0017	|gn|=6.6521	time=3.44it/s
2025-11-26 08:12:12,255 epoch=73	global_step=59400	acc=0.7188	acc_avg=0.7281	loss=0.8532	loss_avg=1.0360	lr=0.0017	|gn|=6.2311	time=3.44it/s
2025-11-26 08:12:45,274 epoch=73	global_step=59500	acc=0.8125	acc_avg=0.7247	loss=0.8497	loss_avg=1.0421	lr=0.0017	|gn|=5.9343	time=3.44it/s
2025-11-26 08:13:18,258 epoch=73	global_step=59600	acc=0.5938	acc_avg=0.7223	loss=1.1370	loss_avg=1.0470	lr=0.0017	|gn|=6.8638	time=3.45it/s
2025-11-26 08:13:51,186 epoch=73	global_step=59700	acc=0.5938	acc_avg=0.7209	loss=1.7551	loss_avg=1.0528	lr=0.0017	|gn|=6.7919	time=3.45it/s
2025-11-26 08:14:21,212 ====================Eval Epoch 73====================
2025-11-26 08:14:23,847 epoch=73	global_step=31	acc=0.8750	acc_avg=0.5750	acc5=1.0000	acc5_avg=0.8340	loss=0.3420	loss_avg=1.7702	time=78.85it/s
2025-11-26 08:14:23,847 Eval Loss:1.7702	Eval acc: 57.50
2025-11-26 08:14:23,848 
2025-11-26 08:14:23,848 ====================Training Epoch 74====================
2025-11-26 08:14:27,471 epoch=74	global_step=59800	acc=0.7812	acc_avg=0.7639	loss=0.8108	loss_avg=0.9470	lr=0.0016	|gn|=5.0553	time=3.44it/s
2025-11-26 08:15:01,131 epoch=74	global_step=59900	acc=0.7812	acc_avg=0.7305	loss=0.8450	loss_avg=1.0087	lr=0.0016	|gn|=6.0172	time=3.43it/s
2025-11-26 08:15:34,846 epoch=74	global_step=60000	acc=0.8750	acc_avg=0.7252	loss=0.7837	loss_avg=1.0239	lr=0.0016	|gn|=5.8974	time=3.43it/s
2025-11-26 08:16:08,502 epoch=74	global_step=60100	acc=0.7188	acc_avg=0.7229	loss=1.0900	loss_avg=1.0336	lr=0.0016	|gn|=6.6066	time=3.43it/s
2025-11-26 08:16:42,146 epoch=74	global_step=60200	acc=0.8750	acc_avg=0.7248	loss=0.5686	loss_avg=1.0254	lr=0.0016	|gn|=4.0563	time=3.44it/s
2025-11-26 08:17:15,789 epoch=74	global_step=60300	acc=0.6250	acc_avg=0.7266	loss=1.3232	loss_avg=1.0254	lr=0.0016	|gn|=7.1116	time=3.42it/s
2025-11-26 08:17:49,324 epoch=74	global_step=60400	acc=0.6250	acc_avg=0.7260	loss=1.2253	loss_avg=1.0272	lr=0.0016	|gn|=7.9751	time=3.44it/s
2025-11-26 08:18:22,622 epoch=74	global_step=60500	acc=0.7500	acc_avg=0.7265	loss=0.7349	loss_avg=1.0280	lr=0.0016	|gn|=5.7300	time=3.44it/s
2025-11-26 08:18:56,052 ====================Eval Epoch 74====================
2025-11-26 08:18:58,677 epoch=74	global_step=31	acc=0.8750	acc_avg=0.5760	acc5=1.0000	acc5_avg=0.8290	loss=0.5095	loss_avg=1.7996	time=78.86it/s
2025-11-26 08:18:58,677 Eval Loss:1.7996	Eval acc: 57.60
2025-11-26 08:18:58,678 
2025-11-26 08:18:58,678 ====================Training Epoch 75====================
2025-11-26 08:18:59,584 epoch=75	global_step=60600	acc=0.6875	acc_avg=0.6875	loss=0.9714	loss_avg=0.9714	lr=0.0015	|gn|=6.0631	time=3.43it/s
2025-11-26 08:19:33,292 epoch=75	global_step=60700	acc=0.7500	acc_avg=0.7416	loss=0.8832	loss_avg=0.9976	lr=0.0015	|gn|=6.2978	time=3.45it/s
2025-11-26 08:20:06,939 epoch=75	global_step=60800	acc=0.7500	acc_avg=0.7458	loss=0.8787	loss_avg=0.9874	lr=0.0015	|gn|=5.6636	time=3.42it/s
2025-11-26 08:20:40,753 epoch=75	global_step=60900	acc=0.8125	acc_avg=0.7407	loss=0.8526	loss_avg=0.9948	lr=0.0015	|gn|=4.2356	time=3.44it/s
2025-11-26 08:21:14,367 epoch=75	global_step=61000	acc=0.6875	acc_avg=0.7321	loss=1.2799	loss_avg=1.0168	lr=0.0015	|gn|=6.3521	time=3.42it/s
2025-11-26 08:21:48,060 epoch=75	global_step=61100	acc=0.7500	acc_avg=0.7333	loss=0.8164	loss_avg=1.0145	lr=0.0015	|gn|=5.9099	time=3.43it/s
2025-11-26 08:22:21,807 epoch=75	global_step=61200	acc=0.8750	acc_avg=0.7319	loss=0.5284	loss_avg=1.0160	lr=0.0015	|gn|=4.7808	time=3.44it/s
2025-11-26 08:22:55,514 epoch=75	global_step=61300	acc=0.6875	acc_avg=0.7306	loss=1.1692	loss_avg=1.0207	lr=0.0015	|gn|=6.9629	time=3.44it/s
2025-11-26 08:23:29,267 epoch=75	global_step=61400	acc=0.7812	acc_avg=0.7303	loss=0.8935	loss_avg=1.0226	lr=0.0015	|gn|=6.4477	time=3.45it/s
2025-11-26 08:23:31,680 ====================Eval Epoch 75====================
2025-11-26 08:23:34,278 epoch=75	global_step=31	acc=0.7500	acc_avg=0.5700	acc5=1.0000	acc5_avg=0.8160	loss=0.7489	loss_avg=1.8817	time=78.68it/s
2025-11-26 08:23:34,278 Eval Loss:1.8817	Eval acc: 57.00
2025-11-26 08:23:34,279 
2025-11-26 08:23:34,279 ====================Training Epoch 76====================
2025-11-26 08:24:06,012 epoch=76	global_step=61500	acc=0.7812	acc_avg=0.7265	loss=0.9350	loss_avg=1.0121	lr=0.0014	|gn|=5.3551	time=3.42it/s
2025-11-26 08:24:39,644 epoch=76	global_step=61600	acc=0.8125	acc_avg=0.7343	loss=0.7588	loss_avg=1.0026	lr=0.0014	|gn|=5.3064	time=3.45it/s
2025-11-26 08:25:13,111 epoch=76	global_step=61700	acc=0.7812	acc_avg=0.7327	loss=0.8139	loss_avg=1.0103	lr=0.0014	|gn|=5.9418	time=3.44it/s
2025-11-26 08:25:46,624 epoch=76	global_step=61800	acc=0.8125	acc_avg=0.7355	loss=0.7852	loss_avg=1.0050	lr=0.0014	|gn|=5.6456	time=3.44it/s
2025-11-26 08:26:20,145 epoch=76	global_step=61900	acc=0.7500	acc_avg=0.7354	loss=0.9368	loss_avg=1.0018	lr=0.0014	|gn|=5.9276	time=3.42it/s
2025-11-26 08:26:53,828 epoch=76	global_step=62000	acc=0.7500	acc_avg=0.7342	loss=0.9425	loss_avg=1.0042	lr=0.0014	|gn|=6.0260	time=3.44it/s
2025-11-26 08:27:27,436 epoch=76	global_step=62100	acc=0.7500	acc_avg=0.7349	loss=1.0070	loss_avg=1.0018	lr=0.0014	|gn|=6.3660	time=3.44it/s
2025-11-26 08:28:01,123 epoch=76	global_step=62200	acc=0.7812	acc_avg=0.7347	loss=0.7508	loss_avg=1.0028	lr=0.0014	|gn|=5.0500	time=3.42it/s
2025-11-26 08:28:06,223 ====================Eval Epoch 76====================
2025-11-26 08:28:08,845 epoch=76	global_step=31	acc=0.7500	acc_avg=0.5800	acc5=0.8750	acc5_avg=0.8170	loss=0.5655	loss_avg=2.0226	time=78.95it/s
2025-11-26 08:28:08,845 Eval Loss:2.0226	Eval acc: 58.00
2025-11-26 08:28:08,845 
2025-11-26 08:28:08,846 ====================Training Epoch 77====================
2025-11-26 08:28:37,840 epoch=77	global_step=62300	acc=0.6875	acc_avg=0.7540	loss=1.1162	loss_avg=0.9423	lr=0.0012	|gn|=6.4729	time=3.44it/s
2025-11-26 08:29:11,144 epoch=77	global_step=62400	acc=0.8125	acc_avg=0.7427	loss=1.0094	loss_avg=0.9780	lr=0.0012	|gn|=5.1469	time=3.45it/s
2025-11-26 08:29:44,476 epoch=77	global_step=62500	acc=0.5938	acc_avg=0.7406	loss=1.0747	loss_avg=0.9834	lr=0.0012	|gn|=7.1511	time=3.45it/s
2025-11-26 08:30:17,773 epoch=77	global_step=62600	acc=0.7500	acc_avg=0.7398	loss=1.2122	loss_avg=0.9854	lr=0.0012	|gn|=8.2658	time=3.43it/s
2025-11-26 08:30:51,159 epoch=77	global_step=62700	acc=0.8125	acc_avg=0.7380	loss=0.8710	loss_avg=0.9929	lr=0.0012	|gn|=5.4954	time=3.45it/s
2025-11-26 08:31:24,633 epoch=77	global_step=62800	acc=0.5312	acc_avg=0.7400	loss=1.5542	loss_avg=0.9877	lr=0.0012	|gn|=7.9941	time=3.44it/s
2025-11-26 08:31:57,961 epoch=77	global_step=62900	acc=0.7500	acc_avg=0.7377	loss=0.9451	loss_avg=0.9922	lr=0.0012	|gn|=6.7658	time=3.44it/s
2025-11-26 08:32:31,271 epoch=77	global_step=63000	acc=0.7500	acc_avg=0.7373	loss=0.6517	loss_avg=0.9941	lr=0.0012	|gn|=4.8879	time=3.44it/s
2025-11-26 08:32:38,986 ====================Eval Epoch 77====================
2025-11-26 08:32:41,613 epoch=77	global_step=31	acc=0.8750	acc_avg=0.5770	acc5=1.0000	acc5_avg=0.8260	loss=0.4181	loss_avg=2.0612	time=78.35it/s
2025-11-26 08:32:41,613 Eval Loss:2.0612	Eval acc: 57.70
2025-11-26 08:32:41,614 
2025-11-26 08:32:41,614 ====================Training Epoch 78====================
2025-11-26 08:33:08,037 epoch=78	global_step=63100	acc=0.7812	acc_avg=0.7423	loss=0.8779	loss_avg=0.9826	lr=0.0011	|gn|=5.6884	time=3.44it/s
2025-11-26 08:33:41,620 epoch=78	global_step=63200	acc=0.6250	acc_avg=0.7428	loss=1.2854	loss_avg=0.9808	lr=0.0011	|gn|=5.7254	time=3.42it/s
2025-11-26 08:34:15,177 epoch=78	global_step=63300	acc=0.7812	acc_avg=0.7395	loss=1.0451	loss_avg=0.9871	lr=0.0011	|gn|=6.9211	time=3.42it/s
2025-11-26 08:34:48,737 epoch=78	global_step=63400	acc=0.7188	acc_avg=0.7403	loss=1.2836	loss_avg=0.9847	lr=0.0011	|gn|=6.8656	time=3.44it/s
2025-11-26 08:35:22,255 epoch=78	global_step=63500	acc=0.9375	acc_avg=0.7370	loss=0.4208	loss_avg=0.9928	lr=0.0011	|gn|=3.7797	time=3.45it/s
2025-11-26 08:35:55,854 epoch=78	global_step=63600	acc=0.7500	acc_avg=0.7368	loss=0.9103	loss_avg=0.9934	lr=0.0011	|gn|=6.4735	time=3.45it/s
2025-11-26 08:36:29,442 epoch=78	global_step=63700	acc=0.7500	acc_avg=0.7370	loss=0.7584	loss_avg=0.9933	lr=0.0011	|gn|=5.5005	time=3.44it/s
2025-11-26 08:37:02,996 epoch=78	global_step=63800	acc=0.7812	acc_avg=0.7383	loss=0.7500	loss_avg=0.9922	lr=0.0011	|gn|=5.9124	time=3.44it/s
2025-11-26 08:37:13,381 ====================Eval Epoch 78====================
2025-11-26 08:37:15,980 epoch=78	global_step=31	acc=0.8750	acc_avg=0.5820	acc5=1.0000	acc5_avg=0.8350	loss=0.5352	loss_avg=1.7629	time=79.11it/s
2025-11-26 08:37:15,980 Eval Loss:1.7629	Eval acc: 58.20
2025-11-26 08:37:15,981 
2025-11-26 08:37:15,981 ====================Training Epoch 79====================
2025-11-26 08:37:39,754 epoch=79	global_step=63900	acc=0.6875	acc_avg=0.7518	loss=0.9445	loss_avg=0.9493	lr=0.0010	|gn|=6.6897	time=3.45it/s
2025-11-26 08:38:13,223 epoch=79	global_step=64000	acc=0.7812	acc_avg=0.7541	loss=0.6954	loss_avg=0.9478	lr=0.0010	|gn|=4.9222	time=3.42it/s
2025-11-26 08:38:46,730 epoch=79	global_step=64100	acc=0.8125	acc_avg=0.7513	loss=1.0299	loss_avg=0.9566	lr=0.0010	|gn|=6.6878	time=3.44it/s
2025-11-26 08:39:20,228 epoch=79	global_step=64200	acc=0.7188	acc_avg=0.7497	loss=0.9931	loss_avg=0.9671	lr=0.0010	|gn|=6.4891	time=3.44it/s
2025-11-26 08:39:53,767 epoch=79	global_step=64300	acc=0.8438	acc_avg=0.7500	loss=0.5071	loss_avg=0.9650	lr=0.0010	|gn|=4.6528	time=3.43it/s
2025-11-26 08:40:27,323 epoch=79	global_step=64400	acc=0.6875	acc_avg=0.7473	loss=0.9010	loss_avg=0.9664	lr=0.0010	|gn|=6.7431	time=3.44it/s
2025-11-26 08:41:00,799 epoch=79	global_step=64500	acc=0.8125	acc_avg=0.7460	loss=0.7691	loss_avg=0.9661	lr=0.0010	|gn|=4.6863	time=3.44it/s
2025-11-26 08:41:34,355 epoch=79	global_step=64600	acc=0.6562	acc_avg=0.7459	loss=0.9495	loss_avg=0.9656	lr=0.0010	|gn|=6.6010	time=3.42it/s
2025-11-26 08:41:47,401 ====================Eval Epoch 79====================
2025-11-26 08:41:50,009 epoch=79	global_step=31	acc=0.7500	acc_avg=0.5790	acc5=1.0000	acc5_avg=0.8310	loss=0.5959	loss_avg=1.6947	time=78.89it/s
2025-11-26 08:41:50,009 Eval Loss:1.6947	Eval acc: 57.90
2025-11-26 08:41:50,010 
2025-11-26 08:41:50,010 ====================Training Epoch 80====================
2025-11-26 08:42:10,736 epoch=80	global_step=64700	acc=0.7188	acc_avg=0.7633	loss=1.0944	loss_avg=0.9045	lr=0.0010	|gn|=6.9882	time=3.44it/s
2025-11-26 08:42:43,718 epoch=80	global_step=64800	acc=0.7188	acc_avg=0.7506	loss=1.2512	loss_avg=0.9480	lr=0.0010	|gn|=6.7908	time=3.44it/s
2025-11-26 08:43:16,717 epoch=80	global_step=64900	acc=0.6875	acc_avg=0.7556	loss=1.1860	loss_avg=0.9324	lr=0.0010	|gn|=7.3359	time=3.44it/s
2025-11-26 08:43:49,699 epoch=80	global_step=65000	acc=0.8438	acc_avg=0.7580	loss=0.7273	loss_avg=0.9288	lr=0.0010	|gn|=5.1216	time=3.45it/s
2025-11-26 08:44:22,646 epoch=80	global_step=65100	acc=0.6875	acc_avg=0.7546	loss=1.0399	loss_avg=0.9354	lr=0.0010	|gn|=6.0798	time=3.45it/s
2025-11-26 08:44:55,615 epoch=80	global_step=65200	acc=0.5938	acc_avg=0.7533	loss=1.2280	loss_avg=0.9379	lr=0.0010	|gn|=7.7239	time=3.45it/s
2025-11-26 08:45:28,599 epoch=80	global_step=65300	acc=0.7500	acc_avg=0.7526	loss=1.1455	loss_avg=0.9390	lr=0.0010	|gn|=7.1705	time=3.45it/s
2025-11-26 08:46:01,582 epoch=80	global_step=65400	acc=0.7500	acc_avg=0.7535	loss=0.7183	loss_avg=0.9354	lr=0.0010	|gn|=5.5013	time=3.45it/s
2025-11-26 08:46:17,145 ====================Eval Epoch 80====================
2025-11-26 08:46:19,760 epoch=80	global_step=31	acc=0.7500	acc_avg=0.5810	acc5=1.0000	acc5_avg=0.8300	loss=0.5912	loss_avg=1.7858	time=79.10it/s
2025-11-26 08:46:19,760 Eval Loss:1.7858	Eval acc: 58.10
2025-11-26 08:46:19,761 
2025-11-26 08:46:19,761 ====================Training Epoch 81====================
2025-11-26 08:46:37,990 epoch=81	global_step=65500	acc=0.8125	acc_avg=0.7494	loss=0.7687	loss_avg=0.9385	lr=0.0009	|gn|=6.0655	time=3.42it/s
2025-11-26 08:47:11,518 epoch=81	global_step=65600	acc=0.7188	acc_avg=0.7457	loss=0.9096	loss_avg=0.9454	lr=0.0009	|gn|=5.7630	time=3.45it/s
2025-11-26 08:47:44,856 epoch=81	global_step=65700	acc=0.8125	acc_avg=0.7484	loss=1.0162	loss_avg=0.9326	lr=0.0009	|gn|=6.4199	time=3.45it/s
2025-11-26 08:48:18,301 epoch=81	global_step=65800	acc=0.6562	acc_avg=0.7494	loss=1.3807	loss_avg=0.9321	lr=0.0009	|gn|=8.8585	time=3.43it/s
2025-11-26 08:48:51,718 epoch=81	global_step=65900	acc=0.7812	acc_avg=0.7492	loss=0.8768	loss_avg=0.9379	lr=0.0009	|gn|=5.6653	time=3.45it/s
2025-11-26 08:49:25,183 epoch=81	global_step=66000	acc=0.7188	acc_avg=0.7489	loss=0.9206	loss_avg=0.9401	lr=0.0009	|gn|=6.1557	time=3.45it/s
2025-11-26 08:49:58,727 epoch=81	global_step=66100	acc=0.7188	acc_avg=0.7480	loss=0.8653	loss_avg=0.9428	lr=0.0009	|gn|=6.8120	time=3.45it/s
2025-11-26 08:50:32,040 epoch=81	global_step=66200	acc=0.8125	acc_avg=0.7505	loss=0.8145	loss_avg=0.9409	lr=0.0009	|gn|=5.8787	time=3.45it/s
2025-11-26 08:50:50,582 ====================Eval Epoch 81====================
2025-11-26 08:50:53,181 epoch=81	global_step=31	acc=0.6250	acc_avg=0.5660	acc5=1.0000	acc5_avg=0.8380	loss=0.7966	loss_avg=1.8331	time=79.11it/s
2025-11-26 08:50:53,181 Eval Loss:1.8331	Eval acc: 56.60
2025-11-26 08:50:53,181 
2025-11-26 08:50:53,181 ====================Training Epoch 82====================
2025-11-26 08:51:08,851 epoch=82	global_step=66300	acc=0.8125	acc_avg=0.7604	loss=0.7299	loss_avg=0.9385	lr=0.0008	|gn|=6.4352	time=3.45it/s
2025-11-26 08:51:42,183 epoch=82	global_step=66400	acc=0.8438	acc_avg=0.7556	loss=0.8314	loss_avg=0.9294	lr=0.0008	|gn|=5.2127	time=3.45it/s
2025-11-26 08:52:15,649 epoch=82	global_step=66500	acc=0.7188	acc_avg=0.7540	loss=0.9862	loss_avg=0.9391	lr=0.0008	|gn|=6.0760	time=3.45it/s
2025-11-26 08:52:49,121 epoch=82	global_step=66600	acc=0.6875	acc_avg=0.7561	loss=0.9700	loss_avg=0.9346	lr=0.0008	|gn|=7.3864	time=3.45it/s
2025-11-26 08:53:22,597 epoch=82	global_step=66700	acc=0.8125	acc_avg=0.7574	loss=0.8698	loss_avg=0.9333	lr=0.0008	|gn|=6.4403	time=3.43it/s
2025-11-26 08:53:56,123 epoch=82	global_step=66800	acc=0.8438	acc_avg=0.7555	loss=0.7655	loss_avg=0.9330	lr=0.0008	|gn|=5.5657	time=3.43it/s
2025-11-26 08:54:29,620 epoch=82	global_step=66900	acc=0.7188	acc_avg=0.7547	loss=0.9843	loss_avg=0.9343	lr=0.0008	|gn|=6.6161	time=3.43it/s
2025-11-26 08:55:03,018 epoch=82	global_step=67000	acc=0.7812	acc_avg=0.7550	loss=0.7227	loss_avg=0.9294	lr=0.0008	|gn|=6.2818	time=3.45it/s
2025-11-26 08:55:24,170 ====================Eval Epoch 82====================
2025-11-26 08:55:26,775 epoch=82	global_step=31	acc=0.7500	acc_avg=0.5890	acc5=1.0000	acc5_avg=0.8310	loss=0.4668	loss_avg=1.7139	time=79.01it/s
2025-11-26 08:55:26,776 Eval Loss:1.7139	Eval acc: 58.90
2025-11-26 08:55:26,776 
2025-11-26 08:55:26,776 ====================Training Epoch 83====================
2025-11-26 08:55:39,734 epoch=83	global_step=67100	acc=0.8438	acc_avg=0.7500	loss=0.7161	loss_avg=0.9080	lr=0.0007	|gn|=5.0688	time=3.45it/s
2025-11-26 08:56:13,272 epoch=83	global_step=67200	acc=0.6875	acc_avg=0.7482	loss=0.9837	loss_avg=0.9449	lr=0.0007	|gn|=6.8453	time=3.44it/s
2025-11-26 08:56:46,748 epoch=83	global_step=67300	acc=0.5938	acc_avg=0.7478	loss=1.2346	loss_avg=0.9381	lr=0.0007	|gn|=7.5029	time=3.45it/s
2025-11-26 08:57:20,167 epoch=83	global_step=67400	acc=0.8438	acc_avg=0.7474	loss=0.6779	loss_avg=0.9356	lr=0.0007	|gn|=4.8869	time=3.42it/s
2025-11-26 08:57:53,523 epoch=83	global_step=67500	acc=0.6562	acc_avg=0.7484	loss=1.0385	loss_avg=0.9326	lr=0.0007	|gn|=6.5529	time=3.42it/s
2025-11-26 08:58:27,084 epoch=83	global_step=67600	acc=0.7812	acc_avg=0.7517	loss=0.9789	loss_avg=0.9262	lr=0.0007	|gn|=6.0300	time=3.44it/s
2025-11-26 08:59:00,541 epoch=83	global_step=67700	acc=0.9062	acc_avg=0.7519	loss=0.4440	loss_avg=0.9278	lr=0.0007	|gn|=4.8671	time=3.44it/s
2025-11-26 08:59:34,014 epoch=83	global_step=67800	acc=0.6875	acc_avg=0.7539	loss=1.1077	loss_avg=0.9217	lr=0.0007	|gn|=6.8812	time=3.44it/s
2025-11-26 08:59:57,848 ====================Eval Epoch 83====================
2025-11-26 09:00:00,430 epoch=83	global_step=31	acc=0.7500	acc_avg=0.5700	acc5=1.0000	acc5_avg=0.8270	loss=0.4814	loss_avg=1.7598	time=78.83it/s
2025-11-26 09:00:00,431 Eval Loss:1.7598	Eval acc: 57.00
2025-11-26 09:00:00,431 
2025-11-26 09:00:00,431 ====================Training Epoch 84====================
2025-11-26 09:00:10,724 epoch=84	global_step=67900	acc=0.8125	acc_avg=0.7672	loss=0.6788	loss_avg=0.9303	lr=0.0006	|gn|=5.5527	time=3.44it/s
2025-11-26 09:00:44,248 epoch=84	global_step=68000	acc=0.8125	acc_avg=0.7733	loss=0.7627	loss_avg=0.8893	lr=0.0006	|gn|=6.2131	time=3.44it/s
2025-11-26 09:01:17,737 epoch=84	global_step=68100	acc=0.7500	acc_avg=0.7673	loss=0.7264	loss_avg=0.9093	lr=0.0006	|gn|=5.3297	time=3.44it/s
2025-11-26 09:01:51,327 epoch=84	global_step=68200	acc=0.7500	acc_avg=0.7650	loss=1.1775	loss_avg=0.9107	lr=0.0006	|gn|=7.3881	time=3.42it/s
2025-11-26 09:02:24,894 epoch=84	global_step=68300	acc=0.8750	acc_avg=0.7623	loss=0.7627	loss_avg=0.9167	lr=0.0006	|gn|=6.3074	time=3.44it/s
2025-11-26 09:02:58,406 epoch=84	global_step=68400	acc=0.8125	acc_avg=0.7616	loss=1.1230	loss_avg=0.9174	lr=0.0006	|gn|=6.5061	time=3.44it/s
2025-11-26 09:03:31,879 epoch=84	global_step=68500	acc=0.7812	acc_avg=0.7613	loss=0.7684	loss_avg=0.9158	lr=0.0006	|gn|=6.0971	time=3.43it/s
2025-11-26 09:04:05,353 epoch=84	global_step=68600	acc=0.8438	acc_avg=0.7615	loss=0.8358	loss_avg=0.9175	lr=0.0006	|gn|=6.5460	time=3.44it/s
2025-11-26 09:04:31,768 ====================Eval Epoch 84====================
2025-11-26 09:04:34,366 epoch=84	global_step=31	acc=0.7500	acc_avg=0.5820	acc5=1.0000	acc5_avg=0.8250	loss=0.7812	loss_avg=2.1301	time=78.92it/s
2025-11-26 09:04:34,367 Eval Loss:2.1301	Eval acc: 58.20
2025-11-26 09:04:34,367 
2025-11-26 09:04:34,367 ====================Training Epoch 85====================
2025-11-26 09:04:41,954 epoch=85	global_step=68700	acc=0.7500	acc_avg=0.7604	loss=1.0448	loss_avg=0.8641	lr=0.0005	|gn|=7.2511	time=3.44it/s
2025-11-26 09:05:15,190 epoch=85	global_step=68800	acc=0.7500	acc_avg=0.7655	loss=0.9468	loss_avg=0.8964	lr=0.0005	|gn|=7.0329	time=3.45it/s
2025-11-26 09:05:48,357 epoch=85	global_step=68900	acc=0.6562	acc_avg=0.7583	loss=1.0410	loss_avg=0.9193	lr=0.0005	|gn|=7.0691	time=3.44it/s
2025-11-26 09:06:21,525 epoch=85	global_step=69000	acc=0.8750	acc_avg=0.7619	loss=0.6401	loss_avg=0.9086	lr=0.0005	|gn|=4.5389	time=3.44it/s
2025-11-26 09:06:54,778 epoch=85	global_step=69100	acc=0.8750	acc_avg=0.7602	loss=0.7697	loss_avg=0.9134	lr=0.0005	|gn|=5.9594	time=3.45it/s
2025-11-26 09:07:28,017 epoch=85	global_step=69200	acc=0.6562	acc_avg=0.7624	loss=1.1341	loss_avg=0.9074	lr=0.0005	|gn|=7.7256	time=3.45it/s
2025-11-26 09:08:01,263 epoch=85	global_step=69300	acc=0.7500	acc_avg=0.7634	loss=1.1431	loss_avg=0.9026	lr=0.0005	|gn|=7.4210	time=3.42it/s
2025-11-26 09:08:34,519 epoch=85	global_step=69400	acc=0.6875	acc_avg=0.7642	loss=1.0932	loss_avg=0.9031	lr=0.0005	|gn|=6.8292	time=3.44it/s
2025-11-26 09:09:03,411 ====================Eval Epoch 85====================
2025-11-26 09:09:06,022 epoch=85	global_step=31	acc=0.8750	acc_avg=0.5780	acc5=1.0000	acc5_avg=0.8230	loss=0.5386	loss_avg=1.9102	time=78.93it/s
2025-11-26 09:09:06,022 Eval Loss:1.9102	Eval acc: 57.80
2025-11-26 09:09:06,023 
2025-11-26 09:09:06,023 ====================Training Epoch 86====================
2025-11-26 09:09:11,010 epoch=86	global_step=69500	acc=0.9062	acc_avg=0.7788	loss=0.5555	loss_avg=0.7909	lr=0.0005	|gn|=5.2135	time=3.42it/s
2025-11-26 09:09:44,857 epoch=86	global_step=69600	acc=0.7500	acc_avg=0.7641	loss=0.6475	loss_avg=0.8994	lr=0.0005	|gn|=6.0832	time=3.42it/s
2025-11-26 09:10:18,655 epoch=86	global_step=69700	acc=0.7812	acc_avg=0.7651	loss=0.8265	loss_avg=0.8870	lr=0.0005	|gn|=6.2273	time=3.44it/s
2025-11-26 09:10:52,352 epoch=86	global_step=69800	acc=0.7500	acc_avg=0.7639	loss=1.1370	loss_avg=0.8810	lr=0.0005	|gn|=7.3210	time=3.44it/s
2025-11-26 09:11:26,033 epoch=86	global_step=69900	acc=0.7812	acc_avg=0.7625	loss=0.7721	loss_avg=0.8925	lr=0.0005	|gn|=6.2319	time=3.42it/s
2025-11-26 09:11:59,818 epoch=86	global_step=70000	acc=0.7500	acc_avg=0.7643	loss=0.8060	loss_avg=0.8925	lr=0.0005	|gn|=6.5005	time=3.44it/s
2025-11-26 09:12:33,610 epoch=86	global_step=70100	acc=0.6562	acc_avg=0.7633	loss=1.2196	loss_avg=0.8951	lr=0.0005	|gn|=6.8462	time=3.43it/s
2025-11-26 09:13:07,468 epoch=86	global_step=70200	acc=0.8125	acc_avg=0.7610	loss=0.5887	loss_avg=0.8992	lr=0.0005	|gn|=6.6190	time=3.42it/s
2025-11-26 09:13:39,689 ====================Eval Epoch 86====================
2025-11-26 09:13:42,312 epoch=86	global_step=31	acc=0.7500	acc_avg=0.5850	acc5=1.0000	acc5_avg=0.8300	loss=0.5510	loss_avg=1.7206	time=79.00it/s
2025-11-26 09:13:42,313 Eval Loss:1.7206	Eval acc: 58.50
2025-11-26 09:13:42,313 
2025-11-26 09:13:42,313 ====================Training Epoch 87====================
2025-11-26 09:13:44,569 epoch=87	global_step=70300	acc=0.8125	acc_avg=0.7875	loss=1.0695	loss_avg=0.9564	lr=0.0004	|gn|=6.4157	time=3.42it/s
2025-11-26 09:14:18,446 epoch=87	global_step=70400	acc=0.8125	acc_avg=0.7705	loss=0.7228	loss_avg=0.8680	lr=0.0004	|gn|=5.7393	time=3.42it/s
2025-11-26 09:14:52,081 epoch=87	global_step=70500	acc=0.7188	acc_avg=0.7713	loss=0.9918	loss_avg=0.8780	lr=0.0004	|gn|=7.1552	time=3.42it/s
2025-11-26 09:15:25,634 epoch=87	global_step=70600	acc=0.7812	acc_avg=0.7722	loss=0.9039	loss_avg=0.8755	lr=0.0004	|gn|=5.8770	time=3.41it/s
2025-11-26 09:15:59,313 epoch=87	global_step=70700	acc=0.8750	acc_avg=0.7760	loss=0.5601	loss_avg=0.8728	lr=0.0004	|gn|=5.9464	time=3.42it/s
2025-11-26 09:16:32,878 epoch=87	global_step=70800	acc=0.8438	acc_avg=0.7754	loss=0.7997	loss_avg=0.8743	lr=0.0004	|gn|=6.1567	time=3.41it/s
2025-11-26 09:17:06,478 epoch=87	global_step=70900	acc=0.9375	acc_avg=0.7738	loss=0.4252	loss_avg=0.8760	lr=0.0004	|gn|=4.3802	time=3.42it/s
2025-11-26 09:17:40,037 epoch=87	global_step=71000	acc=0.7188	acc_avg=0.7724	loss=1.1823	loss_avg=0.8771	lr=0.0004	|gn|=7.3752	time=3.42it/s
2025-11-26 09:18:13,562 epoch=87	global_step=71100	acc=0.6875	acc_avg=0.7712	loss=1.3028	loss_avg=0.8821	lr=0.0004	|gn|=8.0150	time=3.44it/s
2025-11-26 09:18:14,604 ====================Eval Epoch 87====================
2025-11-26 09:18:17,219 epoch=87	global_step=31	acc=0.8750	acc_avg=0.5980	acc5=1.0000	acc5_avg=0.8410	loss=0.4923	loss_avg=1.7369	time=78.97it/s
2025-11-26 09:18:17,219 Eval Loss:1.7369	Eval acc: 59.80
2025-11-26 09:18:17,220 
2025-11-26 09:18:17,220 ====================Training Epoch 88====================
2025-11-26 09:18:49,689 epoch=88	global_step=71200	acc=0.6875	acc_avg=0.7593	loss=1.1340	loss_avg=0.8910	lr=0.0004	|gn|=7.0595	time=3.45it/s
2025-11-26 09:19:22,577 epoch=88	global_step=71300	acc=0.7500	acc_avg=0.7659	loss=0.7960	loss_avg=0.8836	lr=0.0004	|gn|=7.3381	time=3.45it/s
2025-11-26 09:19:55,462 epoch=88	global_step=71400	acc=0.8125	acc_avg=0.7681	loss=0.7690	loss_avg=0.8895	lr=0.0004	|gn|=7.0535	time=3.45it/s
2025-11-26 09:20:28,347 epoch=88	global_step=71500	acc=0.7188	acc_avg=0.7692	loss=1.1997	loss_avg=0.8831	lr=0.0004	|gn|=7.3155	time=3.45it/s
2025-11-26 09:21:01,223 epoch=88	global_step=71600	acc=0.7812	acc_avg=0.7684	loss=0.9887	loss_avg=0.8816	lr=0.0004	|gn|=6.4827	time=3.45it/s
2025-11-26 09:21:34,099 epoch=88	global_step=71700	acc=0.7812	acc_avg=0.7709	loss=0.9861	loss_avg=0.8798	lr=0.0004	|gn|=7.1915	time=3.45it/s
2025-11-26 09:22:06,985 epoch=88	global_step=71800	acc=0.6875	acc_avg=0.7713	loss=0.9729	loss_avg=0.8776	lr=0.0004	|gn|=6.4986	time=3.45it/s
2025-11-26 09:22:39,875 epoch=88	global_step=71900	acc=0.7812	acc_avg=0.7712	loss=0.7790	loss_avg=0.8784	lr=0.0004	|gn|=6.0045	time=3.45it/s
2025-11-26 09:22:43,541 ====================Eval Epoch 88====================
2025-11-26 09:22:46,165 epoch=88	global_step=31	acc=0.8750	acc_avg=0.5740	acc5=1.0000	acc5_avg=0.8290	loss=0.4562	loss_avg=2.0303	time=79.09it/s
2025-11-26 09:22:46,166 Eval Loss:2.0303	Eval acc: 57.40
2025-11-26 09:22:46,166 
2025-11-26 09:22:46,166 ====================Training Epoch 89====================
2025-11-26 09:23:16,035 epoch=89	global_step=72000	acc=0.7812	acc_avg=0.7795	loss=0.7312	loss_avg=0.8688	lr=0.0003	|gn|=5.1337	time=3.45it/s
2025-11-26 09:23:48,925 epoch=89	global_step=72100	acc=0.8438	acc_avg=0.7723	loss=0.5542	loss_avg=0.8721	lr=0.0003	|gn|=5.5828	time=3.44it/s
2025-11-26 09:24:21,847 epoch=89	global_step=72200	acc=0.7500	acc_avg=0.7736	loss=0.8023	loss_avg=0.8726	lr=0.0003	|gn|=6.2235	time=3.44it/s
2025-11-26 09:24:54,741 epoch=89	global_step=72300	acc=0.8438	acc_avg=0.7751	loss=0.7500	loss_avg=0.8740	lr=0.0003	|gn|=5.6960	time=3.45it/s
2025-11-26 09:25:27,639 epoch=89	global_step=72400	acc=0.8438	acc_avg=0.7738	loss=0.7892	loss_avg=0.8775	lr=0.0003	|gn|=5.7361	time=3.45it/s
2025-11-26 09:26:00,549 epoch=89	global_step=72500	acc=0.8438	acc_avg=0.7727	loss=0.6021	loss_avg=0.8794	lr=0.0003	|gn|=5.0873	time=3.45it/s
2025-11-26 09:26:33,447 epoch=89	global_step=72600	acc=0.7500	acc_avg=0.7717	loss=0.8904	loss_avg=0.8801	lr=0.0003	|gn|=6.3407	time=3.45it/s
2025-11-26 09:27:06,374 epoch=89	global_step=72700	acc=0.7500	acc_avg=0.7699	loss=0.9949	loss_avg=0.8849	lr=0.0003	|gn|=7.6078	time=3.45it/s
2025-11-26 09:27:12,673 ====================Eval Epoch 89====================
2025-11-26 09:27:15,272 epoch=89	global_step=31	acc=0.8750	acc_avg=0.5800	acc5=1.0000	acc5_avg=0.8340	loss=0.4178	loss_avg=1.7213	time=78.97it/s
2025-11-26 09:27:15,273 Eval Loss:1.7213	Eval acc: 58.00
2025-11-26 09:27:15,273 
2025-11-26 09:27:15,273 ====================Training Epoch 90====================
2025-11-26 09:27:42,563 epoch=90	global_step=72800	acc=0.8438	acc_avg=0.7735	loss=0.7134	loss_avg=0.8609	lr=0.0002	|gn|=5.7904	time=3.44it/s
2025-11-26 09:28:15,596 epoch=90	global_step=72900	acc=0.8750	acc_avg=0.7733	loss=0.6764	loss_avg=0.8732	lr=0.0002	|gn|=5.1447	time=3.45it/s
2025-11-26 09:28:48,579 epoch=90	global_step=73000	acc=0.6250	acc_avg=0.7754	loss=1.1982	loss_avg=0.8647	lr=0.0002	|gn|=8.9500	time=3.45it/s
2025-11-26 09:29:21,572 epoch=90	global_step=73100	acc=0.8438	acc_avg=0.7758	loss=0.7479	loss_avg=0.8616	lr=0.0002	|gn|=5.8983	time=3.45it/s
2025-11-26 09:29:54,600 epoch=90	global_step=73200	acc=0.8438	acc_avg=0.7735	loss=0.7547	loss_avg=0.8701	lr=0.0002	|gn|=6.1136	time=3.45it/s
2025-11-26 09:30:27,517 epoch=90	global_step=73300	acc=0.5938	acc_avg=0.7720	loss=1.2319	loss_avg=0.8734	lr=0.0002	|gn|=7.4193	time=3.44it/s
2025-11-26 09:31:00,546 epoch=90	global_step=73400	acc=0.8125	acc_avg=0.7705	loss=0.7932	loss_avg=0.8794	lr=0.0002	|gn|=4.4997	time=3.45it/s
2025-11-26 09:31:33,521 epoch=90	global_step=73500	acc=0.8438	acc_avg=0.7718	loss=0.6689	loss_avg=0.8753	lr=0.0002	|gn|=5.1861	time=3.45it/s
2025-11-26 09:31:42,473 ====================Eval Epoch 90====================
2025-11-26 09:31:45,101 epoch=90	global_step=31	acc=0.8750	acc_avg=0.5820	acc5=1.0000	acc5_avg=0.8250	loss=0.4922	loss_avg=1.7500	time=78.86it/s
2025-11-26 09:31:45,101 Eval Loss:1.7500	Eval acc: 58.20
2025-11-26 09:31:45,102 
2025-11-26 09:31:45,102 ====================Training Epoch 91====================
2025-11-26 09:32:09,760 epoch=91	global_step=73600	acc=0.7500	acc_avg=0.7744	loss=1.0145	loss_avg=0.8576	lr=0.0002	|gn|=8.5046	time=3.44it/s
2025-11-26 09:32:42,727 epoch=91	global_step=73700	acc=0.7500	acc_avg=0.7764	loss=1.0591	loss_avg=0.8745	lr=0.0002	|gn|=6.7852	time=3.44it/s
2025-11-26 09:33:15,696 epoch=91	global_step=73800	acc=0.6875	acc_avg=0.7728	loss=1.1972	loss_avg=0.8854	lr=0.0002	|gn|=7.4104	time=3.45it/s
2025-11-26 09:33:48,654 epoch=91	global_step=73900	acc=0.9062	acc_avg=0.7740	loss=0.3395	loss_avg=0.8798	lr=0.0002	|gn|=3.3251	time=3.45it/s
2025-11-26 09:34:21,577 epoch=91	global_step=74000	acc=0.7812	acc_avg=0.7753	loss=0.9318	loss_avg=0.8743	lr=0.0002	|gn|=6.3251	time=3.45it/s
2025-11-26 09:34:54,488 epoch=91	global_step=74100	acc=0.6562	acc_avg=0.7751	loss=1.4303	loss_avg=0.8746	lr=0.0002	|gn|=8.9286	time=3.45it/s
2025-11-26 09:35:27,374 epoch=91	global_step=74200	acc=0.8438	acc_avg=0.7743	loss=0.6531	loss_avg=0.8763	lr=0.0002	|gn|=5.7784	time=3.45it/s
2025-11-26 09:36:00,293 epoch=91	global_step=74300	acc=0.7188	acc_avg=0.7753	loss=1.0337	loss_avg=0.8762	lr=0.0002	|gn|=6.8539	time=3.44it/s
2025-11-26 09:36:11,889 ====================Eval Epoch 91====================
2025-11-26 09:36:14,517 epoch=91	global_step=31	acc=0.8750	acc_avg=0.5810	acc5=1.0000	acc5_avg=0.8240	loss=0.5957	loss_avg=2.3136	time=78.90it/s
2025-11-26 09:36:14,517 Eval Loss:2.3136	Eval acc: 58.10
2025-11-26 09:36:14,518 
2025-11-26 09:36:14,518 ====================Training Epoch 92====================
2025-11-26 09:36:36,513 epoch=92	global_step=74400	acc=0.9062	acc_avg=0.7779	loss=0.6113	loss_avg=0.8454	lr=0.0002	|gn|=5.8219	time=3.45it/s
2025-11-26 09:37:09,528 epoch=92	global_step=74500	acc=0.7500	acc_avg=0.7792	loss=1.0067	loss_avg=0.8568	lr=0.0002	|gn|=6.5818	time=3.44it/s
2025-11-26 09:37:42,506 epoch=92	global_step=74600	acc=0.7812	acc_avg=0.7822	loss=0.7019	loss_avg=0.8423	lr=0.0002	|gn|=6.4569	time=3.45it/s
2025-11-26 09:38:15,475 epoch=92	global_step=74700	acc=0.7812	acc_avg=0.7811	loss=0.6641	loss_avg=0.8432	lr=0.0002	|gn|=5.9887	time=3.42it/s
2025-11-26 09:38:48,449 epoch=92	global_step=74800	acc=0.9062	acc_avg=0.7795	loss=0.6194	loss_avg=0.8491	lr=0.0002	|gn|=5.6952	time=3.44it/s
2025-11-26 09:39:21,387 epoch=92	global_step=74900	acc=0.8125	acc_avg=0.7786	loss=1.0283	loss_avg=0.8521	lr=0.0002	|gn|=7.1129	time=3.45it/s
2025-11-26 09:39:54,388 epoch=92	global_step=75000	acc=0.8125	acc_avg=0.7767	loss=0.6532	loss_avg=0.8590	lr=0.0002	|gn|=5.8972	time=3.44it/s
2025-11-26 09:40:27,356 epoch=92	global_step=75100	acc=0.8750	acc_avg=0.7779	loss=0.6492	loss_avg=0.8592	lr=0.0002	|gn|=5.2582	time=3.44it/s
2025-11-26 09:40:41,586 ====================Eval Epoch 92====================
2025-11-26 09:40:44,319 epoch=92	global_step=31	acc=0.8750	acc_avg=0.5950	acc5=1.0000	acc5_avg=0.8290	loss=0.4869	loss_avg=1.7083	time=78.59it/s
2025-11-26 09:40:44,319 Eval Loss:1.7083	Eval acc: 59.50
2025-11-26 09:40:44,320 
2025-11-26 09:40:44,320 ====================Training Epoch 93====================
2025-11-26 09:41:03,742 epoch=93	global_step=75200	acc=0.6562	acc_avg=0.7763	loss=1.3059	loss_avg=0.8373	lr=0.0001	|gn|=7.4840	time=3.44it/s
2025-11-26 09:41:36,779 epoch=93	global_step=75300	acc=0.8125	acc_avg=0.7824	loss=0.9656	loss_avg=0.8357	lr=0.0001	|gn|=7.0968	time=3.44it/s
2025-11-26 09:42:09,716 epoch=93	global_step=75400	acc=0.7500	acc_avg=0.7905	loss=0.8940	loss_avg=0.8341	lr=0.0001	|gn|=6.7425	time=3.45it/s
2025-11-26 09:42:42,662 epoch=93	global_step=75500	acc=0.8125	acc_avg=0.7848	loss=1.0222	loss_avg=0.8434	lr=0.0001	|gn|=6.3191	time=3.45it/s
2025-11-26 09:43:15,595 epoch=93	global_step=75600	acc=0.5625	acc_avg=0.7815	loss=1.4977	loss_avg=0.8527	lr=0.0001	|gn|=8.5915	time=3.45it/s
2025-11-26 09:43:48,540 epoch=93	global_step=75700	acc=0.7188	acc_avg=0.7784	loss=1.1068	loss_avg=0.8583	lr=0.0001	|gn|=7.8960	time=3.45it/s
2025-11-26 09:44:21,463 epoch=93	global_step=75800	acc=0.8750	acc_avg=0.7778	loss=0.5236	loss_avg=0.8580	lr=0.0001	|gn|=5.2821	time=3.44it/s
2025-11-26 09:44:54,450 epoch=93	global_step=75900	acc=0.7812	acc_avg=0.7776	loss=0.7195	loss_avg=0.8596	lr=0.0001	|gn|=5.8082	time=3.44it/s
2025-11-26 09:45:11,308 ====================Eval Epoch 93====================
2025-11-26 09:45:13,951 epoch=93	global_step=31	acc=0.8750	acc_avg=0.5870	acc5=1.0000	acc5_avg=0.8360	loss=0.4362	loss_avg=1.6773	time=79.01it/s
2025-11-26 09:45:13,951 Eval Loss:1.6773	Eval acc: 58.70
2025-11-26 09:45:13,951 
2025-11-26 09:45:13,951 ====================Training Epoch 94====================
2025-11-26 09:45:30,649 epoch=94	global_step=76000	acc=0.6250	acc_avg=0.7545	loss=1.3747	loss_avg=0.9138	lr=0.0001	|gn|=7.7426	time=3.45it/s
2025-11-26 09:46:03,549 epoch=94	global_step=76100	acc=0.5625	acc_avg=0.7708	loss=1.6144	loss_avg=0.8785	lr=0.0001	|gn|=8.9518	time=3.45it/s
2025-11-26 09:46:36,431 epoch=94	global_step=76200	acc=0.8125	acc_avg=0.7774	loss=0.8288	loss_avg=0.8451	lr=0.0001	|gn|=5.8491	time=3.45it/s
2025-11-26 09:47:09,290 epoch=94	global_step=76300	acc=0.8125	acc_avg=0.7754	loss=0.9081	loss_avg=0.8510	lr=0.0001	|gn|=6.5689	time=3.45it/s
2025-11-26 09:47:42,157 epoch=94	global_step=76400	acc=0.8125	acc_avg=0.7785	loss=0.6647	loss_avg=0.8459	lr=0.0001	|gn|=6.0578	time=3.45it/s
2025-11-26 09:48:15,023 epoch=94	global_step=76500	acc=0.8438	acc_avg=0.7773	loss=0.6853	loss_avg=0.8518	lr=0.0001	|gn|=5.9522	time=3.46it/s
2025-11-26 09:48:47,863 epoch=94	global_step=76600	acc=0.8125	acc_avg=0.7777	loss=0.8117	loss_avg=0.8478	lr=0.0001	|gn|=6.0547	time=3.46it/s
2025-11-26 09:49:20,687 epoch=94	global_step=76700	acc=0.6562	acc_avg=0.7757	loss=0.9012	loss_avg=0.8540	lr=0.0001	|gn|=7.2927	time=3.46it/s
2025-11-26 09:49:40,094 ====================Eval Epoch 94====================
2025-11-26 09:49:42,747 epoch=94	global_step=31	acc=0.8750	acc_avg=0.5860	acc5=1.0000	acc5_avg=0.8210	loss=0.4733	loss_avg=1.8193	time=79.06it/s
2025-11-26 09:49:42,748 Eval Loss:1.8193	Eval acc: 58.60
2025-11-26 09:49:42,748 
2025-11-26 09:49:42,748 ====================Training Epoch 95====================
2025-11-26 09:49:56,806 epoch=95	global_step=76800	acc=0.7812	acc_avg=0.7797	loss=0.8812	loss_avg=0.8235	lr=0.0001	|gn|=7.4846	time=3.46it/s
2025-11-26 09:50:29,630 epoch=95	global_step=76900	acc=0.7812	acc_avg=0.7702	loss=0.9362	loss_avg=0.8639	lr=0.0001	|gn|=8.4006	time=3.46it/s
2025-11-26 09:51:02,448 epoch=95	global_step=77000	acc=0.6875	acc_avg=0.7727	loss=0.8817	loss_avg=0.8659	lr=0.0001	|gn|=5.9708	time=3.46it/s
2025-11-26 09:51:35,290 epoch=95	global_step=77100	acc=0.8750	acc_avg=0.7739	loss=0.5242	loss_avg=0.8623	lr=0.0001	|gn|=5.0772	time=3.46it/s
2025-11-26 09:52:08,119 epoch=95	global_step=77200	acc=0.6875	acc_avg=0.7753	loss=0.9093	loss_avg=0.8615	lr=0.0001	|gn|=7.8598	time=3.46it/s
2025-11-26 09:52:40,935 epoch=95	global_step=77300	acc=0.8750	acc_avg=0.7752	loss=0.6016	loss_avg=0.8624	lr=0.0001	|gn|=5.1914	time=3.45it/s
2025-11-26 09:53:13,758 epoch=95	global_step=77400	acc=0.7500	acc_avg=0.7743	loss=0.9753	loss_avg=0.8669	lr=0.0001	|gn|=6.1344	time=3.46it/s
2025-11-26 09:53:46,611 epoch=95	global_step=77500	acc=0.7500	acc_avg=0.7776	loss=0.6785	loss_avg=0.8591	lr=0.0001	|gn|=6.4566	time=3.46it/s
2025-11-26 09:54:08,635 ====================Eval Epoch 95====================
2025-11-26 09:54:11,258 epoch=95	global_step=31	acc=0.7500	acc_avg=0.5810	acc5=1.0000	acc5_avg=0.8210	loss=0.5868	loss_avg=1.7801	time=79.18it/s
2025-11-26 09:54:11,258 Eval Loss:1.7801	Eval acc: 58.10
2025-11-26 09:54:11,259 
2025-11-26 09:54:11,259 ====================Training Epoch 96====================
2025-11-26 09:54:22,792 epoch=96	global_step=77600	acc=0.7188	acc_avg=0.7718	loss=1.0211	loss_avg=0.8853	lr=0.0000	|gn|=7.7585	time=3.46it/s
2025-11-26 09:54:55,631 epoch=96	global_step=77700	acc=0.7188	acc_avg=0.7787	loss=0.8905	loss_avg=0.8668	lr=0.0000	|gn|=8.1943	time=3.46it/s
2025-11-26 09:55:28,466 epoch=96	global_step=77800	acc=0.8438	acc_avg=0.7834	loss=0.9237	loss_avg=0.8513	lr=0.0000	|gn|=7.2198	time=3.46it/s
2025-11-26 09:56:01,316 epoch=96	global_step=77900	acc=0.8750	acc_avg=0.7830	loss=0.5813	loss_avg=0.8512	lr=0.0000	|gn|=4.9247	time=3.46it/s
2025-11-26 09:56:34,174 epoch=96	global_step=78000	acc=0.7188	acc_avg=0.7797	loss=0.9702	loss_avg=0.8555	lr=0.0000	|gn|=7.7871	time=3.46it/s
2025-11-26 09:57:07,021 epoch=96	global_step=78100	acc=0.8438	acc_avg=0.7769	loss=0.9229	loss_avg=0.8626	lr=0.0000	|gn|=6.8240	time=3.46it/s
2025-11-26 09:57:39,853 epoch=96	global_step=78200	acc=0.9062	acc_avg=0.7781	loss=0.4795	loss_avg=0.8589	lr=0.0000	|gn|=4.2510	time=3.46it/s
2025-11-26 09:58:12,674 epoch=96	global_step=78300	acc=0.7188	acc_avg=0.7798	loss=0.9121	loss_avg=0.8543	lr=0.0000	|gn|=6.9687	time=3.46it/s
2025-11-26 09:58:37,326 ====================Eval Epoch 96====================
2025-11-26 09:58:39,946 epoch=96	global_step=31	acc=0.8750	acc_avg=0.5820	acc5=1.0000	acc5_avg=0.8270	loss=0.5480	loss_avg=1.8244	time=79.25it/s
2025-11-26 09:58:39,946 Eval Loss:1.8244	Eval acc: 58.20
2025-11-26 09:58:39,946 
2025-11-26 09:58:39,946 ====================Training Epoch 97====================
2025-11-26 09:58:48,759 epoch=97	global_step=78400	acc=0.7812	acc_avg=0.7925	loss=0.9946	loss_avg=0.8368	lr=0.0000	|gn|=6.1541	time=3.46it/s
2025-11-26 09:59:21,588 epoch=97	global_step=78500	acc=0.6562	acc_avg=0.7678	loss=1.1324	loss_avg=0.8756	lr=0.0000	|gn|=7.5071	time=3.46it/s
2025-11-26 09:59:54,413 epoch=97	global_step=78600	acc=0.6875	acc_avg=0.7753	loss=1.0145	loss_avg=0.8513	lr=0.0000	|gn|=6.8722	time=3.46it/s
2025-11-26 10:00:27,242 epoch=97	global_step=78700	acc=0.6875	acc_avg=0.7771	loss=0.7516	loss_avg=0.8548	lr=0.0000	|gn|=6.7122	time=3.46it/s
2025-11-26 10:01:00,087 epoch=97	global_step=78800	acc=0.8438	acc_avg=0.7796	loss=0.6903	loss_avg=0.8466	lr=0.0000	|gn|=5.7716	time=3.46it/s
2025-11-26 10:01:32,942 epoch=97	global_step=78900	acc=0.7812	acc_avg=0.7787	loss=0.9208	loss_avg=0.8507	lr=0.0000	|gn|=6.4409	time=3.46it/s
2025-11-26 10:02:05,784 epoch=97	global_step=79000	acc=0.8438	acc_avg=0.7802	loss=0.7671	loss_avg=0.8475	lr=0.0000	|gn|=7.1680	time=3.46it/s
2025-11-26 10:02:38,681 epoch=97	global_step=79100	acc=0.6562	acc_avg=0.7794	loss=1.0006	loss_avg=0.8496	lr=0.0000	|gn|=7.3413	time=3.46it/s
2025-11-26 10:03:05,985 ====================Eval Epoch 97====================
2025-11-26 10:03:08,584 epoch=97	global_step=31	acc=0.7500	acc_avg=0.5830	acc5=1.0000	acc5_avg=0.8330	loss=0.6377	loss_avg=1.8825	time=79.20it/s
2025-11-26 10:03:08,584 Eval Loss:1.8825	Eval acc: 58.30
2025-11-26 10:03:08,585 
2025-11-26 10:03:08,585 ====================Training Epoch 98====================
2025-11-26 10:03:14,800 epoch=98	global_step=79200	acc=0.7500	acc_avg=0.7574	loss=0.8109	loss_avg=0.9408	lr=0.0000	|gn|=6.8025	time=3.46it/s
2025-11-26 10:03:47,653 epoch=98	global_step=79300	acc=0.9062	acc_avg=0.7810	loss=0.4201	loss_avg=0.8555	lr=0.0000	|gn|=4.5468	time=3.46it/s
2025-11-26 10:04:20,510 epoch=98	global_step=79400	acc=0.7812	acc_avg=0.7823	loss=0.8558	loss_avg=0.8433	lr=0.0000	|gn|=7.2826	time=3.46it/s
2025-11-26 10:04:53,361 epoch=98	global_step=79500	acc=0.7812	acc_avg=0.7753	loss=0.7901	loss_avg=0.8617	lr=0.0000	|gn|=5.6900	time=3.46it/s
2025-11-26 10:05:26,222 epoch=98	global_step=79600	acc=0.8750	acc_avg=0.7806	loss=0.6117	loss_avg=0.8460	lr=0.0000	|gn|=5.7567	time=3.46it/s
2025-11-26 10:05:59,083 epoch=98	global_step=79700	acc=0.7500	acc_avg=0.7812	loss=0.9274	loss_avg=0.8444	lr=0.0000	|gn|=7.7103	time=3.46it/s
2025-11-26 10:06:31,929 epoch=98	global_step=79800	acc=0.8125	acc_avg=0.7811	loss=0.6797	loss_avg=0.8419	lr=0.0000	|gn|=6.1265	time=3.46it/s
2025-11-26 10:07:04,771 epoch=98	global_step=79900	acc=0.7188	acc_avg=0.7820	loss=0.7418	loss_avg=0.8364	lr=0.0000	|gn|=6.9336	time=3.46it/s
2025-11-26 10:07:34,732 ====================Eval Epoch 98====================
2025-11-26 10:07:37,361 epoch=98	global_step=31	acc=0.7500	acc_avg=0.5830	acc5=1.0000	acc5_avg=0.8340	loss=0.6253	loss_avg=1.9722	time=79.39it/s
2025-11-26 10:07:37,361 Eval Loss:1.9722	Eval acc: 58.30
2025-11-26 10:07:37,362 
2025-11-26 10:07:37,362 ====================Training Epoch 99====================
2025-11-26 10:07:40,926 epoch=99	global_step=80000	acc=0.8438	acc_avg=0.7847	loss=0.7969	loss_avg=0.8728	lr=0.0000	|gn|=6.4411	time=3.46it/s
2025-11-26 10:08:13,766 epoch=99	global_step=80100	acc=0.7500	acc_avg=0.7747	loss=0.7706	loss_avg=0.8538	lr=0.0000	|gn|=6.1063	time=3.46it/s
2025-11-26 10:08:46,575 epoch=99	global_step=80200	acc=0.8438	acc_avg=0.7771	loss=0.8013	loss_avg=0.8591	lr=0.0000	|gn|=6.1452	time=3.46it/s
2025-11-26 10:09:19,390 epoch=99	global_step=80300	acc=0.8438	acc_avg=0.7781	loss=0.6461	loss_avg=0.8591	lr=0.0000	|gn|=5.1690	time=3.46it/s
2025-11-26 10:09:52,218 epoch=99	global_step=80400	acc=0.9688	acc_avg=0.7792	loss=0.3280	loss_avg=0.8560	lr=0.0000	|gn|=4.1019	time=3.46it/s
2025-11-26 10:10:25,179 epoch=99	global_step=80500	acc=0.8125	acc_avg=0.7771	loss=0.6378	loss_avg=0.8516	lr=0.0000	|gn|=5.7740	time=3.46it/s
2025-11-26 10:10:58,011 epoch=99	global_step=80600	acc=0.6875	acc_avg=0.7790	loss=0.8566	loss_avg=0.8470	lr=0.0000	|gn|=6.5125	time=3.46it/s
2025-11-26 10:11:30,854 epoch=99	global_step=80700	acc=0.6875	acc_avg=0.7788	loss=1.0158	loss_avg=0.8458	lr=0.0000	|gn|=8.8702	time=3.46it/s
2025-11-26 10:12:03,408 ====================Eval Epoch 99====================
2025-11-26 10:12:06,028 epoch=99	global_step=31	acc=0.6250	acc_avg=0.5840	acc5=0.8750	acc5_avg=0.8260	loss=0.6874	loss_avg=1.7254	time=79.20it/s
2025-11-26 10:12:06,029 Eval Loss:1.7254	Eval acc: 59.40
2025-11-26 10:12:06,059 Running Cost 0.32 Days 

