2025-11-26 02:25:31,505 PyTorch Version: 2.6.0
2025-11-26 02:25:31,525 GPU List: ['NVIDIA L40S']
2025-11-26 02:25:31,528 num_classes: 100
2025-11-26 02:25:31,528 epochs: 100
2025-11-26 02:25:31,528 grad_clip: 5.0
2025-11-26 02:25:31,528 log_frequency: 100
2025-11-26 02:25:31,528 model: {'name': 'ResNet18', 'num_classes': 100}
2025-11-26 02:25:31,528 criterion: {'name': 'CrossEntropyLoss'}
2025-11-26 02:25:31,528 optimizer: {'name': 'SGD', 'lr': 0.01, 'weight_decay': 5e-05, 'momentum': 0.9}
2025-11-26 02:25:31,528 scheduler: {'name': 'CosineAnnealingLR', 'T_max': 100, 'eta_min': 0.0}
2025-11-26 02:25:31,528 dataset: {'name': 'DatasetGenerator', 'train_batch_size': 128, 'eval_batch_size': 128}
2025-11-26 02:25:31,530 seed: 0
2025-11-26 02:25:31,530 version: resnet18
2025-11-26 02:25:31,530 exp_name: experiment/classwise/model_training2025-11-26 02:25:31.498594
2025-11-26 02:25:31,530 config_path: configs/imagenet-mini
2025-11-26 02:25:31,530 load_model: False
2025-11-26 02:25:31,530 data_parallel: False
2025-11-26 02:25:31,530 train: True
2025-11-26 02:25:31,530 save_frequency: -1
2025-11-26 02:25:31,530 train_face: False
2025-11-26 02:25:31,530 train_portion: 1.0
2025-11-26 02:25:31,530 train_batch_size: 32
2025-11-26 02:25:31,530 eval_batch_size: 32
2025-11-26 02:25:31,530 num_of_workers: 6
2025-11-26 02:25:31,530 train_data_type: ImageNetMini
2025-11-26 02:25:31,530 test_data_type: ImageNetMini
2025-11-26 02:25:31,531 train_data_path: ../datasets
2025-11-26 02:25:31,531 test_data_path: ../datasets
2025-11-26 02:25:31,531 perturb_type: classwise
2025-11-26 02:25:31,531 patch_location: center
2025-11-26 02:25:31,531 poison_rate: 1.0
2025-11-26 02:25:31,531 perturb_tensor_filepath: 
2025-11-26 02:25:31,531 generator_filepath:./LSP/cifar10_samplewise_saved_perturbation.pt
2025-11-26 02:25:31,531 use_generator: False
2025-11-26 02:25:31,531 gue: False
2025-11-26 02:25:31,531 filter_type: low
2025-11-26 02:25:31,531 cutoff: 0.5
2025-11-26 02:25:31,531 img_denoise: 60
2025-11-26 02:25:31,531 jpeg_defense: True
2025-11-26 02:25:46,290 Training Dataset: Dataset ImageNetMini
    Number of datapoints: 25878
    Root location: ../datasets/ImageNet
    Split: train
    StandardTransform
Transform: Compose(
               Resize(size=224, interpolation=bilinear, max_size=None, antialias=True)
               RandomResizedCrop(size=(224, 224), scale=(0.08, 1.0), ratio=(0.75, 1.3333), interpolation=bilinear, antialias=True)
               RandomHorizontalFlip(p=0.5)
               ColorJitter(brightness=(0.6, 1.4), contrast=(0.6, 1.4), saturation=(0.6, 1.4), hue=(-0.2, 0.2))
               ToTensor()
           )
2025-11-26 02:25:46,291 Test Dataset: Dataset ImageNetMini
    Number of datapoints: 1000
    Root location: ../datasets/ImageNet
    Split: val
    StandardTransform
Transform: Compose(
               Resize(size=224, interpolation=bilinear, max_size=None, antialias=True)
               CenterCrop(size=(224, 224))
               ToTensor()
           )
2025-11-26 02:25:46,294 param size = 11.220132MB
2025-11-26 02:25:46,296 
2025-11-26 02:25:46,296 ====================Training Epoch 0====================
train_dataset
2025-11-26 02:25:49,754 epoch=0	global_step=0	acc=0.0000	acc_avg=0.0000	loss=4.6742	loss_avg=4.6742	lr=0.0100	|gn|=8.0526	time=0.38it/s
2025-11-26 02:26:22,787 epoch=0	global_step=100	acc=0.0000	acc_avg=0.0130	loss=4.5182	loss_avg=4.7402	lr=0.0100	|gn|=3.8978	time=3.44it/s
2025-11-26 02:26:55,960 epoch=0	global_step=200	acc=0.0000	acc_avg=0.0154	loss=4.5143	loss_avg=4.6798	lr=0.0100	|gn|=3.0640	time=3.42it/s
2025-11-26 02:27:29,176 epoch=0	global_step=300	acc=0.0312	acc_avg=0.0199	loss=4.3978	loss_avg=4.6365	lr=0.0100	|gn|=1.6823	time=3.42it/s
2025-11-26 02:28:02,519 epoch=0	global_step=400	acc=0.0000	acc_avg=0.0207	loss=4.4791	loss_avg=4.6082	lr=0.0100	|gn|=1.7779	time=3.42it/s
2025-11-26 02:28:35,769 epoch=0	global_step=500	acc=0.0938	acc_avg=0.0226	loss=4.2865	loss_avg=4.5850	lr=0.0100	|gn|=1.6223	time=3.42it/s
2025-11-26 02:29:09,091 epoch=0	global_step=600	acc=0.0000	acc_avg=0.0239	loss=4.7477	loss_avg=4.5666	lr=0.0100	|gn|=2.0056	time=3.42it/s
2025-11-26 02:29:42,331 epoch=0	global_step=700	acc=0.0625	acc_avg=0.0250	loss=4.3306	loss_avg=4.5520	lr=0.0100	|gn|=1.9208	time=3.42it/s
2025-11-26 02:30:15,623 epoch=0	global_step=800	acc=0.0000	acc_avg=0.0263	loss=4.3893	loss_avg=4.5374	lr=0.0100	|gn|=1.7635	time=3.41it/s
2025-11-26 02:30:17,985 ====================Eval Epoch 0====================
2025-11-26 02:30:20,808 epoch=0	global_step=31	acc=0.0000	acc_avg=0.0300	acc5=0.2500	acc5_avg=0.1310	loss=4.3625	loss_avg=6.6551	time=3.22it/s
2025-11-26 02:30:20,809 Eval Loss:6.6551	Eval acc: 3.00
2025-11-26 02:30:20,809 
2025-11-26 02:30:20,809 ====================Training Epoch 1====================
2025-11-26 02:30:52,441 epoch=1	global_step=900	acc=0.0312	acc_avg=0.0336	loss=4.2935	loss_avg=4.4286	lr=0.0100	|gn|=2.1289	time=3.42it/s
2025-11-26 02:31:25,818 epoch=1	global_step=1000	acc=0.0625	acc_avg=0.0343	loss=4.4470	loss_avg=4.4167	lr=0.0100	|gn|=2.1707	time=3.42it/s
2025-11-26 02:31:59,127 epoch=1	global_step=1100	acc=0.0000	acc_avg=0.0365	loss=4.3776	loss_avg=4.4086	lr=0.0100	|gn|=1.8044	time=3.42it/s
2025-11-26 02:32:32,465 epoch=1	global_step=1200	acc=0.0312	acc_avg=0.0364	loss=4.2978	loss_avg=4.4008	lr=0.0100	|gn|=1.5929	time=3.42it/s
2025-11-26 02:33:05,830 epoch=1	global_step=1300	acc=0.0312	acc_avg=0.0372	loss=4.3059	loss_avg=4.3964	lr=0.0100	|gn|=1.7682	time=3.42it/s
2025-11-26 02:33:39,177 epoch=1	global_step=1400	acc=0.0312	acc_avg=0.0373	loss=4.3248	loss_avg=4.3929	lr=0.0100	|gn|=1.6569	time=3.42it/s
2025-11-26 02:34:12,517 epoch=1	global_step=1500	acc=0.0000	acc_avg=0.0373	loss=4.4225	loss_avg=4.3894	lr=0.0100	|gn|=1.5031	time=3.42it/s
2025-11-26 02:34:45,818 epoch=1	global_step=1600	acc=0.0000	acc_avg=0.0373	loss=4.2373	loss_avg=4.3860	lr=0.0100	|gn|=1.8990	time=3.42it/s
2025-11-26 02:34:50,867 ====================Eval Epoch 1====================
2025-11-26 02:34:53,401 epoch=1	global_step=31	acc=0.0000	acc_avg=0.0460	acc5=0.0000	acc5_avg=0.1590	loss=4.3332	loss_avg=5.9590	time=77.56it/s
2025-11-26 02:34:53,401 Eval Loss:5.9590	Eval acc: 4.60
2025-11-26 02:34:53,402 
2025-11-26 02:34:53,402 ====================Training Epoch 2====================
2025-11-26 02:35:22,347 epoch=2	global_step=1700	acc=0.0312	acc_avg=0.0412	loss=4.3490	loss_avg=4.3426	lr=0.0100	|gn|=1.5527	time=3.42it/s
2025-11-26 02:35:55,658 epoch=2	global_step=1800	acc=0.0312	acc_avg=0.0419	loss=4.4149	loss_avg=4.3487	lr=0.0100	|gn|=1.5677	time=3.42it/s
2025-11-26 02:36:28,982 epoch=2	global_step=1900	acc=0.0625	acc_avg=0.0434	loss=4.3408	loss_avg=4.3362	lr=0.0100	|gn|=1.7631	time=3.41it/s
2025-11-26 02:37:02,288 epoch=2	global_step=2000	acc=0.0312	acc_avg=0.0431	loss=4.2568	loss_avg=4.3374	lr=0.0100	|gn|=1.6557	time=3.41it/s
2025-11-26 02:37:35,592 epoch=2	global_step=2100	acc=0.0000	acc_avg=0.0425	loss=4.3766	loss_avg=4.3357	lr=0.0100	|gn|=2.3313	time=3.42it/s
2025-11-26 02:38:08,889 epoch=2	global_step=2200	acc=0.0000	acc_avg=0.0423	loss=4.4015	loss_avg=4.3345	lr=0.0100	|gn|=1.8154	time=3.42it/s
2025-11-26 02:38:42,226 epoch=2	global_step=2300	acc=0.0625	acc_avg=0.0434	loss=4.4239	loss_avg=4.3304	lr=0.0100	|gn|=2.4516	time=3.42it/s
2025-11-26 02:39:15,513 epoch=2	global_step=2400	acc=0.0625	acc_avg=0.0437	loss=4.3985	loss_avg=4.3300	lr=0.0100	|gn|=1.3692	time=3.43it/s
2025-11-26 02:39:23,231 ====================Eval Epoch 2====================
2025-11-26 02:39:25,747 epoch=2	global_step=31	acc=0.0000	acc_avg=0.0400	acc5=0.0000	acc5_avg=0.1400	loss=4.8474	loss_avg=9.7914	time=77.68it/s
2025-11-26 02:39:25,748 Eval Loss:9.7914	Eval acc: 4.00
2025-11-26 02:39:25,748 
2025-11-26 02:39:25,748 ====================Training Epoch 3====================
2025-11-26 02:39:52,016 epoch=3	global_step=2500	acc=0.0625	acc_avg=0.0475	loss=4.2321	loss_avg=4.2749	lr=0.0100	|gn|=2.0324	time=3.43it/s
2025-11-26 02:40:25,320 epoch=3	global_step=2600	acc=0.0312	acc_avg=0.0500	loss=4.1899	loss_avg=4.2891	lr=0.0100	|gn|=1.7697	time=3.42it/s
2025-11-26 02:40:58,581 epoch=3	global_step=2700	acc=0.0625	acc_avg=0.0475	loss=4.0508	loss_avg=4.2939	lr=0.0100	|gn|=1.7068	time=3.42it/s
2025-11-26 02:41:31,916 epoch=3	global_step=2800	acc=0.0625	acc_avg=0.0472	loss=4.0694	loss_avg=4.2940	lr=0.0100	|gn|=1.9658	time=3.42it/s
2025-11-26 02:42:05,217 epoch=3	global_step=2900	acc=0.0625	acc_avg=0.0473	loss=4.1360	loss_avg=4.2921	lr=0.0100	|gn|=2.0405	time=3.42it/s
2025-11-26 02:42:38,527 epoch=3	global_step=3000	acc=0.0000	acc_avg=0.0488	loss=4.3200	loss_avg=4.2855	lr=0.0100	|gn|=2.4344	time=3.42it/s
2025-11-26 02:43:11,803 epoch=3	global_step=3100	acc=0.0312	acc_avg=0.0489	loss=4.3283	loss_avg=4.2815	lr=0.0100	|gn|=2.3611	time=3.42it/s
2025-11-26 02:43:45,106 epoch=3	global_step=3200	acc=0.1250	acc_avg=0.0497	loss=4.1260	loss_avg=4.2738	lr=0.0100	|gn|=1.7331	time=3.43it/s
2025-11-26 02:43:55,474 ====================Eval Epoch 3====================
2025-11-26 02:43:57,992 epoch=3	global_step=31	acc=0.0000	acc_avg=0.0610	acc5=0.0000	acc5_avg=0.2130	loss=4.5729	loss_avg=4.1811	time=77.67it/s
2025-11-26 02:43:57,992 Eval Loss:4.1811	Eval acc: 6.10
2025-11-26 02:43:57,993 
2025-11-26 02:43:57,993 ====================Training Epoch 4====================
2025-11-26 02:44:21,560 epoch=4	global_step=3300	acc=0.0938	acc_avg=0.0593	loss=4.4596	loss_avg=4.2116	lr=0.0100	|gn|=2.3543	time=3.42it/s
2025-11-26 02:44:54,888 epoch=4	global_step=3400	acc=0.0000	acc_avg=0.0553	loss=4.3169	loss_avg=4.2192	lr=0.0100	|gn|=1.7765	time=3.42it/s
2025-11-26 02:45:28,196 epoch=4	global_step=3500	acc=0.0625	acc_avg=0.0565	loss=4.0527	loss_avg=4.2168	lr=0.0100	|gn|=1.5767	time=3.42it/s
2025-11-26 02:46:01,630 epoch=4	global_step=3600	acc=0.0312	acc_avg=0.0581	loss=4.0377	loss_avg=4.2178	lr=0.0100	|gn|=1.7533	time=3.42it/s
2025-11-26 02:46:34,986 epoch=4	global_step=3700	acc=0.0312	acc_avg=0.0570	loss=4.2165	loss_avg=4.2137	lr=0.0100	|gn|=1.6649	time=3.42it/s
2025-11-26 02:47:08,286 epoch=4	global_step=3800	acc=0.1250	acc_avg=0.0589	loss=4.0623	loss_avg=4.2079	lr=0.0100	|gn|=2.3032	time=3.42it/s
2025-11-26 02:47:41,618 epoch=4	global_step=3900	acc=0.0625	acc_avg=0.0596	loss=3.9660	loss_avg=4.2042	lr=0.0100	|gn|=2.0654	time=3.42it/s
2025-11-26 02:48:14,927 epoch=4	global_step=4000	acc=0.0312	acc_avg=0.0592	loss=4.0852	loss_avg=4.2009	lr=0.0100	|gn|=2.4653	time=3.42it/s
2025-11-26 02:48:27,971 ====================Eval Epoch 4====================
2025-11-26 02:48:30,543 epoch=4	global_step=31	acc=0.0000	acc_avg=0.0580	acc5=0.0000	acc5_avg=0.2230	loss=5.0804	loss_avg=4.3186	time=77.68it/s
2025-11-26 02:48:30,544 Eval Loss:4.3186	Eval acc: 5.80
2025-11-26 02:48:30,544 
2025-11-26 02:48:30,544 ====================Training Epoch 5====================
2025-11-26 02:48:51,470 epoch=5	global_step=4100	acc=0.1562	acc_avg=0.0722	loss=3.9232	loss_avg=4.1164	lr=0.0099	|gn|=2.5584	time=3.43it/s
2025-11-26 02:49:24,782 epoch=5	global_step=4200	acc=0.1250	acc_avg=0.0726	loss=4.0725	loss_avg=4.1346	lr=0.0099	|gn|=2.6390	time=3.42it/s
2025-11-26 02:49:58,123 epoch=5	global_step=4300	acc=0.0938	acc_avg=0.0697	loss=4.0939	loss_avg=4.1403	lr=0.0099	|gn|=1.8257	time=3.42it/s
2025-11-26 02:50:31,468 epoch=5	global_step=4400	acc=0.0938	acc_avg=0.0693	loss=4.2704	loss_avg=4.1333	lr=0.0099	|gn|=2.0235	time=3.42it/s
2025-11-26 02:51:04,798 epoch=5	global_step=4500	acc=0.0625	acc_avg=0.0692	loss=4.2754	loss_avg=4.1287	lr=0.0099	|gn|=2.6771	time=3.42it/s
2025-11-26 02:51:38,144 epoch=5	global_step=4600	acc=0.0938	acc_avg=0.0699	loss=3.8688	loss_avg=4.1283	lr=0.0099	|gn|=2.3954	time=3.42it/s
2025-11-26 02:52:11,464 epoch=5	global_step=4700	acc=0.1250	acc_avg=0.0703	loss=3.8787	loss_avg=4.1214	lr=0.0099	|gn|=2.0516	time=3.42it/s
2025-11-26 02:52:44,824 epoch=5	global_step=4800	acc=0.0938	acc_avg=0.0712	loss=4.2725	loss_avg=4.1204	lr=0.0099	|gn|=2.3058	time=3.42it/s
2025-11-26 02:53:00,527 ====================Eval Epoch 5====================
2025-11-26 02:53:03,056 epoch=5	global_step=31	acc=0.0000	acc_avg=0.0870	acc5=0.0000	acc5_avg=0.2700	loss=4.8400	loss_avg=4.4510	time=77.45it/s
2025-11-26 02:53:03,056 Eval Loss:4.4510	Eval acc: 8.70
2025-11-26 02:53:03,057 
2025-11-26 02:53:03,057 ====================Training Epoch 6====================
2025-11-26 02:53:21,331 epoch=6	global_step=4900	acc=0.0312	acc_avg=0.0778	loss=4.0152	loss_avg=4.0424	lr=0.0099	|gn|=2.3439	time=3.42it/s
2025-11-26 02:53:54,686 epoch=6	global_step=5000	acc=0.0312	acc_avg=0.0807	loss=3.9850	loss_avg=4.0514	lr=0.0099	|gn|=2.1670	time=3.42it/s
2025-11-26 02:54:28,022 epoch=6	global_step=5100	acc=0.0312	acc_avg=0.0825	loss=3.8781	loss_avg=4.0490	lr=0.0099	|gn|=2.3775	time=3.42it/s
2025-11-26 02:55:01,395 epoch=6	global_step=5200	acc=0.1250	acc_avg=0.0829	loss=3.9784	loss_avg=4.0456	lr=0.0099	|gn|=2.2422	time=3.42it/s
2025-11-26 02:55:34,759 epoch=6	global_step=5300	acc=0.1250	acc_avg=0.0844	loss=4.2041	loss_avg=4.0441	lr=0.0099	|gn|=2.2692	time=3.42it/s
2025-11-26 02:56:08,079 epoch=6	global_step=5400	acc=0.0625	acc_avg=0.0845	loss=4.1140	loss_avg=4.0403	lr=0.0099	|gn|=2.8868	time=3.42it/s
2025-11-26 02:56:41,427 epoch=6	global_step=5500	acc=0.1562	acc_avg=0.0843	loss=3.8111	loss_avg=4.0378	lr=0.0099	|gn|=2.0902	time=3.42it/s
2025-11-26 02:57:14,764 epoch=6	global_step=5600	acc=0.0938	acc_avg=0.0838	loss=4.0545	loss_avg=4.0348	lr=0.0099	|gn|=2.3011	time=3.42it/s
2025-11-26 02:57:33,146 ====================Eval Epoch 6====================
2025-11-26 02:57:35,689 epoch=6	global_step=31	acc=0.0000	acc_avg=0.0940	acc5=0.1250	acc5_avg=0.3060	loss=4.5900	loss_avg=3.9079	time=77.80it/s
2025-11-26 02:57:35,689 Eval Loss:3.9079	Eval acc: 9.40
2025-11-26 02:57:35,689 
2025-11-26 02:57:35,689 ====================Training Epoch 7====================
2025-11-26 02:57:51,348 epoch=7	global_step=5700	acc=0.0938	acc_avg=0.0764	loss=3.9538	loss_avg=3.9940	lr=0.0099	|gn|=2.8308	time=3.42it/s
2025-11-26 02:58:24,642 epoch=7	global_step=5800	acc=0.0938	acc_avg=0.0929	loss=3.7255	loss_avg=3.9654	lr=0.0099	|gn|=2.7165	time=3.42it/s
2025-11-26 02:58:58,000 epoch=7	global_step=5900	acc=0.1562	acc_avg=0.0936	loss=4.0291	loss_avg=3.9626	lr=0.0099	|gn|=2.7247	time=3.42it/s
2025-11-26 02:59:31,317 epoch=7	global_step=6000	acc=0.1562	acc_avg=0.0945	loss=3.9883	loss_avg=3.9486	lr=0.0099	|gn|=2.8167	time=3.42it/s
2025-11-26 03:00:04,644 epoch=7	global_step=6100	acc=0.1250	acc_avg=0.0975	loss=3.7240	loss_avg=3.9491	lr=0.0099	|gn|=2.5832	time=3.42it/s
2025-11-26 03:00:37,940 epoch=7	global_step=6200	acc=0.0625	acc_avg=0.0965	loss=4.1968	loss_avg=3.9481	lr=0.0099	|gn|=3.0217	time=3.42it/s
2025-11-26 03:01:11,273 epoch=7	global_step=6300	acc=0.1250	acc_avg=0.0964	loss=4.1736	loss_avg=3.9457	lr=0.0099	|gn|=2.7292	time=3.42it/s
2025-11-26 03:01:44,570 epoch=7	global_step=6400	acc=0.1875	acc_avg=0.0970	loss=3.8355	loss_avg=3.9427	lr=0.0099	|gn|=2.7539	time=3.42it/s
2025-11-26 03:02:05,623 ====================Eval Epoch 7====================
2025-11-26 03:02:08,158 epoch=7	global_step=31	acc=0.0000	acc_avg=0.0920	acc5=0.5000	acc5_avg=0.3260	loss=4.1265	loss_avg=3.8688	time=77.76it/s
2025-11-26 03:02:08,158 Eval Loss:3.8688	Eval acc: 9.20
2025-11-26 03:02:08,159 
2025-11-26 03:02:08,159 ====================Training Epoch 8====================
2025-11-26 03:02:21,102 epoch=8	global_step=6500	acc=0.1250	acc_avg=0.1047	loss=3.9663	loss_avg=3.9141	lr=0.0098	|gn|=2.7677	time=3.42it/s
2025-11-26 03:02:54,456 epoch=8	global_step=6600	acc=0.1250	acc_avg=0.1045	loss=3.7377	loss_avg=3.9165	lr=0.0098	|gn|=2.2677	time=3.42it/s
2025-11-26 03:03:27,860 epoch=8	global_step=6700	acc=0.1250	acc_avg=0.1090	loss=3.9446	loss_avg=3.8885	lr=0.0098	|gn|=2.9161	time=3.42it/s
2025-11-26 03:04:01,321 epoch=8	global_step=6800	acc=0.1562	acc_avg=0.1107	loss=3.4790	loss_avg=3.8669	lr=0.0098	|gn|=2.7619	time=3.42it/s
2025-11-26 03:04:34,681 epoch=8	global_step=6900	acc=0.1562	acc_avg=0.1126	loss=3.7389	loss_avg=3.8570	lr=0.0098	|gn|=2.9138	time=3.42it/s
2025-11-26 03:05:08,029 epoch=8	global_step=7000	acc=0.1875	acc_avg=0.1128	loss=3.7460	loss_avg=3.8504	lr=0.0098	|gn|=2.7283	time=3.42it/s
2025-11-26 03:05:41,402 epoch=8	global_step=7100	acc=0.0312	acc_avg=0.1129	loss=3.9033	loss_avg=3.8450	lr=0.0098	|gn|=2.7500	time=3.42it/s
2025-11-26 03:06:14,738 epoch=8	global_step=7200	acc=0.1250	acc_avg=0.1139	loss=3.7205	loss_avg=3.8424	lr=0.0098	|gn|=3.2169	time=3.42it/s
2025-11-26 03:06:38,459 ====================Eval Epoch 8====================
2025-11-26 03:06:41,021 epoch=8	global_step=31	acc=0.0000	acc_avg=0.1380	acc5=0.1250	acc5_avg=0.3640	loss=4.5251	loss_avg=3.7122	time=77.32it/s
2025-11-26 03:06:41,021 Eval Loss:3.7122	Eval acc: 13.80
2025-11-26 03:06:41,022 
2025-11-26 03:06:41,022 ====================Training Epoch 9====================
2025-11-26 03:06:51,303 epoch=9	global_step=7300	acc=0.0625	acc_avg=0.1164	loss=3.8230	loss_avg=3.7874	lr=0.0098	|gn|=2.8058	time=3.41it/s
2025-11-26 03:07:24,652 epoch=9	global_step=7400	acc=0.1250	acc_avg=0.1223	loss=4.0447	loss_avg=3.7542	lr=0.0098	|gn|=3.5225	time=3.42it/s
2025-11-26 03:07:58,003 epoch=9	global_step=7500	acc=0.0938	acc_avg=0.1186	loss=4.1919	loss_avg=3.7618	lr=0.0098	|gn|=2.6332	time=3.42it/s
2025-11-26 03:08:31,370 epoch=9	global_step=7600	acc=0.0938	acc_avg=0.1223	loss=3.8126	loss_avg=3.7571	lr=0.0098	|gn|=3.0533	time=3.42it/s
2025-11-26 03:09:04,690 epoch=9	global_step=7700	acc=0.1250	acc_avg=0.1239	loss=3.6434	loss_avg=3.7516	lr=0.0098	|gn|=2.7927	time=3.42it/s
2025-11-26 03:09:38,073 epoch=9	global_step=7800	acc=0.0938	acc_avg=0.1266	loss=3.7665	loss_avg=3.7516	lr=0.0098	|gn|=3.0402	time=3.42it/s
2025-11-26 03:10:11,405 epoch=9	global_step=7900	acc=0.1250	acc_avg=0.1288	loss=3.6078	loss_avg=3.7428	lr=0.0098	|gn|=3.2708	time=3.42it/s
2025-11-26 03:10:44,766 epoch=9	global_step=8000	acc=0.1875	acc_avg=0.1289	loss=3.4585	loss_avg=3.7420	lr=0.0098	|gn|=2.6879	time=3.42it/s
2025-11-26 03:11:11,157 ====================Eval Epoch 9====================
2025-11-26 03:11:13,673 epoch=9	global_step=31	acc=0.1250	acc_avg=0.1560	acc5=0.2500	acc5_avg=0.3960	loss=4.4421	loss_avg=3.6232	time=77.23it/s
2025-11-26 03:11:13,673 Eval Loss:3.6232	Eval acc: 15.60
2025-11-26 03:11:13,673 
2025-11-26 03:11:13,673 ====================Training Epoch 10====================
2025-11-26 03:11:21,321 epoch=10	global_step=8100	acc=0.1875	acc_avg=0.1384	loss=3.3171	loss_avg=3.6415	lr=0.0098	|gn|=3.4273	time=3.42it/s
2025-11-26 03:11:54,658 epoch=10	global_step=8200	acc=0.0625	acc_avg=0.1322	loss=3.7817	loss_avg=3.6598	lr=0.0098	|gn|=3.3195	time=3.42it/s
2025-11-26 03:12:28,026 epoch=10	global_step=8300	acc=0.2188	acc_avg=0.1383	loss=3.7043	loss_avg=3.6786	lr=0.0098	|gn|=3.2840	time=3.41it/s
2025-11-26 03:13:01,345 epoch=10	global_step=8400	acc=0.1250	acc_avg=0.1439	loss=3.6781	loss_avg=3.6662	lr=0.0098	|gn|=3.1122	time=3.42it/s
2025-11-26 03:13:34,739 epoch=10	global_step=8500	acc=0.0938	acc_avg=0.1449	loss=3.5376	loss_avg=3.6599	lr=0.0098	|gn|=3.0042	time=3.42it/s
2025-11-26 03:14:08,054 epoch=10	global_step=8600	acc=0.1875	acc_avg=0.1462	loss=3.7735	loss_avg=3.6446	lr=0.0098	|gn|=3.7525	time=3.42it/s
2025-11-26 03:14:41,399 epoch=10	global_step=8700	acc=0.1562	acc_avg=0.1475	loss=3.5332	loss_avg=3.6407	lr=0.0098	|gn|=3.3437	time=3.42it/s
2025-11-26 03:15:14,709 epoch=10	global_step=8800	acc=0.1875	acc_avg=0.1467	loss=3.7034	loss_avg=3.6388	lr=0.0098	|gn|=3.2424	time=3.42it/s
2025-11-26 03:15:43,762 ====================Eval Epoch 10====================
2025-11-26 03:15:46,315 epoch=10	global_step=31	acc=0.1250	acc_avg=0.1400	acc5=0.5000	acc5_avg=0.3920	loss=3.8376	loss_avg=3.8397	time=76.90it/s
2025-11-26 03:15:46,315 Eval Loss:3.8397	Eval acc: 14.00
2025-11-26 03:15:46,316 
2025-11-26 03:15:46,316 ====================Training Epoch 11====================
2025-11-26 03:15:51,252 epoch=11	global_step=8900	acc=0.1562	acc_avg=0.1635	loss=3.6971	loss_avg=3.5741	lr=0.0097	|gn|=2.9891	time=3.41it/s
2025-11-26 03:16:24,577 epoch=11	global_step=9000	acc=0.1562	acc_avg=0.1679	loss=3.4241	loss_avg=3.5672	lr=0.0097	|gn|=3.4613	time=3.42it/s
2025-11-26 03:16:57,972 epoch=11	global_step=9100	acc=0.1250	acc_avg=0.1643	loss=3.7918	loss_avg=3.5683	lr=0.0097	|gn|=3.3877	time=3.42it/s
2025-11-26 03:17:31,304 epoch=11	global_step=9200	acc=0.1250	acc_avg=0.1652	loss=3.5355	loss_avg=3.5482	lr=0.0097	|gn|=3.7020	time=3.42it/s
2025-11-26 03:18:04,668 epoch=11	global_step=9300	acc=0.0938	acc_avg=0.1652	loss=3.9407	loss_avg=3.5487	lr=0.0097	|gn|=3.2673	time=3.42it/s
2025-11-26 03:18:37,992 epoch=11	global_step=9400	acc=0.2188	acc_avg=0.1636	loss=3.2692	loss_avg=3.5546	lr=0.0097	|gn|=3.5286	time=3.42it/s
2025-11-26 03:19:11,358 epoch=11	global_step=9500	acc=0.1250	acc_avg=0.1635	loss=3.5124	loss_avg=3.5504	lr=0.0097	|gn|=3.3948	time=3.42it/s
2025-11-26 03:19:44,688 epoch=11	global_step=9600	acc=0.2500	acc_avg=0.1642	loss=3.4643	loss_avg=3.5489	lr=0.0097	|gn|=3.4913	time=3.42it/s
2025-11-26 03:20:16,402 ====================Eval Epoch 11====================
2025-11-26 03:20:18,925 epoch=11	global_step=31	acc=0.1250	acc_avg=0.1770	acc5=0.1250	acc5_avg=0.4410	loss=4.0515	loss_avg=3.4806	time=77.42it/s
2025-11-26 03:20:18,925 Eval Loss:3.4806	Eval acc: 17.70
2025-11-26 03:20:18,926 
2025-11-26 03:20:18,926 ====================Training Epoch 12====================
2025-11-26 03:20:21,214 epoch=12	global_step=9700	acc=0.0625	acc_avg=0.1500	loss=3.8747	loss_avg=3.4076	lr=0.0096	|gn|=3.2217	time=3.42it/s
2025-11-26 03:20:54,546 epoch=12	global_step=9800	acc=0.1875	acc_avg=0.1658	loss=3.3863	loss_avg=3.5054	lr=0.0096	|gn|=3.0050	time=3.42it/s
2025-11-26 03:21:28,042 epoch=12	global_step=9900	acc=0.1250	acc_avg=0.1665	loss=3.6214	loss_avg=3.5074	lr=0.0096	|gn|=3.1402	time=3.42it/s
2025-11-26 03:22:01,268 epoch=12	global_step=10000	acc=0.2188	acc_avg=0.1698	loss=3.2399	loss_avg=3.4991	lr=0.0096	|gn|=2.9605	time=3.42it/s
2025-11-26 03:22:34,549 epoch=12	global_step=10100	acc=0.1875	acc_avg=0.1730	loss=3.4964	loss_avg=3.4837	lr=0.0096	|gn|=3.5321	time=3.42it/s
2025-11-26 03:23:07,782 epoch=12	global_step=10200	acc=0.0625	acc_avg=0.1759	loss=3.8019	loss_avg=3.4712	lr=0.0096	|gn|=3.4821	time=3.42it/s
2025-11-26 03:23:41,051 epoch=12	global_step=10300	acc=0.1250	acc_avg=0.1791	loss=3.4195	loss_avg=3.4556	lr=0.0096	|gn|=3.3873	time=3.42it/s
2025-11-26 03:24:14,269 epoch=12	global_step=10400	acc=0.1562	acc_avg=0.1816	loss=3.5888	loss_avg=3.4528	lr=0.0096	|gn|=3.3659	time=3.42it/s
2025-11-26 03:24:47,539 epoch=12	global_step=10500	acc=0.2188	acc_avg=0.1826	loss=3.4962	loss_avg=3.4497	lr=0.0096	|gn|=3.2445	time=3.42it/s
2025-11-26 03:24:48,595 ====================Eval Epoch 12====================
2025-11-26 03:24:51,125 epoch=12	global_step=31	acc=0.1250	acc_avg=0.2020	acc5=0.3750	acc5_avg=0.4740	loss=4.0498	loss_avg=3.3550	time=77.72it/s
2025-11-26 03:24:51,125 Eval Loss:3.3550	Eval acc: 20.20
2025-11-26 03:24:51,126 
2025-11-26 03:24:51,126 ====================Training Epoch 13====================
2025-11-26 03:25:23,947 epoch=13	global_step=10600	acc=0.2812	acc_avg=0.1923	loss=3.2640	loss_avg=3.3920	lr=0.0096	|gn|=3.2019	time=3.42it/s
2025-11-26 03:25:57,243 epoch=13	global_step=10700	acc=0.1875	acc_avg=0.1905	loss=3.3356	loss_avg=3.3789	lr=0.0096	|gn|=3.1523	time=3.42it/s
2025-11-26 03:26:30,491 epoch=13	global_step=10800	acc=0.2188	acc_avg=0.1927	loss=2.8994	loss_avg=3.3676	lr=0.0096	|gn|=3.2102	time=3.42it/s
2025-11-26 03:27:03,789 epoch=13	global_step=10900	acc=0.1875	acc_avg=0.1937	loss=3.1716	loss_avg=3.3699	lr=0.0096	|gn|=3.2564	time=3.42it/s
2025-11-26 03:27:37,026 epoch=13	global_step=11000	acc=0.2188	acc_avg=0.1944	loss=2.9361	loss_avg=3.3755	lr=0.0096	|gn|=3.5410	time=3.41it/s
2025-11-26 03:28:10,300 epoch=13	global_step=11100	acc=0.1875	acc_avg=0.1936	loss=3.4525	loss_avg=3.3729	lr=0.0096	|gn|=3.1859	time=3.42it/s
2025-11-26 03:28:43,532 epoch=13	global_step=11200	acc=0.1875	acc_avg=0.1955	loss=3.3529	loss_avg=3.3678	lr=0.0096	|gn|=3.1725	time=3.42it/s
2025-11-26 03:29:16,802 epoch=13	global_step=11300	acc=0.1562	acc_avg=0.1948	loss=3.4144	loss_avg=3.3689	lr=0.0096	|gn|=3.4422	time=3.42it/s
2025-11-26 03:29:20,496 ====================Eval Epoch 13====================
2025-11-26 03:29:23,035 epoch=13	global_step=31	acc=0.1250	acc_avg=0.2050	acc5=0.6250	acc5_avg=0.4830	loss=3.4023	loss_avg=3.3034	time=77.62it/s
2025-11-26 03:29:23,035 Eval Loss:3.3034	Eval acc: 20.50
2025-11-26 03:29:23,036 
2025-11-26 03:29:23,036 ====================Training Epoch 14====================
2025-11-26 03:29:53,220 epoch=14	global_step=11400	acc=0.1562	acc_avg=0.2047	loss=3.1395	loss_avg=3.3507	lr=0.0095	|gn|=3.2194	time=3.42it/s
2025-11-26 03:30:26,467 epoch=14	global_step=11500	acc=0.1875	acc_avg=0.1997	loss=3.2053	loss_avg=3.3501	lr=0.0095	|gn|=3.5848	time=3.42it/s
2025-11-26 03:30:59,735 epoch=14	global_step=11600	acc=0.2500	acc_avg=0.2076	loss=3.0343	loss_avg=3.3266	lr=0.0095	|gn|=3.6592	time=3.42it/s
2025-11-26 03:31:32,959 epoch=14	global_step=11700	acc=0.3750	acc_avg=0.2115	loss=2.9123	loss_avg=3.3132	lr=0.0095	|gn|=3.6543	time=3.42it/s
2025-11-26 03:32:06,223 epoch=14	global_step=11800	acc=0.1875	acc_avg=0.2095	loss=3.0533	loss_avg=3.3149	lr=0.0095	|gn|=3.1148	time=3.43it/s
2025-11-26 03:32:39,456 epoch=14	global_step=11900	acc=0.1875	acc_avg=0.2103	loss=3.5603	loss_avg=3.3049	lr=0.0095	|gn|=3.7415	time=3.42it/s
2025-11-26 03:33:12,658 epoch=14	global_step=12000	acc=0.0312	acc_avg=0.2128	loss=3.7582	loss_avg=3.2955	lr=0.0095	|gn|=4.0727	time=3.42it/s
2025-11-26 03:33:45,888 epoch=14	global_step=12100	acc=0.2500	acc_avg=0.2129	loss=2.8164	loss_avg=3.2938	lr=0.0095	|gn|=3.2852	time=3.43it/s
2025-11-26 03:33:52,246 ====================Eval Epoch 14====================
2025-11-26 03:33:54,775 epoch=14	global_step=31	acc=0.1250	acc_avg=0.2370	acc5=0.3750	acc5_avg=0.5130	loss=4.0129	loss_avg=3.2311	time=77.82it/s
2025-11-26 03:33:54,775 Eval Loss:3.2311	Eval acc: 23.70
2025-11-26 03:33:54,776 
2025-11-26 03:33:54,776 ====================Training Epoch 15====================
2025-11-26 03:34:22,344 epoch=15	global_step=12200	acc=0.2812	acc_avg=0.2330	loss=3.1723	loss_avg=3.2118	lr=0.0095	|gn|=3.3951	time=3.42it/s
2025-11-26 03:34:55,589 epoch=15	global_step=12300	acc=0.4375	acc_avg=0.2353	loss=2.9388	loss_avg=3.2115	lr=0.0095	|gn|=3.1614	time=3.42it/s
2025-11-26 03:35:28,843 epoch=15	global_step=12400	acc=0.4062	acc_avg=0.2324	loss=2.8619	loss_avg=3.2235	lr=0.0095	|gn|=2.8950	time=3.42it/s
2025-11-26 03:36:02,087 epoch=15	global_step=12500	acc=0.1875	acc_avg=0.2289	loss=3.1979	loss_avg=3.2279	lr=0.0095	|gn|=4.0527	time=3.42it/s
2025-11-26 03:36:35,310 epoch=15	global_step=12600	acc=0.1562	acc_avg=0.2299	loss=3.7473	loss_avg=3.2191	lr=0.0095	|gn|=3.1789	time=3.42it/s
2025-11-26 03:37:08,560 epoch=15	global_step=12700	acc=0.3125	acc_avg=0.2311	loss=3.0810	loss_avg=3.2112	lr=0.0095	|gn|=3.2791	time=3.42it/s
2025-11-26 03:37:41,790 epoch=15	global_step=12800	acc=0.2188	acc_avg=0.2320	loss=3.3228	loss_avg=3.2061	lr=0.0095	|gn|=4.0507	time=3.42it/s
2025-11-26 03:38:15,019 epoch=15	global_step=12900	acc=0.3125	acc_avg=0.2314	loss=3.0234	loss_avg=3.2063	lr=0.0095	|gn|=3.5760	time=3.42it/s
2025-11-26 03:38:24,050 ====================Eval Epoch 15====================
2025-11-26 03:38:26,578 epoch=15	global_step=31	acc=0.1250	acc_avg=0.2480	acc5=0.1250	acc5_avg=0.5310	loss=4.0186	loss_avg=3.1697	time=77.33it/s
2025-11-26 03:38:26,579 Eval Loss:3.1697	Eval acc: 24.80
2025-11-26 03:38:26,579 
2025-11-26 03:38:26,579 ====================Training Epoch 16====================
2025-11-26 03:38:51,517 epoch=16	global_step=13000	acc=0.0938	acc_avg=0.2530	loss=3.4658	loss_avg=3.0836	lr=0.0094	|gn|=3.5061	time=3.42it/s
2025-11-26 03:39:24,763 epoch=16	global_step=13100	acc=0.2812	acc_avg=0.2422	loss=3.2272	loss_avg=3.1181	lr=0.0094	|gn|=3.5287	time=3.42it/s
2025-11-26 03:39:57,995 epoch=16	global_step=13200	acc=0.2188	acc_avg=0.2439	loss=3.1232	loss_avg=3.1262	lr=0.0094	|gn|=4.0824	time=3.42it/s
2025-11-26 03:40:31,216 epoch=16	global_step=13300	acc=0.1875	acc_avg=0.2409	loss=3.0727	loss_avg=3.1462	lr=0.0094	|gn|=3.7218	time=3.42it/s
2025-11-26 03:41:04,465 epoch=16	global_step=13400	acc=0.2188	acc_avg=0.2419	loss=3.1026	loss_avg=3.1375	lr=0.0094	|gn|=3.9848	time=3.42it/s
2025-11-26 03:41:37,673 epoch=16	global_step=13500	acc=0.3125	acc_avg=0.2429	loss=2.8000	loss_avg=3.1399	lr=0.0094	|gn|=3.2505	time=3.42it/s
2025-11-26 03:42:10,931 epoch=16	global_step=13600	acc=0.2812	acc_avg=0.2446	loss=2.4687	loss_avg=3.1284	lr=0.0094	|gn|=2.9076	time=3.42it/s
2025-11-26 03:42:44,183 epoch=16	global_step=13700	acc=0.2812	acc_avg=0.2443	loss=2.9632	loss_avg=3.1299	lr=0.0094	|gn|=2.9132	time=3.42it/s
2025-11-26 03:42:55,890 ====================Eval Epoch 16====================
2025-11-26 03:42:58,435 epoch=16	global_step=31	acc=0.2500	acc_avg=0.2610	acc5=0.5000	acc5_avg=0.5460	loss=3.3664	loss_avg=3.1199	time=77.68it/s
2025-11-26 03:42:58,436 Eval Loss:3.1199	Eval acc: 26.10
2025-11-26 03:42:58,436 
2025-11-26 03:42:58,436 ====================Training Epoch 17====================
2025-11-26 03:43:20,658 epoch=17	global_step=13800	acc=0.2188	acc_avg=0.2745	loss=3.2642	loss_avg=3.0593	lr=0.0093	|gn|=3.5885	time=3.42it/s
2025-11-26 03:43:53,873 epoch=17	global_step=13900	acc=0.2188	acc_avg=0.2578	loss=3.0750	loss_avg=3.0759	lr=0.0093	|gn|=3.3546	time=3.42it/s
2025-11-26 03:44:27,089 epoch=17	global_step=14000	acc=0.2500	acc_avg=0.2604	loss=3.2015	loss_avg=3.0629	lr=0.0093	|gn|=4.1523	time=3.42it/s
2025-11-26 03:45:00,386 epoch=17	global_step=14100	acc=0.1250	acc_avg=0.2609	loss=3.2682	loss_avg=3.0474	lr=0.0093	|gn|=3.9385	time=3.42it/s
2025-11-26 03:45:33,614 epoch=17	global_step=14200	acc=0.2812	acc_avg=0.2631	loss=3.0027	loss_avg=3.0482	lr=0.0093	|gn|=4.0277	time=3.42it/s
2025-11-26 03:46:06,867 epoch=17	global_step=14300	acc=0.1250	acc_avg=0.2623	loss=3.3103	loss_avg=3.0479	lr=0.0093	|gn|=3.6919	time=3.41it/s
2025-11-26 03:46:40,119 epoch=17	global_step=14400	acc=0.1875	acc_avg=0.2583	loss=3.3746	loss_avg=3.0549	lr=0.0093	|gn|=3.6125	time=3.42it/s
2025-11-26 03:47:13,367 epoch=17	global_step=14500	acc=0.2812	acc_avg=0.2601	loss=2.9024	loss_avg=3.0488	lr=0.0093	|gn|=3.1615	time=3.42it/s
2025-11-26 03:47:27,691 ====================Eval Epoch 17====================
2025-11-26 03:47:30,252 epoch=17	global_step=31	acc=0.0000	acc_avg=0.2580	acc5=0.2500	acc5_avg=0.5590	loss=4.8734	loss_avg=3.0214	time=77.53it/s
2025-11-26 03:47:30,253 Eval Loss:3.0214	Eval acc: 25.80
2025-11-26 03:47:30,253 
2025-11-26 03:47:30,253 ====================Training Epoch 18====================
2025-11-26 03:47:49,904 epoch=18	global_step=14600	acc=0.4375	acc_avg=0.2818	loss=2.5637	loss_avg=2.9584	lr=0.0092	|gn|=3.7187	time=3.42it/s
2025-11-26 03:48:23,163 epoch=18	global_step=14700	acc=0.2500	acc_avg=0.2721	loss=3.0723	loss_avg=2.9869	lr=0.0092	|gn|=3.6257	time=3.42it/s
2025-11-26 03:48:56,469 epoch=18	global_step=14800	acc=0.3438	acc_avg=0.2757	loss=2.6902	loss_avg=2.9732	lr=0.0092	|gn|=3.4876	time=3.42it/s
2025-11-26 03:49:29,729 epoch=18	global_step=14900	acc=0.1875	acc_avg=0.2737	loss=3.0414	loss_avg=2.9893	lr=0.0092	|gn|=3.6406	time=3.42it/s
2025-11-26 03:50:03,029 epoch=18	global_step=15000	acc=0.1562	acc_avg=0.2729	loss=2.9737	loss_avg=2.9879	lr=0.0092	|gn|=4.0344	time=3.42it/s
2025-11-26 03:50:36,366 epoch=18	global_step=15100	acc=0.2812	acc_avg=0.2741	loss=2.8228	loss_avg=2.9817	lr=0.0092	|gn|=3.5582	time=3.42it/s
2025-11-26 03:51:09,642 epoch=18	global_step=15200	acc=0.3438	acc_avg=0.2737	loss=2.7821	loss_avg=2.9830	lr=0.0092	|gn|=3.5131	time=3.42it/s
2025-11-26 03:51:42,950 epoch=18	global_step=15300	acc=0.3438	acc_avg=0.2730	loss=2.7292	loss_avg=2.9876	lr=0.0092	|gn|=3.5268	time=3.42it/s
2025-11-26 03:51:59,968 ====================Eval Epoch 18====================
2025-11-26 03:52:02,479 epoch=18	global_step=31	acc=0.1250	acc_avg=0.2660	acc5=0.5000	acc5_avg=0.5750	loss=3.6919	loss_avg=2.9662	time=77.50it/s
2025-11-26 03:52:02,479 Eval Loss:2.9662	Eval acc: 26.60
2025-11-26 03:52:02,480 
2025-11-26 03:52:02,480 ====================Training Epoch 19====================
2025-11-26 03:52:19,388 epoch=19	global_step=15400	acc=0.3750	acc_avg=0.3131	loss=2.3269	loss_avg=2.8814	lr=0.0091	|gn|=3.0929	time=3.42it/s
2025-11-26 03:52:52,632 epoch=19	global_step=15500	acc=0.4062	acc_avg=0.2924	loss=2.4425	loss_avg=2.9137	lr=0.0091	|gn|=3.4399	time=3.42it/s
2025-11-26 03:53:25,920 epoch=19	global_step=15600	acc=0.1875	acc_avg=0.2888	loss=3.3535	loss_avg=2.9205	lr=0.0091	|gn|=3.9973	time=3.42it/s
2025-11-26 03:53:59,156 epoch=19	global_step=15700	acc=0.2812	acc_avg=0.2906	loss=2.8848	loss_avg=2.9125	lr=0.0091	|gn|=3.5973	time=3.42it/s
2025-11-26 03:54:32,375 epoch=19	global_step=15800	acc=0.2188	acc_avg=0.2890	loss=3.3310	loss_avg=2.9212	lr=0.0091	|gn|=3.7598	time=3.42it/s
2025-11-26 03:55:05,646 epoch=19	global_step=15900	acc=0.2188	acc_avg=0.2898	loss=2.6303	loss_avg=2.9162	lr=0.0091	|gn|=3.9498	time=3.42it/s
2025-11-26 03:55:38,888 epoch=19	global_step=16000	acc=0.3125	acc_avg=0.2902	loss=2.6221	loss_avg=2.9165	lr=0.0091	|gn|=3.8583	time=3.42it/s
2025-11-26 03:56:12,133 epoch=19	global_step=16100	acc=0.4062	acc_avg=0.2926	loss=2.4241	loss_avg=2.9065	lr=0.0091	|gn|=3.3068	time=3.42it/s
2025-11-26 03:56:31,789 ====================Eval Epoch 19====================
2025-11-26 03:56:34,358 epoch=19	global_step=31	acc=0.1250	acc_avg=0.3020	acc5=0.2500	acc5_avg=0.6000	loss=3.9555	loss_avg=2.8387	time=77.43it/s
2025-11-26 03:56:34,358 Eval Loss:2.8387	Eval acc: 30.20
2025-11-26 03:56:34,359 
2025-11-26 03:56:34,359 ====================Training Epoch 20====================
2025-11-26 03:56:48,611 epoch=20	global_step=16200	acc=0.3125	acc_avg=0.3034	loss=2.9299	loss_avg=2.8302	lr=0.0090	|gn|=3.7208	time=3.42it/s
2025-11-26 03:57:21,889 epoch=20	global_step=16300	acc=0.2188	acc_avg=0.3061	loss=3.1623	loss_avg=2.8381	lr=0.0090	|gn|=4.2648	time=3.42it/s
2025-11-26 03:57:55,150 epoch=20	global_step=16400	acc=0.3438	acc_avg=0.3011	loss=2.7340	loss_avg=2.8423	lr=0.0090	|gn|=3.5253	time=3.42it/s
2025-11-26 03:58:28,443 epoch=20	global_step=16500	acc=0.3125	acc_avg=0.3016	loss=2.8858	loss_avg=2.8393	lr=0.0090	|gn|=3.9954	time=3.42it/s
2025-11-26 03:59:01,694 epoch=20	global_step=16600	acc=0.3438	acc_avg=0.3043	loss=2.6481	loss_avg=2.8378	lr=0.0090	|gn|=3.3340	time=3.42it/s
2025-11-26 03:59:34,975 epoch=20	global_step=16700	acc=0.2188	acc_avg=0.3057	loss=2.7302	loss_avg=2.8374	lr=0.0090	|gn|=3.8417	time=3.42it/s
2025-11-26 04:00:08,197 epoch=20	global_step=16800	acc=0.2188	acc_avg=0.3055	loss=3.5630	loss_avg=2.8402	lr=0.0090	|gn|=4.4276	time=3.42it/s
2025-11-26 04:00:41,475 epoch=20	global_step=16900	acc=0.2812	acc_avg=0.3072	loss=3.1297	loss_avg=2.8350	lr=0.0090	|gn|=3.9627	time=3.42it/s
2025-11-26 04:01:03,800 ====================Eval Epoch 20====================
2025-11-26 04:01:06,335 epoch=20	global_step=31	acc=0.2500	acc_avg=0.3050	acc5=0.6250	acc5_avg=0.6250	loss=3.2868	loss_avg=2.7306	time=77.81it/s
2025-11-26 04:01:06,335 Eval Loss:2.7306	Eval acc: 30.50
2025-11-26 04:01:06,336 
2025-11-26 04:01:06,336 ====================Training Epoch 21====================
2025-11-26 04:01:18,057 epoch=21	global_step=17000	acc=0.3125	acc_avg=0.3125	loss=2.7898	loss_avg=2.7646	lr=0.0090	|gn|=3.0954	time=3.42it/s
2025-11-26 04:01:51,272 epoch=21	global_step=17100	acc=0.2500	acc_avg=0.3177	loss=3.1468	loss_avg=2.7721	lr=0.0090	|gn|=4.1861	time=3.42it/s
2025-11-26 04:02:24,495 epoch=21	global_step=17200	acc=0.1875	acc_avg=0.3176	loss=3.1497	loss_avg=2.7817	lr=0.0090	|gn|=4.4140	time=3.42it/s
2025-11-26 04:02:57,758 epoch=21	global_step=17300	acc=0.3750	acc_avg=0.3170	loss=2.9193	loss_avg=2.7815	lr=0.0090	|gn|=3.8117	time=3.42it/s
2025-11-26 04:03:30,986 epoch=21	global_step=17400	acc=0.3750	acc_avg=0.3183	loss=2.4345	loss_avg=2.7740	lr=0.0090	|gn|=3.7186	time=3.42it/s
2025-11-26 04:04:04,270 epoch=21	global_step=17500	acc=0.3125	acc_avg=0.3168	loss=2.8767	loss_avg=2.7798	lr=0.0090	|gn|=3.5876	time=3.42it/s
2025-11-26 04:04:37,500 epoch=21	global_step=17600	acc=0.4375	acc_avg=0.3191	loss=2.5262	loss_avg=2.7702	lr=0.0090	|gn|=3.1897	time=3.42it/s
2025-11-26 04:05:10,753 epoch=21	global_step=17700	acc=0.2500	acc_avg=0.3184	loss=2.7888	loss_avg=2.7771	lr=0.0090	|gn|=4.0232	time=3.42it/s
2025-11-26 04:05:35,725 ====================Eval Epoch 21====================
2025-11-26 04:05:38,278 epoch=21	global_step=31	acc=0.1250	acc_avg=0.3060	acc5=0.5000	acc5_avg=0.6090	loss=3.5979	loss_avg=3.3896	time=77.28it/s
2025-11-26 04:05:38,279 Eval Loss:3.3896	Eval acc: 30.60
2025-11-26 04:05:38,279 
2025-11-26 04:05:38,279 ====================Training Epoch 22====================
2025-11-26 04:05:47,205 epoch=22	global_step=17800	acc=0.4375	acc_avg=0.3250	loss=2.5307	loss_avg=2.7337	lr=0.0089	|gn|=3.7547	time=3.42it/s
2025-11-26 04:06:20,457 epoch=22	global_step=17900	acc=0.4062	acc_avg=0.3225	loss=2.4154	loss_avg=2.7649	lr=0.0089	|gn|=3.7249	time=3.43it/s
2025-11-26 04:06:53,682 epoch=22	global_step=18000	acc=0.3438	acc_avg=0.3203	loss=2.5116	loss_avg=2.7665	lr=0.0089	|gn|=3.7834	time=3.42it/s
2025-11-26 04:07:26,938 epoch=22	global_step=18100	acc=0.2500	acc_avg=0.3237	loss=2.8593	loss_avg=2.7474	lr=0.0089	|gn|=3.7832	time=3.42it/s
2025-11-26 04:08:00,202 epoch=22	global_step=18200	acc=0.5000	acc_avg=0.3265	loss=2.5138	loss_avg=2.7398	lr=0.0089	|gn|=3.9428	time=3.42it/s
2025-11-26 04:08:33,389 epoch=22	global_step=18300	acc=0.2500	acc_avg=0.3281	loss=3.2120	loss_avg=2.7317	lr=0.0089	|gn|=4.2797	time=3.42it/s
2025-11-26 04:09:06,641 epoch=22	global_step=18400	acc=0.3125	acc_avg=0.3277	loss=3.1983	loss_avg=2.7341	lr=0.0089	|gn|=3.9672	time=3.42it/s
2025-11-26 04:09:39,842 epoch=22	global_step=18500	acc=0.3438	acc_avg=0.3284	loss=2.8514	loss_avg=2.7295	lr=0.0089	|gn|=3.8285	time=3.43it/s
2025-11-26 04:10:07,437 ====================Eval Epoch 22====================
2025-11-26 04:10:09,949 epoch=22	global_step=31	acc=0.1250	acc_avg=0.3410	acc5=0.6250	acc5_avg=0.6350	loss=2.9355	loss_avg=2.6805	time=77.81it/s
2025-11-26 04:10:09,949 Eval Loss:2.6805	Eval acc: 34.10
2025-11-26 04:10:09,950 
2025-11-26 04:10:09,950 ====================Training Epoch 23====================
2025-11-26 04:10:16,178 epoch=23	global_step=18600	acc=0.3438	acc_avg=0.3805	loss=2.7252	loss_avg=2.6017	lr=0.0088	|gn|=4.0084	time=3.43it/s
2025-11-26 04:10:49,364 epoch=23	global_step=18700	acc=0.3125	acc_avg=0.3435	loss=2.7213	loss_avg=2.6851	lr=0.0088	|gn|=3.9733	time=3.43it/s
2025-11-26 04:11:22,620 epoch=23	global_step=18800	acc=0.3125	acc_avg=0.3407	loss=2.3556	loss_avg=2.6799	lr=0.0088	|gn|=3.8442	time=3.43it/s
2025-11-26 04:11:55,862 epoch=23	global_step=18900	acc=0.2188	acc_avg=0.3365	loss=2.7339	loss_avg=2.6961	lr=0.0088	|gn|=4.3757	time=3.42it/s
2025-11-26 04:12:29,141 epoch=23	global_step=19000	acc=0.3750	acc_avg=0.3394	loss=2.5368	loss_avg=2.6886	lr=0.0088	|gn|=3.8344	time=3.42it/s
2025-11-26 04:13:02,419 epoch=23	global_step=19100	acc=0.2500	acc_avg=0.3382	loss=2.9479	loss_avg=2.6854	lr=0.0088	|gn|=4.2267	time=3.42it/s
2025-11-26 04:13:35,692 epoch=23	global_step=19200	acc=0.0938	acc_avg=0.3362	loss=3.0328	loss_avg=2.6861	lr=0.0088	|gn|=4.1316	time=3.42it/s
2025-11-26 04:14:08,994 epoch=23	global_step=19300	acc=0.4375	acc_avg=0.3367	loss=2.0498	loss_avg=2.6863	lr=0.0088	|gn|=3.3577	time=3.42it/s
2025-11-26 04:14:39,353 ====================Eval Epoch 23====================
2025-11-26 04:14:41,882 epoch=23	global_step=31	acc=0.2500	acc_avg=0.3300	acc5=0.6250	acc5_avg=0.6280	loss=2.5687	loss_avg=2.8540	time=77.79it/s
2025-11-26 04:14:41,882 Eval Loss:2.8540	Eval acc: 33.00
2025-11-26 04:14:41,883 
2025-11-26 04:14:41,883 ====================Training Epoch 24====================
2025-11-26 04:14:45,471 epoch=24	global_step=19400	acc=0.2188	acc_avg=0.3542	loss=3.1935	loss_avg=2.6347	lr=0.0086	|gn|=4.1429	time=3.42it/s
2025-11-26 04:15:18,760 epoch=24	global_step=19500	acc=0.2812	acc_avg=0.3524	loss=2.7687	loss_avg=2.6079	lr=0.0086	|gn|=3.9788	time=3.42it/s
2025-11-26 04:15:52,022 epoch=24	global_step=19600	acc=0.4688	acc_avg=0.3524	loss=2.2273	loss_avg=2.6049	lr=0.0086	|gn|=3.6482	time=3.41it/s
2025-11-26 04:16:25,302 epoch=24	global_step=19700	acc=0.2812	acc_avg=0.3522	loss=2.6004	loss_avg=2.6001	lr=0.0086	|gn|=4.3808	time=3.42it/s
2025-11-26 04:16:58,549 epoch=24	global_step=19800	acc=0.4688	acc_avg=0.3524	loss=2.3383	loss_avg=2.6011	lr=0.0086	|gn|=3.8173	time=3.42it/s
2025-11-26 04:17:31,809 epoch=24	global_step=19900	acc=0.3125	acc_avg=0.3513	loss=2.7004	loss_avg=2.6015	lr=0.0086	|gn|=4.7239	time=3.42it/s
2025-11-26 04:18:05,036 epoch=24	global_step=20000	acc=0.4062	acc_avg=0.3522	loss=2.8052	loss_avg=2.5981	lr=0.0086	|gn|=3.8224	time=3.42it/s
2025-11-26 04:18:38,276 epoch=24	global_step=20100	acc=0.4375	acc_avg=0.3520	loss=2.5649	loss_avg=2.5966	lr=0.0086	|gn|=3.9266	time=3.42it/s
2025-11-26 04:19:11,275 ====================Eval Epoch 24====================
2025-11-26 04:19:13,795 epoch=24	global_step=31	acc=0.1250	acc_avg=0.3760	acc5=0.3750	acc5_avg=0.6590	loss=3.3380	loss_avg=2.5360	time=77.88it/s
2025-11-26 04:19:13,796 Eval Loss:2.5360	Eval acc: 37.60
2025-11-26 04:19:13,796 
2025-11-26 04:19:13,796 ====================Training Epoch 25====================
2025-11-26 04:19:14,747 epoch=25	global_step=20200	acc=0.4375	acc_avg=0.4375	loss=2.2425	loss_avg=2.2425	lr=0.0085	|gn|=3.4817	time=3.41it/s
2025-11-26 04:19:47,990 epoch=25	global_step=20300	acc=0.3750	acc_avg=0.3697	loss=2.6111	loss_avg=2.5359	lr=0.0085	|gn|=3.9362	time=3.42it/s
2025-11-26 04:20:21,230 epoch=25	global_step=20400	acc=0.3438	acc_avg=0.3692	loss=2.6667	loss_avg=2.5472	lr=0.0085	|gn|=4.0502	time=3.42it/s
2025-11-26 04:20:54,497 epoch=25	global_step=20500	acc=0.2812	acc_avg=0.3666	loss=3.1233	loss_avg=2.5649	lr=0.0085	|gn|=4.2432	time=3.42it/s
2025-11-26 04:21:27,718 epoch=25	global_step=20600	acc=0.3750	acc_avg=0.3671	loss=2.4610	loss_avg=2.5549	lr=0.0085	|gn|=4.1318	time=3.42it/s
2025-11-26 04:22:00,964 epoch=25	global_step=20700	acc=0.1875	acc_avg=0.3640	loss=2.9069	loss_avg=2.5558	lr=0.0085	|gn|=4.3150	time=3.42it/s
2025-11-26 04:22:34,173 epoch=25	global_step=20800	acc=0.3750	acc_avg=0.3660	loss=2.7527	loss_avg=2.5500	lr=0.0085	|gn|=4.7247	time=3.42it/s
2025-11-26 04:23:07,429 epoch=25	global_step=20900	acc=0.2188	acc_avg=0.3663	loss=3.0477	loss_avg=2.5527	lr=0.0085	|gn|=5.3433	time=3.42it/s
2025-11-26 04:23:40,649 epoch=25	global_step=21000	acc=0.2812	acc_avg=0.3659	loss=2.6029	loss_avg=2.5492	lr=0.0085	|gn|=3.9963	time=3.42it/s
2025-11-26 04:23:43,055 ====================Eval Epoch 25====================
2025-11-26 04:23:45,595 epoch=25	global_step=31	acc=0.2500	acc_avg=0.3790	acc5=0.5000	acc5_avg=0.6720	loss=3.2708	loss_avg=2.5126	time=77.56it/s
2025-11-26 04:23:45,595 Eval Loss:2.5126	Eval acc: 37.90
2025-11-26 04:23:45,595 
2025-11-26 04:23:45,595 ====================Training Epoch 26====================
2025-11-26 04:24:17,098 epoch=26	global_step=21100	acc=0.1875	acc_avg=0.3713	loss=3.0201	loss_avg=2.4825	lr=0.0084	|gn|=4.5744	time=3.42it/s
2025-11-26 04:24:50,344 epoch=26	global_step=21200	acc=0.3125	acc_avg=0.3784	loss=2.8505	loss_avg=2.4533	lr=0.0084	|gn|=4.2764	time=3.42it/s
2025-11-26 04:25:23,555 epoch=26	global_step=21300	acc=0.3125	acc_avg=0.3766	loss=2.2569	loss_avg=2.4560	lr=0.0084	|gn|=3.6178	time=3.42it/s
2025-11-26 04:25:56,813 epoch=26	global_step=21400	acc=0.3438	acc_avg=0.3787	loss=2.4560	loss_avg=2.4500	lr=0.0084	|gn|=4.6501	time=3.43it/s
2025-11-26 04:26:30,155 epoch=26	global_step=21500	acc=0.3438	acc_avg=0.3786	loss=2.6499	loss_avg=2.4563	lr=0.0084	|gn|=4.2929	time=3.42it/s
2025-11-26 04:27:03,405 epoch=26	global_step=21600	acc=0.4688	acc_avg=0.3775	loss=2.7055	loss_avg=2.4658	lr=0.0084	|gn|=4.1359	time=3.42it/s
2025-11-26 04:27:36,650 epoch=26	global_step=21700	acc=0.4375	acc_avg=0.3744	loss=2.5525	loss_avg=2.4804	lr=0.0084	|gn|=4.3247	time=3.42it/s
2025-11-26 04:28:09,893 epoch=26	global_step=21800	acc=0.3750	acc_avg=0.3733	loss=2.6206	loss_avg=2.4877	lr=0.0084	|gn|=4.3794	time=3.42it/s
2025-11-26 04:28:14,922 ====================Eval Epoch 26====================
2025-11-26 04:28:17,466 epoch=26	global_step=31	acc=0.1250	acc_avg=0.3800	acc5=0.6250	acc5_avg=0.6770	loss=3.1090	loss_avg=2.4874	time=77.91it/s
2025-11-26 04:28:17,467 Eval Loss:2.4874	Eval acc: 38.00
2025-11-26 04:28:17,467 
2025-11-26 04:28:17,467 ====================Training Epoch 27====================
2025-11-26 04:28:46,366 epoch=27	global_step=21900	acc=0.1875	acc_avg=0.4004	loss=2.4748	loss_avg=2.4076	lr=0.0083	|gn|=4.0771	time=3.42it/s
2025-11-26 04:29:19,616 epoch=27	global_step=22000	acc=0.3750	acc_avg=0.3922	loss=2.0810	loss_avg=2.4369	lr=0.0083	|gn|=3.3280	time=3.42it/s
2025-11-26 04:29:52,883 epoch=27	global_step=22100	acc=0.4375	acc_avg=0.3913	loss=2.2916	loss_avg=2.4339	lr=0.0083	|gn|=4.2940	time=3.42it/s
2025-11-26 04:30:26,095 epoch=27	global_step=22200	acc=0.3438	acc_avg=0.3933	loss=3.1461	loss_avg=2.4364	lr=0.0083	|gn|=4.5186	time=3.42it/s
2025-11-26 04:30:59,337 epoch=27	global_step=22300	acc=0.4688	acc_avg=0.3948	loss=2.2750	loss_avg=2.4324	lr=0.0083	|gn|=4.2108	time=3.42it/s
2025-11-26 04:31:32,574 epoch=27	global_step=22400	acc=0.3438	acc_avg=0.3950	loss=2.5386	loss_avg=2.4319	lr=0.0083	|gn|=4.2031	time=3.42it/s
2025-11-26 04:32:05,833 epoch=27	global_step=22500	acc=0.3125	acc_avg=0.3941	loss=2.4254	loss_avg=2.4334	lr=0.0083	|gn|=4.3524	time=3.42it/s
2025-11-26 04:32:39,057 epoch=27	global_step=22600	acc=0.4688	acc_avg=0.3935	loss=2.1551	loss_avg=2.4362	lr=0.0083	|gn|=4.4913	time=3.42it/s
2025-11-26 04:32:46,768 ====================Eval Epoch 27====================
2025-11-26 04:32:49,302 epoch=27	global_step=31	acc=0.3750	acc_avg=0.4130	acc5=0.6250	acc5_avg=0.6980	loss=2.6791	loss_avg=2.4165	time=77.86it/s
2025-11-26 04:32:49,302 Eval Loss:2.4165	Eval acc: 41.30
2025-11-26 04:32:49,302 
2025-11-26 04:32:49,302 ====================Training Epoch 28====================
2025-11-26 04:33:15,626 epoch=28	global_step=22700	acc=0.5312	acc_avg=0.4127	loss=2.2517	loss_avg=2.3501	lr=0.0082	|gn|=4.0885	time=3.42it/s
2025-11-26 04:33:48,858 epoch=28	global_step=22800	acc=0.2188	acc_avg=0.4062	loss=3.0625	loss_avg=2.3715	lr=0.0082	|gn|=5.2395	time=3.42it/s
2025-11-26 04:34:22,139 epoch=28	global_step=22900	acc=0.3750	acc_avg=0.4040	loss=2.6104	loss_avg=2.3736	lr=0.0082	|gn|=4.5977	time=3.42it/s
2025-11-26 04:34:55,369 epoch=28	global_step=23000	acc=0.4062	acc_avg=0.4066	loss=2.6735	loss_avg=2.3750	lr=0.0082	|gn|=4.4351	time=3.42it/s
2025-11-26 04:35:28,655 epoch=28	global_step=23100	acc=0.3438	acc_avg=0.4069	loss=2.7885	loss_avg=2.3867	lr=0.0082	|gn|=4.4203	time=3.42it/s
2025-11-26 04:36:01,861 epoch=28	global_step=23200	acc=0.4688	acc_avg=0.4033	loss=2.3035	loss_avg=2.3894	lr=0.0082	|gn|=4.3243	time=3.42it/s
2025-11-26 04:36:35,061 epoch=28	global_step=23300	acc=0.5312	acc_avg=0.4022	loss=2.2048	loss_avg=2.3851	lr=0.0082	|gn|=4.0590	time=3.42it/s
2025-11-26 04:37:08,290 epoch=28	global_step=23400	acc=0.3750	acc_avg=0.4030	loss=2.3830	loss_avg=2.3850	lr=0.0082	|gn|=4.4014	time=3.42it/s
2025-11-26 04:37:18,628 ====================Eval Epoch 28====================
2025-11-26 04:37:21,150 epoch=28	global_step=31	acc=0.2500	acc_avg=0.4060	acc5=0.6250	acc5_avg=0.6850	loss=2.4708	loss_avg=2.6181	time=77.65it/s
2025-11-26 04:37:21,150 Eval Loss:2.6181	Eval acc: 40.60
2025-11-26 04:37:21,150 
2025-11-26 04:37:21,150 ====================Training Epoch 29====================
2025-11-26 04:37:44,700 epoch=29	global_step=23500	acc=0.4062	acc_avg=0.4153	loss=1.8967	loss_avg=2.2952	lr=0.0081	|gn|=4.0338	time=3.42it/s
2025-11-26 04:38:17,972 epoch=29	global_step=23600	acc=0.4375	acc_avg=0.4188	loss=2.2193	loss_avg=2.3162	lr=0.0081	|gn|=4.0159	time=3.42it/s
2025-11-26 04:38:51,219 epoch=29	global_step=23700	acc=0.5312	acc_avg=0.4210	loss=2.1033	loss_avg=2.2995	lr=0.0081	|gn|=4.0758	time=3.42it/s
2025-11-26 04:39:24,857 epoch=29	global_step=23800	acc=0.3125	acc_avg=0.4187	loss=2.3032	loss_avg=2.3142	lr=0.0081	|gn|=4.1059	time=3.42it/s
2025-11-26 04:39:58,078 epoch=29	global_step=23900	acc=0.3750	acc_avg=0.4164	loss=2.3094	loss_avg=2.3186	lr=0.0081	|gn|=4.4625	time=3.42it/s
2025-11-26 04:40:31,371 epoch=29	global_step=24000	acc=0.4688	acc_avg=0.4144	loss=1.9508	loss_avg=2.3279	lr=0.0081	|gn|=4.2488	time=3.42it/s
2025-11-26 04:41:04,608 epoch=29	global_step=24100	acc=0.4375	acc_avg=0.4144	loss=2.3734	loss_avg=2.3341	lr=0.0081	|gn|=4.8823	time=3.42it/s
2025-11-26 04:41:37,896 epoch=29	global_step=24200	acc=0.4375	acc_avg=0.4155	loss=2.2887	loss_avg=2.3269	lr=0.0081	|gn|=4.5947	time=3.43it/s
2025-11-26 04:41:50,912 ====================Eval Epoch 29====================
2025-11-26 04:41:53,480 epoch=29	global_step=31	acc=0.1250	acc_avg=0.4150	acc5=0.5000	acc5_avg=0.7090	loss=3.5420	loss_avg=2.3540	time=77.38it/s
2025-11-26 04:41:53,481 Eval Loss:2.3540	Eval acc: 41.50
2025-11-26 04:41:53,481 
2025-11-26 04:41:53,481 ====================Training Epoch 30====================
2025-11-26 04:42:14,396 epoch=30	global_step=24300	acc=0.3438	acc_avg=0.4324	loss=2.1112	loss_avg=2.2546	lr=0.0079	|gn|=4.1649	time=3.42it/s
2025-11-26 04:42:47,597 epoch=30	global_step=24400	acc=0.5312	acc_avg=0.4307	loss=2.4227	loss_avg=2.2635	lr=0.0079	|gn|=4.2093	time=3.42it/s
2025-11-26 04:43:20,849 epoch=30	global_step=24500	acc=0.3438	acc_avg=0.4283	loss=2.5111	loss_avg=2.2568	lr=0.0079	|gn|=4.5032	time=3.43it/s
2025-11-26 04:43:54,051 epoch=30	global_step=24600	acc=0.2812	acc_avg=0.4270	loss=2.8234	loss_avg=2.2637	lr=0.0079	|gn|=4.7779	time=3.42it/s
2025-11-26 04:44:27,271 epoch=30	global_step=24700	acc=0.4062	acc_avg=0.4276	loss=2.2018	loss_avg=2.2621	lr=0.0079	|gn|=4.4137	time=3.42it/s
2025-11-26 04:45:00,489 epoch=30	global_step=24800	acc=0.4062	acc_avg=0.4270	loss=2.1878	loss_avg=2.2644	lr=0.0079	|gn|=4.1537	time=3.43it/s
2025-11-26 04:45:33,723 epoch=30	global_step=24900	acc=0.6250	acc_avg=0.4263	loss=1.6931	loss_avg=2.2657	lr=0.0079	|gn|=3.6982	time=3.42it/s
2025-11-26 04:46:06,994 epoch=30	global_step=25000	acc=0.4688	acc_avg=0.4254	loss=2.1723	loss_avg=2.2757	lr=0.0079	|gn|=4.2841	time=3.42it/s
2025-11-26 04:46:22,698 ====================Eval Epoch 30====================
2025-11-26 04:46:25,234 epoch=30	global_step=31	acc=0.2500	acc_avg=0.4270	acc5=0.6250	acc5_avg=0.7240	loss=2.6880	loss_avg=2.2418	time=77.59it/s
2025-11-26 04:46:25,235 Eval Loss:2.2418	Eval acc: 42.70
2025-11-26 04:46:25,235 
2025-11-26 04:46:25,235 ====================Training Epoch 31====================
2025-11-26 04:46:43,510 epoch=31	global_step=25100	acc=0.5000	acc_avg=0.4328	loss=1.9981	loss_avg=2.2042	lr=0.0078	|gn|=4.0371	time=3.42it/s
2025-11-26 04:47:16,732 epoch=31	global_step=25200	acc=0.4062	acc_avg=0.4367	loss=2.3015	loss_avg=2.2387	lr=0.0078	|gn|=4.3509	time=3.42it/s
2025-11-26 04:47:50,007 epoch=31	global_step=25300	acc=0.5625	acc_avg=0.4398	loss=1.6933	loss_avg=2.2304	lr=0.0078	|gn|=4.0097	time=3.42it/s
2025-11-26 04:48:23,236 epoch=31	global_step=25400	acc=0.5625	acc_avg=0.4374	loss=1.7353	loss_avg=2.2221	lr=0.0078	|gn|=3.3798	time=3.42it/s
2025-11-26 04:48:56,516 epoch=31	global_step=25500	acc=0.3750	acc_avg=0.4343	loss=2.2367	loss_avg=2.2275	lr=0.0078	|gn|=4.1413	time=3.42it/s
2025-11-26 04:49:29,780 epoch=31	global_step=25600	acc=0.4062	acc_avg=0.4330	loss=1.9034	loss_avg=2.2287	lr=0.0078	|gn|=3.8348	time=3.42it/s
2025-11-26 04:50:02,994 epoch=31	global_step=25700	acc=0.4375	acc_avg=0.4319	loss=2.0905	loss_avg=2.2326	lr=0.0078	|gn|=4.4859	time=3.42it/s
2025-11-26 04:50:36,201 epoch=31	global_step=25800	acc=0.4062	acc_avg=0.4296	loss=2.0035	loss_avg=2.2432	lr=0.0078	|gn|=4.0225	time=3.42it/s
2025-11-26 04:50:54,493 ====================Eval Epoch 31====================
2025-11-26 04:50:57,029 epoch=31	global_step=31	acc=0.2500	acc_avg=0.4180	acc5=0.6250	acc5_avg=0.6990	loss=2.5737	loss_avg=2.7591	time=77.37it/s
2025-11-26 04:50:57,029 Eval Loss:2.7591	Eval acc: 41.80
2025-11-26 04:50:57,029 
2025-11-26 04:50:57,029 ====================Training Epoch 32====================
2025-11-26 04:51:12,606 epoch=32	global_step=25900	acc=0.4062	acc_avg=0.4521	loss=2.2233	loss_avg=2.2169	lr=0.0077	|gn|=4.2621	time=3.43it/s
2025-11-26 04:51:45,846 epoch=32	global_step=26000	acc=0.4062	acc_avg=0.4425	loss=2.6425	loss_avg=2.2230	lr=0.0077	|gn|=4.9703	time=3.41it/s
2025-11-26 04:52:19,140 epoch=32	global_step=26100	acc=0.5625	acc_avg=0.4457	loss=2.2264	loss_avg=2.1991	lr=0.0077	|gn|=4.2967	time=3.42it/s
2025-11-26 04:52:52,380 epoch=32	global_step=26200	acc=0.4688	acc_avg=0.4418	loss=2.2300	loss_avg=2.2162	lr=0.0077	|gn|=4.9920	time=3.43it/s
2025-11-26 04:53:25,662 epoch=32	global_step=26300	acc=0.5312	acc_avg=0.4454	loss=2.1319	loss_avg=2.2054	lr=0.0077	|gn|=3.7730	time=3.42it/s
2025-11-26 04:53:58,890 epoch=32	global_step=26400	acc=0.5312	acc_avg=0.4453	loss=1.9518	loss_avg=2.1956	lr=0.0077	|gn|=4.0463	time=3.42it/s
2025-11-26 04:54:32,179 epoch=32	global_step=26500	acc=0.3438	acc_avg=0.4476	loss=2.2671	loss_avg=2.1841	lr=0.0077	|gn|=4.3726	time=3.43it/s
2025-11-26 04:55:05,445 epoch=32	global_step=26600	acc=0.5000	acc_avg=0.4482	loss=2.0346	loss_avg=2.1791	lr=0.0077	|gn|=3.8662	time=3.42it/s
2025-11-26 04:55:26,408 ====================Eval Epoch 32====================
2025-11-26 04:55:28,950 epoch=32	global_step=31	acc=0.1250	acc_avg=0.4310	acc5=0.6250	acc5_avg=0.7070	loss=3.2263	loss_avg=2.2813	time=77.71it/s
2025-11-26 04:55:28,950 Eval Loss:2.2813	Eval acc: 43.10
2025-11-26 04:55:28,950 
2025-11-26 04:55:28,951 ====================Training Epoch 33====================
2025-11-26 04:55:41,877 epoch=33	global_step=26700	acc=0.5000	acc_avg=0.4502	loss=1.9075	loss_avg=2.1956	lr=0.0075	|gn|=4.0062	time=3.42it/s
2025-11-26 04:56:15,103 epoch=33	global_step=26800	acc=0.4375	acc_avg=0.4450	loss=2.1662	loss_avg=2.1592	lr=0.0075	|gn|=4.6604	time=3.42it/s
2025-11-26 04:56:48,329 epoch=33	global_step=26900	acc=0.5938	acc_avg=0.4549	loss=1.6467	loss_avg=2.1318	lr=0.0075	|gn|=3.9105	time=3.42it/s
2025-11-26 04:57:21,568 epoch=33	global_step=27000	acc=0.4375	acc_avg=0.4555	loss=2.0017	loss_avg=2.1385	lr=0.0075	|gn|=4.8779	time=3.42it/s
2025-11-26 04:57:54,902 epoch=33	global_step=27100	acc=0.3750	acc_avg=0.4494	loss=2.2502	loss_avg=2.1575	lr=0.0075	|gn|=5.9372	time=3.42it/s
2025-11-26 04:58:28,289 epoch=33	global_step=27200	acc=0.3750	acc_avg=0.4511	loss=2.2448	loss_avg=2.1561	lr=0.0075	|gn|=4.7536	time=3.43it/s
2025-11-26 04:59:01,596 epoch=33	global_step=27300	acc=0.3125	acc_avg=0.4524	loss=2.3360	loss_avg=2.1514	lr=0.0075	|gn|=4.7665	time=3.43it/s
2025-11-26 04:59:34,895 epoch=33	global_step=27400	acc=0.5000	acc_avg=0.4523	loss=2.1017	loss_avg=2.1496	lr=0.0075	|gn|=4.5414	time=3.42it/s
2025-11-26 04:59:58,592 ====================Eval Epoch 33====================
2025-11-26 05:00:01,104 epoch=33	global_step=31	acc=0.2500	acc_avg=0.4400	acc5=0.6250	acc5_avg=0.7210	loss=2.9742	loss_avg=2.2966	time=77.82it/s
2025-11-26 05:00:01,104 Eval Loss:2.2966	Eval acc: 44.00
2025-11-26 05:00:01,105 
2025-11-26 05:00:01,105 ====================Training Epoch 34====================
2025-11-26 05:00:11,720 epoch=34	global_step=27500	acc=0.5000	acc_avg=0.4634	loss=2.4705	loss_avg=2.1458	lr=0.0074	|gn|=4.8555	time=3.42it/s
2025-11-26 05:00:45,021 epoch=34	global_step=27600	acc=0.2188	acc_avg=0.4666	loss=2.8874	loss_avg=2.1010	lr=0.0074	|gn|=5.4526	time=3.42it/s
2025-11-26 05:01:18,393 epoch=34	global_step=27700	acc=0.4688	acc_avg=0.4666	loss=2.5590	loss_avg=2.0937	lr=0.0074	|gn|=5.0049	time=3.43it/s
2025-11-26 05:01:51,692 epoch=34	global_step=27800	acc=0.5312	acc_avg=0.4691	loss=1.9354	loss_avg=2.0820	lr=0.0074	|gn|=4.6992	time=3.42it/s
2025-11-26 05:02:24,993 epoch=34	global_step=27900	acc=0.6562	acc_avg=0.4696	loss=1.5791	loss_avg=2.0793	lr=0.0074	|gn|=3.6722	time=3.43it/s
2025-11-26 05:02:58,311 epoch=34	global_step=28000	acc=0.5000	acc_avg=0.4677	loss=1.7119	loss_avg=2.0857	lr=0.0074	|gn|=4.1633	time=3.42it/s
2025-11-26 05:03:31,582 epoch=34	global_step=28100	acc=0.4688	acc_avg=0.4670	loss=1.8435	loss_avg=2.0828	lr=0.0074	|gn|=4.2704	time=3.42it/s
2025-11-26 05:04:04,897 epoch=34	global_step=28200	acc=0.3750	acc_avg=0.4662	loss=2.0689	loss_avg=2.0849	lr=0.0074	|gn|=4.8707	time=3.42it/s
2025-11-26 05:04:31,275 ====================Eval Epoch 34====================
2025-11-26 05:04:33,797 epoch=34	global_step=31	acc=0.5000	acc_avg=0.4520	acc5=0.7500	acc5_avg=0.7340	loss=2.2547	loss_avg=2.1967	time=77.82it/s
2025-11-26 05:04:33,797 Eval Loss:2.1967	Eval acc: 45.20
2025-11-26 05:04:33,797 
2025-11-26 05:04:33,797 ====================Training Epoch 35====================
2025-11-26 05:04:41,432 epoch=35	global_step=28300	acc=0.4688	acc_avg=0.4940	loss=1.9044	loss_avg=2.0046	lr=0.0073	|gn|=4.1630	time=3.42it/s
2025-11-26 05:05:14,756 epoch=35	global_step=28400	acc=0.5625	acc_avg=0.4868	loss=1.6560	loss_avg=2.0208	lr=0.0073	|gn|=4.3131	time=3.42it/s
2025-11-26 05:05:48,022 epoch=35	global_step=28500	acc=0.4688	acc_avg=0.4816	loss=1.9130	loss_avg=2.0362	lr=0.0073	|gn|=4.3102	time=3.43it/s
2025-11-26 05:06:21,333 epoch=35	global_step=28600	acc=0.5625	acc_avg=0.4761	loss=1.6522	loss_avg=2.0481	lr=0.0073	|gn|=3.9134	time=3.42it/s
2025-11-26 05:06:54,580 epoch=35	global_step=28700	acc=0.5000	acc_avg=0.4770	loss=1.7950	loss_avg=2.0509	lr=0.0073	|gn|=4.7782	time=3.42it/s
2025-11-26 05:07:27,900 epoch=35	global_step=28800	acc=0.4375	acc_avg=0.4758	loss=2.3176	loss_avg=2.0541	lr=0.0073	|gn|=4.5873	time=3.42it/s
2025-11-26 05:08:01,155 epoch=35	global_step=28900	acc=0.4062	acc_avg=0.4743	loss=2.6248	loss_avg=2.0588	lr=0.0073	|gn|=5.1683	time=3.42it/s
2025-11-26 05:08:34,468 epoch=35	global_step=29000	acc=0.4375	acc_avg=0.4743	loss=2.0572	loss_avg=2.0579	lr=0.0073	|gn|=4.4505	time=3.42it/s
2025-11-26 05:09:03,467 ====================Eval Epoch 35====================
2025-11-26 05:09:05,990 epoch=35	global_step=31	acc=0.2500	acc_avg=0.4920	acc5=0.5000	acc5_avg=0.7560	loss=3.2808	loss_avg=2.1135	time=77.45it/s
2025-11-26 05:09:05,991 Eval Loss:2.1135	Eval acc: 49.20
2025-11-26 05:09:05,991 
2025-11-26 05:09:05,991 ====================Training Epoch 36====================
2025-11-26 05:09:10,929 epoch=36	global_step=29100	acc=0.5000	acc_avg=0.5072	loss=2.0719	loss_avg=2.0504	lr=0.0071	|gn|=4.2813	time=3.42it/s
2025-11-26 05:09:44,291 epoch=36	global_step=29200	acc=0.6250	acc_avg=0.5008	loss=1.7605	loss_avg=1.9755	lr=0.0071	|gn|=3.8917	time=3.42it/s
2025-11-26 05:10:17,616 epoch=36	global_step=29300	acc=0.5938	acc_avg=0.4952	loss=1.6481	loss_avg=1.9934	lr=0.0071	|gn|=3.7604	time=3.42it/s
2025-11-26 05:10:51,045 epoch=36	global_step=29400	acc=0.5938	acc_avg=0.4921	loss=1.8316	loss_avg=2.0047	lr=0.0071	|gn|=4.4660	time=3.42it/s
2025-11-26 05:11:24,331 epoch=36	global_step=29500	acc=0.4375	acc_avg=0.4908	loss=2.4844	loss_avg=2.0062	lr=0.0071	|gn|=5.5077	time=3.43it/s
2025-11-26 05:11:57,650 epoch=36	global_step=29600	acc=0.4375	acc_avg=0.4892	loss=2.2734	loss_avg=2.0121	lr=0.0071	|gn|=4.6121	time=3.42it/s
2025-11-26 05:12:30,927 epoch=36	global_step=29700	acc=0.5625	acc_avg=0.4894	loss=1.6980	loss_avg=2.0120	lr=0.0071	|gn|=4.3802	time=3.42it/s
2025-11-26 05:13:04,234 epoch=36	global_step=29800	acc=0.5000	acc_avg=0.4885	loss=2.1364	loss_avg=2.0128	lr=0.0071	|gn|=4.3662	time=3.42it/s
2025-11-26 05:13:35,931 ====================Eval Epoch 36====================
2025-11-26 05:13:38,531 epoch=36	global_step=31	acc=0.5000	acc_avg=0.4800	acc5=0.7500	acc5_avg=0.7450	loss=1.7505	loss_avg=2.2835	time=77.40it/s
2025-11-26 05:13:38,532 Eval Loss:2.2835	Eval acc: 48.00
2025-11-26 05:13:38,532 
2025-11-26 05:13:38,532 ====================Training Epoch 37====================
2025-11-26 05:13:40,813 epoch=37	global_step=29900	acc=0.4375	acc_avg=0.5500	loss=2.3361	loss_avg=1.8498	lr=0.0070	|gn|=5.0328	time=3.43it/s
2025-11-26 05:14:14,081 epoch=37	global_step=30000	acc=0.3438	acc_avg=0.4836	loss=2.1710	loss_avg=1.9866	lr=0.0070	|gn|=4.8808	time=3.43it/s
2025-11-26 05:14:47,301 epoch=37	global_step=30100	acc=0.5938	acc_avg=0.4883	loss=1.6572	loss_avg=1.9798	lr=0.0070	|gn|=4.3922	time=3.43it/s
2025-11-26 05:15:20,516 epoch=37	global_step=30200	acc=0.5000	acc_avg=0.4866	loss=1.8018	loss_avg=1.9844	lr=0.0070	|gn|=4.5046	time=3.43it/s
2025-11-26 05:15:53,781 epoch=37	global_step=30300	acc=0.4688	acc_avg=0.4853	loss=2.3409	loss_avg=1.9842	lr=0.0070	|gn|=5.0014	time=3.43it/s
2025-11-26 05:16:27,005 epoch=37	global_step=30400	acc=0.4062	acc_avg=0.4861	loss=2.2317	loss_avg=1.9881	lr=0.0070	|gn|=5.1374	time=3.43it/s
2025-11-26 05:17:00,207 epoch=37	global_step=30500	acc=0.4062	acc_avg=0.4847	loss=1.7674	loss_avg=1.9908	lr=0.0070	|gn|=4.8987	time=3.43it/s
2025-11-26 05:17:33,460 epoch=37	global_step=30600	acc=0.2812	acc_avg=0.4871	loss=2.2813	loss_avg=1.9930	lr=0.0070	|gn|=4.7551	time=3.43it/s
2025-11-26 05:18:06,647 epoch=37	global_step=30700	acc=0.5312	acc_avg=0.4875	loss=1.7150	loss_avg=1.9900	lr=0.0070	|gn|=4.1396	time=3.42it/s
2025-11-26 05:18:07,697 ====================Eval Epoch 37====================
2025-11-26 05:18:10,225 epoch=37	global_step=31	acc=0.2500	acc_avg=0.4960	acc5=0.5000	acc5_avg=0.7530	loss=2.8868	loss_avg=2.0906	time=77.60it/s
2025-11-26 05:18:10,225 Eval Loss:2.0906	Eval acc: 49.60
2025-11-26 05:18:10,226 
2025-11-26 05:18:10,226 ====================Training Epoch 38====================
2025-11-26 05:18:43,077 epoch=38	global_step=30800	acc=0.4688	acc_avg=0.5061	loss=1.9380	loss_avg=1.9105	lr=0.0068	|gn|=4.5069	time=3.43it/s
2025-11-26 05:19:16,358 epoch=38	global_step=30900	acc=0.5625	acc_avg=0.5003	loss=2.0230	loss_avg=1.9357	lr=0.0068	|gn|=5.5807	time=3.43it/s
2025-11-26 05:19:49,588 epoch=38	global_step=31000	acc=0.4688	acc_avg=0.4979	loss=1.5020	loss_avg=1.9383	lr=0.0068	|gn|=4.1369	time=3.43it/s
2025-11-26 05:20:22,815 epoch=38	global_step=31100	acc=0.5312	acc_avg=0.4976	loss=2.0579	loss_avg=1.9468	lr=0.0068	|gn|=5.0465	time=3.42it/s
2025-11-26 05:20:56,042 epoch=38	global_step=31200	acc=0.4375	acc_avg=0.4948	loss=1.7014	loss_avg=1.9584	lr=0.0068	|gn|=4.3218	time=3.43it/s
2025-11-26 05:21:29,260 epoch=38	global_step=31300	acc=0.5625	acc_avg=0.4951	loss=1.5944	loss_avg=1.9561	lr=0.0068	|gn|=4.4436	time=3.43it/s
2025-11-26 05:22:02,554 epoch=38	global_step=31400	acc=0.4375	acc_avg=0.4951	loss=2.4977	loss_avg=1.9601	lr=0.0068	|gn|=6.3942	time=3.42it/s
2025-11-26 05:22:35,838 epoch=38	global_step=31500	acc=0.5000	acc_avg=0.4970	loss=1.7761	loss_avg=1.9525	lr=0.0068	|gn|=4.2977	time=3.42it/s
2025-11-26 05:22:39,557 ====================Eval Epoch 38====================
2025-11-26 05:22:42,071 epoch=38	global_step=31	acc=0.3750	acc_avg=0.4690	acc5=0.5000	acc5_avg=0.7280	loss=3.2855	loss_avg=2.5064	time=77.67it/s
2025-11-26 05:22:42,071 Eval Loss:2.5064	Eval acc: 46.90
2025-11-26 05:22:42,072 
2025-11-26 05:22:42,072 ====================Training Epoch 39====================
2025-11-26 05:23:12,371 epoch=39	global_step=31600	acc=0.5312	acc_avg=0.5014	loss=1.7700	loss_avg=1.9149	lr=0.0067	|gn|=4.3479	time=3.43it/s
2025-11-26 05:23:45,585 epoch=39	global_step=31700	acc=0.4375	acc_avg=0.5056	loss=1.9709	loss_avg=1.8951	lr=0.0067	|gn|=5.1293	time=3.43it/s
2025-11-26 05:24:18,837 epoch=39	global_step=31800	acc=0.5312	acc_avg=0.5057	loss=1.7920	loss_avg=1.9041	lr=0.0067	|gn|=5.0738	time=3.42it/s
2025-11-26 05:24:52,097 epoch=39	global_step=31900	acc=0.5625	acc_avg=0.5121	loss=1.6604	loss_avg=1.8875	lr=0.0067	|gn|=4.6128	time=3.43it/s
2025-11-26 05:25:25,323 epoch=39	global_step=32000	acc=0.5938	acc_avg=0.5105	loss=1.3488	loss_avg=1.8995	lr=0.0067	|gn|=4.1479	time=3.42it/s
2025-11-26 05:25:58,613 epoch=39	global_step=32100	acc=0.6562	acc_avg=0.5098	loss=1.7567	loss_avg=1.9049	lr=0.0067	|gn|=3.9545	time=3.42it/s
2025-11-26 05:26:31,906 epoch=39	global_step=32200	acc=0.4375	acc_avg=0.5114	loss=2.0563	loss_avg=1.8963	lr=0.0067	|gn|=5.1926	time=3.43it/s
2025-11-26 05:27:05,158 epoch=39	global_step=32300	acc=0.3438	acc_avg=0.5106	loss=2.5397	loss_avg=1.9001	lr=0.0067	|gn|=5.1466	time=3.42it/s
2025-11-26 05:27:11,507 ====================Eval Epoch 39====================
2025-11-26 05:27:14,042 epoch=39	global_step=31	acc=0.2500	acc_avg=0.4870	acc5=0.7500	acc5_avg=0.7640	loss=2.1984	loss_avg=2.1738	time=77.71it/s
2025-11-26 05:27:14,042 Eval Loss:2.1738	Eval acc: 48.70
2025-11-26 05:27:14,043 
2025-11-26 05:27:14,043 ====================Training Epoch 40====================
2025-11-26 05:27:41,570 epoch=40	global_step=32400	acc=0.4375	acc_avg=0.5123	loss=2.0958	loss_avg=1.8811	lr=0.0065	|gn|=5.4671	time=3.43it/s
2025-11-26 05:28:14,896 epoch=40	global_step=32500	acc=0.3750	acc_avg=0.5167	loss=2.3736	loss_avg=1.8563	lr=0.0065	|gn|=5.1078	time=3.42it/s
2025-11-26 05:28:48,380 epoch=40	global_step=32600	acc=0.5625	acc_avg=0.5121	loss=1.5001	loss_avg=1.8719	lr=0.0065	|gn|=4.3620	time=3.43it/s
2025-11-26 05:29:21,617 epoch=40	global_step=32700	acc=0.4375	acc_avg=0.5126	loss=1.9871	loss_avg=1.8689	lr=0.0065	|gn|=5.0782	time=3.42it/s
2025-11-26 05:29:54,865 epoch=40	global_step=32800	acc=0.5938	acc_avg=0.5162	loss=1.7452	loss_avg=1.8702	lr=0.0065	|gn|=4.2121	time=3.42it/s
2025-11-26 05:30:28,087 epoch=40	global_step=32900	acc=0.4688	acc_avg=0.5168	loss=1.6751	loss_avg=1.8715	lr=0.0065	|gn|=4.7533	time=3.43it/s
2025-11-26 05:31:01,369 epoch=40	global_step=33000	acc=0.5625	acc_avg=0.5149	loss=1.9785	loss_avg=1.8720	lr=0.0065	|gn|=4.9368	time=3.42it/s
2025-11-26 05:31:34,656 epoch=40	global_step=33100	acc=0.4688	acc_avg=0.5151	loss=1.7452	loss_avg=1.8719	lr=0.0065	|gn|=5.1277	time=3.40it/s
2025-11-26 05:31:43,729 ====================Eval Epoch 40====================
2025-11-26 05:31:46,251 epoch=40	global_step=31	acc=0.3750	acc_avg=0.5010	acc5=0.7500	acc5_avg=0.7570	loss=1.9087	loss_avg=2.1254	time=77.70it/s
2025-11-26 05:31:46,251 Eval Loss:2.1254	Eval acc: 50.10
2025-11-26 05:31:46,252 
2025-11-26 05:31:46,252 ====================Training Epoch 41====================
2025-11-26 05:32:11,189 epoch=41	global_step=33200	acc=0.5938	acc_avg=0.5188	loss=1.9422	loss_avg=1.8319	lr=0.0064	|gn|=5.2846	time=3.42it/s
2025-11-26 05:32:44,571 epoch=41	global_step=33300	acc=0.5312	acc_avg=0.5246	loss=1.5220	loss_avg=1.8335	lr=0.0064	|gn|=5.0052	time=3.42it/s
2025-11-26 05:33:17,848 epoch=41	global_step=33400	acc=0.4688	acc_avg=0.5264	loss=1.8186	loss_avg=1.8367	lr=0.0064	|gn|=5.0443	time=3.43it/s
2025-11-26 05:33:51,074 epoch=41	global_step=33500	acc=0.4688	acc_avg=0.5251	loss=1.5561	loss_avg=1.8314	lr=0.0064	|gn|=4.1244	time=3.42it/s
2025-11-26 05:34:24,371 epoch=41	global_step=33600	acc=0.5312	acc_avg=0.5221	loss=1.6814	loss_avg=1.8415	lr=0.0064	|gn|=4.6007	time=3.43it/s
2025-11-26 05:34:57,592 epoch=41	global_step=33700	acc=0.4062	acc_avg=0.5202	loss=2.3037	loss_avg=1.8516	lr=0.0064	|gn|=5.7797	time=3.42it/s
2025-11-26 05:35:30,857 epoch=41	global_step=33800	acc=0.5938	acc_avg=0.5211	loss=1.8028	loss_avg=1.8461	lr=0.0064	|gn|=4.8201	time=3.42it/s
2025-11-26 05:36:04,087 epoch=41	global_step=33900	acc=0.5938	acc_avg=0.5204	loss=1.3815	loss_avg=1.8516	lr=0.0064	|gn|=4.7041	time=3.42it/s
2025-11-26 05:36:15,807 ====================Eval Epoch 41====================
2025-11-26 05:36:18,323 epoch=41	global_step=31	acc=0.5000	acc_avg=0.5180	acc5=0.7500	acc5_avg=0.7800	loss=1.9001	loss_avg=2.0238	time=77.63it/s
2025-11-26 05:36:18,324 Eval Loss:2.0238	Eval acc: 51.80
2025-11-26 05:36:18,324 
2025-11-26 05:36:18,324 ====================Training Epoch 42====================
2025-11-26 05:36:40,528 epoch=42	global_step=34000	acc=0.5625	acc_avg=0.5538	loss=1.7004	loss_avg=1.7135	lr=0.0062	|gn|=4.6072	time=3.42it/s
2025-11-26 05:37:13,825 epoch=42	global_step=34100	acc=0.7500	acc_avg=0.5466	loss=1.3799	loss_avg=1.7456	lr=0.0062	|gn|=4.0259	time=3.43it/s
2025-11-26 05:37:47,054 epoch=42	global_step=34200	acc=0.5312	acc_avg=0.5407	loss=1.7264	loss_avg=1.7608	lr=0.0062	|gn|=5.0675	time=3.43it/s
2025-11-26 05:38:20,272 epoch=42	global_step=34300	acc=0.6250	acc_avg=0.5365	loss=1.6139	loss_avg=1.7799	lr=0.0062	|gn|=4.8604	time=3.43it/s
2025-11-26 05:38:53,559 epoch=42	global_step=34400	acc=0.4375	acc_avg=0.5384	loss=2.2628	loss_avg=1.7760	lr=0.0062	|gn|=5.8243	time=3.42it/s
2025-11-26 05:39:26,777 epoch=42	global_step=34500	acc=0.5312	acc_avg=0.5378	loss=1.6657	loss_avg=1.7775	lr=0.0062	|gn|=5.4267	time=3.43it/s
2025-11-26 05:39:59,999 epoch=42	global_step=34600	acc=0.6250	acc_avg=0.5364	loss=1.3697	loss_avg=1.7834	lr=0.0062	|gn|=4.8252	time=3.42it/s
2025-11-26 05:40:33,229 epoch=42	global_step=34700	acc=0.4375	acc_avg=0.5362	loss=1.9436	loss_avg=1.7868	lr=0.0062	|gn|=5.1221	time=3.43it/s
2025-11-26 05:40:47,565 ====================Eval Epoch 42====================
2025-11-26 05:40:50,077 epoch=42	global_step=31	acc=0.3750	acc_avg=0.5190	acc5=0.6250	acc5_avg=0.7630	loss=1.9602	loss_avg=2.1825	time=77.50it/s
2025-11-26 05:40:50,077 Eval Loss:2.1825	Eval acc: 51.90
2025-11-26 05:40:50,077 
2025-11-26 05:40:50,078 ====================Training Epoch 43====================
2025-11-26 05:41:09,666 epoch=43	global_step=34800	acc=0.5938	acc_avg=0.5603	loss=1.9147	loss_avg=1.7298	lr=0.0061	|gn|=4.9865	time=3.43it/s
2025-11-26 05:41:42,895 epoch=43	global_step=34900	acc=0.5938	acc_avg=0.5488	loss=1.2415	loss_avg=1.7400	lr=0.0061	|gn|=4.1042	time=3.42it/s
2025-11-26 05:42:16,126 epoch=43	global_step=35000	acc=0.5938	acc_avg=0.5503	loss=1.4987	loss_avg=1.7435	lr=0.0061	|gn|=4.9909	time=3.42it/s
2025-11-26 05:42:49,371 epoch=43	global_step=35100	acc=0.4688	acc_avg=0.5453	loss=1.7604	loss_avg=1.7620	lr=0.0061	|gn|=5.0784	time=3.43it/s
2025-11-26 05:43:22,565 epoch=43	global_step=35200	acc=0.6250	acc_avg=0.5447	loss=1.3623	loss_avg=1.7622	lr=0.0061	|gn|=3.9108	time=3.42it/s
2025-11-26 05:43:55,816 epoch=43	global_step=35300	acc=0.5625	acc_avg=0.5457	loss=2.0135	loss_avg=1.7585	lr=0.0061	|gn|=5.2064	time=3.42it/s
2025-11-26 05:44:29,046 epoch=43	global_step=35400	acc=0.5000	acc_avg=0.5437	loss=1.9099	loss_avg=1.7614	lr=0.0061	|gn|=5.2144	time=3.43it/s
2025-11-26 05:45:02,276 epoch=43	global_step=35500	acc=0.5312	acc_avg=0.5434	loss=1.7175	loss_avg=1.7599	lr=0.0061	|gn|=4.8034	time=3.43it/s
2025-11-26 05:45:19,250 ====================Eval Epoch 43====================
2025-11-26 05:45:21,806 epoch=43	global_step=31	acc=0.3750	acc_avg=0.5030	acc5=0.6250	acc5_avg=0.7720	loss=2.5917	loss_avg=3.0692	time=77.57it/s
2025-11-26 05:45:21,806 Eval Loss:3.0692	Eval acc: 50.30
2025-11-26 05:45:21,807 
2025-11-26 05:45:21,807 ====================Training Epoch 44====================
2025-11-26 05:45:38,729 epoch=44	global_step=35600	acc=0.5938	acc_avg=0.5472	loss=1.7541	loss_avg=1.7097	lr=0.0059	|gn|=4.2468	time=3.43it/s
2025-11-26 05:46:11,977 epoch=44	global_step=35700	acc=0.5000	acc_avg=0.5468	loss=1.4547	loss_avg=1.7069	lr=0.0059	|gn|=5.0082	time=3.42it/s
2025-11-26 05:46:45,279 epoch=44	global_step=35800	acc=0.5938	acc_avg=0.5442	loss=1.7410	loss_avg=1.7131	lr=0.0059	|gn|=5.0161	time=3.43it/s
2025-11-26 05:47:18,520 epoch=44	global_step=35900	acc=0.5625	acc_avg=0.5458	loss=1.9867	loss_avg=1.7124	lr=0.0059	|gn|=5.5783	time=3.42it/s
2025-11-26 05:47:51,847 epoch=44	global_step=36000	acc=0.4688	acc_avg=0.5473	loss=2.0361	loss_avg=1.7234	lr=0.0059	|gn|=5.6478	time=3.43it/s
2025-11-26 05:48:25,128 epoch=44	global_step=36100	acc=0.4688	acc_avg=0.5456	loss=1.7503	loss_avg=1.7372	lr=0.0059	|gn|=5.0344	time=3.43it/s
2025-11-26 05:48:58,358 epoch=44	global_step=36200	acc=0.6562	acc_avg=0.5465	loss=1.3353	loss_avg=1.7370	lr=0.0059	|gn|=4.4455	time=3.43it/s
2025-11-26 05:49:31,575 epoch=44	global_step=36300	acc=0.6250	acc_avg=0.5456	loss=1.7014	loss_avg=1.7347	lr=0.0059	|gn|=4.9016	time=3.43it/s
2025-11-26 05:49:51,245 ====================Eval Epoch 44====================
2025-11-26 05:49:53,785 epoch=44	global_step=31	acc=0.5000	acc_avg=0.5050	acc5=0.6250	acc5_avg=0.7700	loss=2.3951	loss_avg=2.0580	time=77.83it/s
2025-11-26 05:49:53,786 Eval Loss:2.0580	Eval acc: 50.50
2025-11-26 05:49:53,786 
2025-11-26 05:49:53,786 ====================Training Epoch 45====================
2025-11-26 05:50:08,036 epoch=45	global_step=36400	acc=0.4375	acc_avg=0.5633	loss=2.0221	loss_avg=1.6943	lr=0.0058	|gn|=5.4995	time=3.43it/s
2025-11-26 05:50:41,288 epoch=45	global_step=36500	acc=0.3750	acc_avg=0.5634	loss=2.2824	loss_avg=1.6791	lr=0.0058	|gn|=5.9968	time=3.43it/s
2025-11-26 05:51:14,566 epoch=45	global_step=36600	acc=0.5938	acc_avg=0.5577	loss=1.8227	loss_avg=1.6841	lr=0.0058	|gn|=6.0751	time=3.43it/s
2025-11-26 05:51:47,797 epoch=45	global_step=36700	acc=0.4375	acc_avg=0.5577	loss=1.9177	loss_avg=1.6873	lr=0.0058	|gn|=4.9439	time=3.43it/s
2025-11-26 05:52:21,098 epoch=45	global_step=36800	acc=0.5938	acc_avg=0.5586	loss=1.7989	loss_avg=1.6909	lr=0.0058	|gn|=5.6830	time=3.43it/s
2025-11-26 05:52:54,452 epoch=45	global_step=36900	acc=0.3125	acc_avg=0.5560	loss=2.4619	loss_avg=1.6961	lr=0.0058	|gn|=5.5800	time=3.43it/s
2025-11-26 05:53:27,845 epoch=45	global_step=37000	acc=0.5625	acc_avg=0.5547	loss=1.6250	loss_avg=1.7037	lr=0.0058	|gn|=4.6220	time=3.42it/s
2025-11-26 05:54:01,251 epoch=45	global_step=37100	acc=0.6562	acc_avg=0.5538	loss=1.5633	loss_avg=1.7098	lr=0.0058	|gn|=5.0625	time=3.43it/s
2025-11-26 05:54:23,664 ====================Eval Epoch 45====================
2025-11-26 05:54:26,194 epoch=45	global_step=31	acc=0.5000	acc_avg=0.5400	acc5=0.7500	acc5_avg=0.7870	loss=1.7143	loss_avg=2.0394	time=77.48it/s
2025-11-26 05:54:26,194 Eval Loss:2.0394	Eval acc: 54.00
2025-11-26 05:54:26,195 
2025-11-26 05:54:26,195 ====================Training Epoch 46====================
2025-11-26 05:54:37,893 epoch=46	global_step=37200	acc=0.6562	acc_avg=0.5578	loss=1.3319	loss_avg=1.6565	lr=0.0056	|gn|=4.2150	time=3.42it/s
2025-11-26 05:55:11,302 epoch=46	global_step=37300	acc=0.4688	acc_avg=0.5742	loss=2.2843	loss_avg=1.6306	lr=0.0056	|gn|=5.9714	time=3.42it/s
2025-11-26 05:55:44,708 epoch=46	global_step=37400	acc=0.4375	acc_avg=0.5727	loss=1.9028	loss_avg=1.6355	lr=0.0056	|gn|=5.5809	time=3.43it/s
2025-11-26 05:56:18,181 epoch=46	global_step=37500	acc=0.4688	acc_avg=0.5655	loss=1.7993	loss_avg=1.6612	lr=0.0056	|gn|=5.3679	time=3.42it/s
2025-11-26 05:56:51,621 epoch=46	global_step=37600	acc=0.5938	acc_avg=0.5642	loss=1.5571	loss_avg=1.6652	lr=0.0056	|gn|=4.4086	time=3.42it/s
2025-11-26 05:57:24,980 epoch=46	global_step=37700	acc=0.5000	acc_avg=0.5633	loss=2.1666	loss_avg=1.6757	lr=0.0056	|gn|=5.8799	time=3.42it/s
2025-11-26 05:57:58,374 epoch=46	global_step=37800	acc=0.5312	acc_avg=0.5639	loss=1.6995	loss_avg=1.6756	lr=0.0056	|gn|=5.3033	time=3.43it/s
2025-11-26 05:58:31,824 epoch=46	global_step=37900	acc=0.5938	acc_avg=0.5637	loss=1.3927	loss_avg=1.6739	lr=0.0056	|gn|=4.7430	time=3.43it/s
2025-11-26 05:58:56,851 ====================Eval Epoch 46====================
2025-11-26 05:58:59,377 epoch=46	global_step=31	acc=0.2500	acc_avg=0.5260	acc5=0.7500	acc5_avg=0.7710	loss=2.0969	loss_avg=2.2212	time=77.43it/s
2025-11-26 05:58:59,377 Eval Loss:2.2212	Eval acc: 52.60
2025-11-26 05:58:59,377 
2025-11-26 05:58:59,377 ====================Training Epoch 47====================
2025-11-26 05:59:08,355 epoch=47	global_step=38000	acc=0.4062	acc_avg=0.5675	loss=1.9875	loss_avg=1.6134	lr=0.0055	|gn|=5.8019	time=3.43it/s
2025-11-26 05:59:41,708 epoch=47	global_step=38100	acc=0.5625	acc_avg=0.5765	loss=1.5477	loss_avg=1.6158	lr=0.0055	|gn|=5.0942	time=3.43it/s
2025-11-26 06:00:15,123 epoch=47	global_step=38200	acc=0.7188	acc_avg=0.5769	loss=1.6232	loss_avg=1.6219	lr=0.0055	|gn|=4.9525	time=3.43it/s
2025-11-26 06:00:48,558 epoch=47	global_step=38300	acc=0.5938	acc_avg=0.5794	loss=1.7961	loss_avg=1.6165	lr=0.0055	|gn|=4.8731	time=3.43it/s
2025-11-26 06:01:21,874 epoch=47	global_step=38400	acc=0.6875	acc_avg=0.5776	loss=1.0107	loss_avg=1.6194	lr=0.0055	|gn|=5.7876	time=3.43it/s
2025-11-26 06:01:55,204 epoch=47	global_step=38500	acc=0.6250	acc_avg=0.5740	loss=1.5294	loss_avg=1.6286	lr=0.0055	|gn|=4.9829	time=3.43it/s
2025-11-26 06:02:29,416 epoch=47	global_step=38600	acc=0.5000	acc_avg=0.5716	loss=1.6553	loss_avg=1.6395	lr=0.0055	|gn|=4.5199	time=3.43it/s
2025-11-26 06:03:03,081 epoch=47	global_step=38700	acc=0.5938	acc_avg=0.5715	loss=1.5477	loss_avg=1.6392	lr=0.0055	|gn|=4.7834	time=3.43it/s
2025-11-26 06:03:30,805 ====================Eval Epoch 47====================
2025-11-26 06:03:33,322 epoch=47	global_step=31	acc=0.3750	acc_avg=0.5500	acc5=0.6250	acc5_avg=0.8050	loss=2.2871	loss_avg=1.7947	time=77.18it/s
2025-11-26 06:03:33,322 Eval Loss:1.7947	Eval acc: 55.00
2025-11-26 06:03:33,322 
2025-11-26 06:03:33,322 ====================Training Epoch 48====================
2025-11-26 06:03:39,728 epoch=48	global_step=38800	acc=0.5625	acc_avg=0.5662	loss=1.8050	loss_avg=1.6029	lr=0.0053	|gn|=5.8175	time=3.43it/s
2025-11-26 06:04:13,139 epoch=48	global_step=38900	acc=0.5625	acc_avg=0.5716	loss=1.9655	loss_avg=1.6397	lr=0.0053	|gn|=6.0965	time=3.42it/s
2025-11-26 06:04:46,532 epoch=48	global_step=39000	acc=0.5000	acc_avg=0.5785	loss=1.9679	loss_avg=1.6180	lr=0.0053	|gn|=5.4692	time=3.42it/s
2025-11-26 06:05:19,880 epoch=48	global_step=39100	acc=0.4062	acc_avg=0.5761	loss=1.5211	loss_avg=1.6242	lr=0.0053	|gn|=4.9338	time=3.42it/s
2025-11-26 06:05:53,175 epoch=48	global_step=39200	acc=0.5000	acc_avg=0.5828	loss=2.2088	loss_avg=1.6079	lr=0.0053	|gn|=6.0381	time=3.43it/s
2025-11-26 06:06:26,558 epoch=48	global_step=39300	acc=0.5938	acc_avg=0.5795	loss=1.6445	loss_avg=1.6085	lr=0.0053	|gn|=4.6497	time=3.42it/s
2025-11-26 06:06:59,897 epoch=48	global_step=39400	acc=0.6562	acc_avg=0.5798	loss=1.3137	loss_avg=1.6123	lr=0.0053	|gn|=5.0140	time=3.41it/s
2025-11-26 06:07:33,307 epoch=48	global_step=39500	acc=0.6250	acc_avg=0.5775	loss=1.5284	loss_avg=1.6208	lr=0.0053	|gn|=4.9973	time=3.42it/s
2025-11-26 06:08:03,661 ====================Eval Epoch 48====================
2025-11-26 06:08:06,192 epoch=48	global_step=31	acc=0.5000	acc_avg=0.5410	acc5=0.6250	acc5_avg=0.8010	loss=1.8614	loss_avg=1.8973	time=77.55it/s
2025-11-26 06:08:06,192 Eval Loss:1.8973	Eval acc: 54.10
2025-11-26 06:08:06,192 
2025-11-26 06:08:06,193 ====================Training Epoch 49====================
2025-11-26 06:08:09,804 epoch=49	global_step=39600	acc=0.4688	acc_avg=0.5799	loss=1.7513	loss_avg=1.4998	lr=0.0052	|gn|=5.5956	time=3.42it/s
2025-11-26 06:08:43,116 epoch=49	global_step=39700	acc=0.5938	acc_avg=0.5854	loss=1.8414	loss_avg=1.5314	lr=0.0052	|gn|=5.8737	time=3.43it/s
2025-11-26 06:09:16,569 epoch=49	global_step=39800	acc=0.5000	acc_avg=0.5882	loss=1.6711	loss_avg=1.5589	lr=0.0052	|gn|=4.6456	time=3.42it/s
2025-11-26 06:09:49,801 epoch=49	global_step=39900	acc=0.5312	acc_avg=0.5943	loss=1.5417	loss_avg=1.5474	lr=0.0052	|gn|=5.3188	time=3.42it/s
2025-11-26 06:10:23,245 epoch=49	global_step=40000	acc=0.4062	acc_avg=0.5948	loss=2.3676	loss_avg=1.5473	lr=0.0052	|gn|=6.4129	time=3.42it/s
2025-11-26 06:10:56,580 epoch=49	global_step=40100	acc=0.5625	acc_avg=0.5931	loss=1.8220	loss_avg=1.5588	lr=0.0052	|gn|=5.5210	time=3.42it/s
2025-11-26 06:11:29,939 epoch=49	global_step=40200	acc=0.6875	acc_avg=0.5899	loss=1.0837	loss_avg=1.5645	lr=0.0052	|gn|=4.0306	time=3.42it/s
2025-11-26 06:12:03,271 epoch=49	global_step=40300	acc=0.4688	acc_avg=0.5894	loss=1.9392	loss_avg=1.5615	lr=0.0052	|gn|=6.0621	time=3.43it/s
2025-11-26 06:12:36,362 ====================Eval Epoch 49====================
2025-11-26 06:12:38,893 epoch=49	global_step=31	acc=0.6250	acc_avg=0.5410	acc5=0.7500	acc5_avg=0.7880	loss=1.6600	loss_avg=4.1044	time=77.38it/s
2025-11-26 06:12:38,893 Eval Loss:4.1044	Eval acc: 54.10
2025-11-26 06:12:38,894 
2025-11-26 06:12:38,894 ====================Training Epoch 50====================
2025-11-26 06:12:39,827 epoch=50	global_step=40400	acc=0.7500	acc_avg=0.7500	loss=1.2175	loss_avg=1.2175	lr=0.0050	|gn|=4.4249	time=3.41it/s
2025-11-26 06:13:13,575 epoch=50	global_step=40500	acc=0.5000	acc_avg=0.5968	loss=1.6406	loss_avg=1.5455	lr=0.0050	|gn|=5.4548	time=3.42it/s
2025-11-26 06:13:46,908 epoch=50	global_step=40600	acc=0.3125	acc_avg=0.5840	loss=2.2801	loss_avg=1.5654	lr=0.0050	|gn|=6.3695	time=3.42it/s
2025-11-26 06:14:20,380 epoch=50	global_step=40700	acc=0.6250	acc_avg=0.5838	loss=1.2051	loss_avg=1.5639	lr=0.0050	|gn|=3.8588	time=3.43it/s
2025-11-26 06:14:53,849 epoch=50	global_step=40800	acc=0.5625	acc_avg=0.5869	loss=1.7679	loss_avg=1.5583	lr=0.0050	|gn|=6.1231	time=3.42it/s
2025-11-26 06:15:27,117 epoch=50	global_step=40900	acc=0.5625	acc_avg=0.5905	loss=1.9542	loss_avg=1.5474	lr=0.0050	|gn|=6.0329	time=3.43it/s
2025-11-26 06:16:00,426 epoch=50	global_step=41000	acc=0.6562	acc_avg=0.5900	loss=1.1887	loss_avg=1.5466	lr=0.0050	|gn|=4.2624	time=3.42it/s
2025-11-26 06:16:33,936 epoch=50	global_step=41100	acc=0.4375	acc_avg=0.5882	loss=1.5245	loss_avg=1.5531	lr=0.0050	|gn|=5.3550	time=3.42it/s
2025-11-26 06:17:07,359 epoch=50	global_step=41200	acc=0.5625	acc_avg=0.5888	loss=1.6849	loss_avg=1.5502	lr=0.0050	|gn|=5.8253	time=3.43it/s
2025-11-26 06:17:09,724 ====================Eval Epoch 50====================
2025-11-26 06:17:12,229 epoch=50	global_step=31	acc=0.5000	acc_avg=0.5200	acc5=0.7500	acc5_avg=0.7840	loss=1.6099	loss_avg=2.5748	time=76.88it/s
2025-11-26 06:17:12,229 Eval Loss:2.5748	Eval acc: 52.00
2025-11-26 06:17:12,229 
2025-11-26 06:17:12,229 ====================Training Epoch 51====================
2025-11-26 06:17:43,919 epoch=51	global_step=41300	acc=0.5625	acc_avg=0.6089	loss=1.6109	loss_avg=1.4928	lr=0.0048	|gn|=5.2314	time=3.43it/s
2025-11-26 06:18:17,291 epoch=51	global_step=41400	acc=0.5938	acc_avg=0.6137	loss=1.3406	loss_avg=1.4668	lr=0.0048	|gn|=5.3241	time=3.42it/s
2025-11-26 06:18:50,679 epoch=51	global_step=41500	acc=0.7500	acc_avg=0.6108	loss=1.1182	loss_avg=1.4674	lr=0.0048	|gn|=4.1402	time=3.43it/s
2025-11-26 06:19:24,012 epoch=51	global_step=41600	acc=0.7188	acc_avg=0.6062	loss=1.3606	loss_avg=1.4835	lr=0.0048	|gn|=4.9987	time=3.43it/s
2025-11-26 06:19:57,207 epoch=51	global_step=41700	acc=0.7500	acc_avg=0.6019	loss=1.0156	loss_avg=1.5003	lr=0.0048	|gn|=3.9129	time=3.43it/s
2025-11-26 06:20:30,503 epoch=51	global_step=41800	acc=0.5625	acc_avg=0.6027	loss=1.8754	loss_avg=1.5014	lr=0.0048	|gn|=5.6162	time=3.42it/s
2025-11-26 06:21:03,710 epoch=51	global_step=41900	acc=0.5000	acc_avg=0.6009	loss=1.9115	loss_avg=1.5119	lr=0.0048	|gn|=6.7145	time=3.42it/s
2025-11-26 06:21:36,949 epoch=51	global_step=42000	acc=0.6562	acc_avg=0.5996	loss=1.1627	loss_avg=1.5164	lr=0.0048	|gn|=4.9984	time=3.42it/s
2025-11-26 06:21:41,999 ====================Eval Epoch 51====================
2025-11-26 06:21:44,552 epoch=51	global_step=31	acc=0.2500	acc_avg=0.5480	acc5=0.6250	acc5_avg=0.7960	loss=2.0810	loss_avg=2.0057	time=77.59it/s
2025-11-26 06:21:44,552 Eval Loss:2.0057	Eval acc: 54.80
2025-11-26 06:21:44,553 
2025-11-26 06:21:44,553 ====================Training Epoch 52====================
2025-11-26 06:22:13,461 epoch=52	global_step=42100	acc=0.7188	acc_avg=0.6210	loss=1.2076	loss_avg=1.4385	lr=0.0047	|gn|=4.2855	time=3.42it/s
2025-11-26 06:22:46,779 epoch=52	global_step=42200	acc=0.6250	acc_avg=0.6115	loss=1.4564	loss_avg=1.4804	lr=0.0047	|gn|=4.9670	time=3.42it/s
2025-11-26 06:23:19,985 epoch=52	global_step=42300	acc=0.5938	acc_avg=0.6099	loss=1.6578	loss_avg=1.4892	lr=0.0047	|gn|=5.1702	time=3.43it/s
2025-11-26 06:23:53,213 epoch=52	global_step=42400	acc=0.4688	acc_avg=0.6064	loss=1.6762	loss_avg=1.4886	lr=0.0047	|gn|=5.4855	time=3.43it/s
2025-11-26 06:24:26,450 epoch=52	global_step=42500	acc=0.5625	acc_avg=0.6034	loss=1.4833	loss_avg=1.4925	lr=0.0047	|gn|=5.1061	time=3.43it/s
2025-11-26 06:24:59,695 epoch=52	global_step=42600	acc=0.5312	acc_avg=0.6029	loss=1.5382	loss_avg=1.4988	lr=0.0047	|gn|=5.4577	time=3.43it/s
2025-11-26 06:25:32,878 epoch=52	global_step=42700	acc=0.6250	acc_avg=0.6030	loss=1.4163	loss_avg=1.4981	lr=0.0047	|gn|=5.2381	time=3.43it/s
2025-11-26 06:26:06,063 epoch=52	global_step=42800	acc=0.7188	acc_avg=0.6023	loss=1.1121	loss_avg=1.4988	lr=0.0047	|gn|=4.5912	time=3.42it/s
2025-11-26 06:26:13,775 ====================Eval Epoch 52====================
2025-11-26 06:26:16,324 epoch=52	global_step=31	acc=0.5000	acc_avg=0.5670	acc5=0.7500	acc5_avg=0.8020	loss=1.6004	loss_avg=2.7246	time=77.63it/s
2025-11-26 06:26:16,324 Eval Loss:2.7246	Eval acc: 56.70
2025-11-26 06:26:16,324 
2025-11-26 06:26:16,324 ====================Training Epoch 53====================
2025-11-26 06:26:42,491 epoch=53	global_step=42900	acc=0.7500	acc_avg=0.6132	loss=0.9765	loss_avg=1.4281	lr=0.0045	|gn|=4.3148	time=3.43it/s
2025-11-26 06:27:15,662 epoch=53	global_step=43000	acc=0.5312	acc_avg=0.6111	loss=1.5421	loss_avg=1.4297	lr=0.0045	|gn|=5.3231	time=3.43it/s
2025-11-26 06:27:48,801 epoch=53	global_step=43100	acc=0.7812	acc_avg=0.6098	loss=0.9576	loss_avg=1.4482	lr=0.0045	|gn|=5.2907	time=3.43it/s
2025-11-26 06:28:22,013 epoch=53	global_step=43200	acc=0.7188	acc_avg=0.6131	loss=1.1798	loss_avg=1.4450	lr=0.0045	|gn|=5.7016	time=3.43it/s
2025-11-26 06:28:55,188 epoch=53	global_step=43300	acc=0.6250	acc_avg=0.6114	loss=1.1462	loss_avg=1.4554	lr=0.0045	|gn|=4.4701	time=3.43it/s
2025-11-26 06:29:28,369 epoch=53	global_step=43400	acc=0.5312	acc_avg=0.6117	loss=1.6473	loss_avg=1.4577	lr=0.0045	|gn|=5.7988	time=3.43it/s
2025-11-26 06:30:01,589 epoch=53	global_step=43500	acc=0.7188	acc_avg=0.6106	loss=1.3166	loss_avg=1.4638	lr=0.0045	|gn|=4.9311	time=3.43it/s
2025-11-26 06:30:34,783 epoch=53	global_step=43600	acc=0.7500	acc_avg=0.6111	loss=1.2045	loss_avg=1.4622	lr=0.0045	|gn|=5.0137	time=3.43it/s
2025-11-26 06:30:45,119 ====================Eval Epoch 53====================
2025-11-26 06:30:47,643 epoch=53	global_step=31	acc=0.6250	acc_avg=0.5380	acc5=0.6250	acc5_avg=0.7920	loss=2.0542	loss_avg=2.3009	time=77.72it/s
2025-11-26 06:30:47,644 Eval Loss:2.3009	Eval acc: 53.80
2025-11-26 06:30:47,644 
2025-11-26 06:30:47,644 ====================Training Epoch 54====================
2025-11-26 06:31:11,127 epoch=54	global_step=43700	acc=0.5000	acc_avg=0.6114	loss=2.0422	loss_avg=1.4499	lr=0.0044	|gn|=6.5378	time=3.41it/s
2025-11-26 06:31:44,383 epoch=54	global_step=43800	acc=0.6875	acc_avg=0.6137	loss=1.2117	loss_avg=1.4350	lr=0.0044	|gn|=4.2336	time=3.43it/s
2025-11-26 06:32:17,555 epoch=54	global_step=43900	acc=0.5938	acc_avg=0.6157	loss=1.5802	loss_avg=1.4311	lr=0.0044	|gn|=6.8532	time=3.43it/s
2025-11-26 06:32:50,736 epoch=54	global_step=44000	acc=0.4375	acc_avg=0.6176	loss=1.9336	loss_avg=1.4282	lr=0.0044	|gn|=6.1944	time=3.43it/s
2025-11-26 06:33:24,803 epoch=54	global_step=44100	acc=0.6250	acc_avg=0.6154	loss=1.5998	loss_avg=1.4390	lr=0.0044	|gn|=5.0836	time=3.43it/s
2025-11-26 06:33:58,039 epoch=54	global_step=44200	acc=0.6250	acc_avg=0.6165	loss=1.1667	loss_avg=1.4324	lr=0.0044	|gn|=5.4559	time=3.43it/s
2025-11-26 06:34:31,282 epoch=54	global_step=44300	acc=0.5000	acc_avg=0.6158	loss=1.8684	loss_avg=1.4297	lr=0.0044	|gn|=6.0227	time=3.43it/s
2025-11-26 06:35:04,787 epoch=54	global_step=44400	acc=0.6875	acc_avg=0.6151	loss=1.3922	loss_avg=1.4360	lr=0.0044	|gn|=4.6799	time=3.42it/s
2025-11-26 06:35:17,847 ====================Eval Epoch 54====================
2025-11-26 06:35:20,382 epoch=54	global_step=31	acc=0.3750	acc_avg=0.5520	acc5=0.7500	acc5_avg=0.7950	loss=2.1717	loss_avg=2.8770	time=77.38it/s
2025-11-26 06:35:20,383 Eval Loss:2.8770	Eval acc: 55.20
2025-11-26 06:35:20,383 
2025-11-26 06:35:20,383 ====================Training Epoch 55====================
2025-11-26 06:35:41,319 epoch=55	global_step=44500	acc=0.5625	acc_avg=0.6260	loss=1.7786	loss_avg=1.4524	lr=0.0042	|gn|=6.8318	time=3.43it/s
2025-11-26 06:36:14,662 epoch=55	global_step=44600	acc=0.5938	acc_avg=0.6316	loss=1.6061	loss_avg=1.4169	lr=0.0042	|gn|=5.8223	time=3.43it/s
2025-11-26 06:36:47,892 epoch=55	global_step=44700	acc=0.5625	acc_avg=0.6325	loss=1.7969	loss_avg=1.4146	lr=0.0042	|gn|=5.8477	time=3.43it/s
2025-11-26 06:37:21,087 epoch=55	global_step=44800	acc=0.7188	acc_avg=0.6325	loss=0.9750	loss_avg=1.4148	lr=0.0042	|gn|=5.8879	time=3.42it/s
2025-11-26 06:37:54,547 epoch=55	global_step=44900	acc=0.5625	acc_avg=0.6325	loss=1.5367	loss_avg=1.4085	lr=0.0042	|gn|=5.6705	time=3.43it/s
2025-11-26 06:38:27,859 epoch=55	global_step=45000	acc=0.7188	acc_avg=0.6320	loss=1.1963	loss_avg=1.4096	lr=0.0042	|gn|=5.4251	time=3.43it/s
2025-11-26 06:39:01,218 epoch=55	global_step=45100	acc=0.6562	acc_avg=0.6316	loss=1.4226	loss_avg=1.4106	lr=0.0042	|gn|=5.3821	time=3.43it/s
2025-11-26 06:39:34,435 epoch=55	global_step=45200	acc=0.5312	acc_avg=0.6307	loss=1.3491	loss_avg=1.4096	lr=0.0042	|gn|=5.6929	time=3.43it/s
2025-11-26 06:39:50,147 ====================Eval Epoch 55====================
2025-11-26 06:39:52,673 epoch=55	global_step=31	acc=0.5000	acc_avg=0.5710	acc5=0.8750	acc5_avg=0.8110	loss=1.6293	loss_avg=1.9709	time=77.20it/s
2025-11-26 06:39:52,673 Eval Loss:1.9709	Eval acc: 57.10
2025-11-26 06:39:52,673 
2025-11-26 06:39:52,673 ====================Training Epoch 56====================
2025-11-26 06:40:10,988 epoch=56	global_step=45300	acc=0.6875	acc_avg=0.6492	loss=1.5490	loss_avg=1.3231	lr=0.0041	|gn|=5.2061	time=3.42it/s
2025-11-26 06:40:44,202 epoch=56	global_step=45400	acc=0.5938	acc_avg=0.6417	loss=1.3685	loss_avg=1.3442	lr=0.0041	|gn|=5.7697	time=3.43it/s
2025-11-26 06:41:17,488 epoch=56	global_step=45500	acc=0.8125	acc_avg=0.6395	loss=0.6517	loss_avg=1.3525	lr=0.0041	|gn|=3.8459	time=3.43it/s
2025-11-26 06:41:50,732 epoch=56	global_step=45600	acc=0.5625	acc_avg=0.6382	loss=1.4642	loss_avg=1.3621	lr=0.0041	|gn|=5.3581	time=3.42it/s
2025-11-26 06:42:24,088 epoch=56	global_step=45700	acc=0.5938	acc_avg=0.6356	loss=1.5236	loss_avg=1.3772	lr=0.0041	|gn|=7.1232	time=3.43it/s
2025-11-26 06:42:57,562 epoch=56	global_step=45800	acc=0.5938	acc_avg=0.6373	loss=1.5026	loss_avg=1.3766	lr=0.0041	|gn|=5.9408	time=3.42it/s
2025-11-26 06:43:30,936 epoch=56	global_step=45900	acc=0.7188	acc_avg=0.6347	loss=1.0943	loss_avg=1.3807	lr=0.0041	|gn|=4.6169	time=3.43it/s
2025-11-26 06:44:05,891 epoch=56	global_step=46000	acc=0.6250	acc_avg=0.6327	loss=1.4309	loss_avg=1.3835	lr=0.0041	|gn|=5.8507	time=3.43it/s
2025-11-26 06:44:24,450 ====================Eval Epoch 56====================
2025-11-26 06:44:26,977 epoch=56	global_step=31	acc=0.6250	acc_avg=0.5800	acc5=0.6250	acc5_avg=0.7980	loss=1.6493	loss_avg=2.3497	time=77.47it/s
2025-11-26 06:44:26,977 Eval Loss:2.3497	Eval acc: 58.00
2025-11-26 06:44:26,978 
2025-11-26 06:44:26,978 ====================Training Epoch 57====================
2025-11-26 06:44:42,522 epoch=57	global_step=46100	acc=0.5625	acc_avg=0.6514	loss=1.4940	loss_avg=1.2810	lr=0.0039	|gn|=7.1853	time=3.43it/s
2025-11-26 06:45:15,700 epoch=57	global_step=46200	acc=0.6250	acc_avg=0.6528	loss=1.2374	loss_avg=1.2883	lr=0.0039	|gn|=5.3467	time=3.43it/s
2025-11-26 06:45:49,065 epoch=57	global_step=46300	acc=0.6250	acc_avg=0.6411	loss=1.4784	loss_avg=1.3265	lr=0.0039	|gn|=6.5870	time=3.43it/s
2025-11-26 06:46:22,299 epoch=57	global_step=46400	acc=0.5625	acc_avg=0.6428	loss=1.6364	loss_avg=1.3295	lr=0.0039	|gn|=6.4277	time=3.43it/s
2025-11-26 06:46:55,567 epoch=57	global_step=46500	acc=0.5938	acc_avg=0.6406	loss=1.4633	loss_avg=1.3475	lr=0.0039	|gn|=5.3467	time=3.43it/s
2025-11-26 06:47:28,942 epoch=57	global_step=46600	acc=0.5625	acc_avg=0.6407	loss=1.5752	loss_avg=1.3550	lr=0.0039	|gn|=5.9631	time=3.43it/s
2025-11-26 06:48:02,274 epoch=57	global_step=46700	acc=0.5312	acc_avg=0.6394	loss=1.4010	loss_avg=1.3602	lr=0.0039	|gn|=5.9624	time=3.43it/s
2025-11-26 06:48:35,600 epoch=57	global_step=46800	acc=0.7188	acc_avg=0.6409	loss=0.9400	loss_avg=1.3566	lr=0.0039	|gn|=4.1982	time=3.43it/s
2025-11-26 06:48:56,599 ====================Eval Epoch 57====================
2025-11-26 06:48:59,160 epoch=57	global_step=31	acc=0.5000	acc_avg=0.5480	acc5=0.6250	acc5_avg=0.7860	loss=2.3306	loss_avg=2.4293	time=77.42it/s
2025-11-26 06:48:59,160 Eval Loss:2.4293	Eval acc: 54.80
2025-11-26 06:48:59,161 
2025-11-26 06:48:59,161 ====================Training Epoch 58====================
2025-11-26 06:49:12,132 epoch=58	global_step=46900	acc=0.7188	acc_avg=0.6377	loss=1.1562	loss_avg=1.3362	lr=0.0038	|gn|=4.9679	time=3.42it/s
2025-11-26 06:49:45,439 epoch=58	global_step=47000	acc=0.6562	acc_avg=0.6467	loss=1.1909	loss_avg=1.3101	lr=0.0038	|gn|=5.7284	time=3.43it/s
2025-11-26 06:50:18,961 epoch=58	global_step=47100	acc=0.6875	acc_avg=0.6486	loss=0.9708	loss_avg=1.3088	lr=0.0038	|gn|=4.7253	time=3.42it/s
2025-11-26 06:50:52,637 epoch=58	global_step=47200	acc=0.6250	acc_avg=0.6504	loss=1.4967	loss_avg=1.2974	lr=0.0038	|gn|=5.8048	time=3.43it/s
2025-11-26 06:51:25,923 epoch=58	global_step=47300	acc=0.5938	acc_avg=0.6482	loss=1.4692	loss_avg=1.3100	lr=0.0038	|gn|=5.8824	time=3.42it/s
2025-11-26 06:51:59,190 epoch=58	global_step=47400	acc=0.6250	acc_avg=0.6466	loss=1.4306	loss_avg=1.3152	lr=0.0038	|gn|=5.8505	time=3.42it/s
2025-11-26 06:52:32,433 epoch=58	global_step=47500	acc=0.6562	acc_avg=0.6442	loss=1.3265	loss_avg=1.3205	lr=0.0038	|gn|=5.6919	time=3.43it/s
2025-11-26 06:53:05,960 epoch=58	global_step=47600	acc=0.6562	acc_avg=0.6433	loss=1.4725	loss_avg=1.3217	lr=0.0038	|gn|=6.4670	time=3.43it/s
2025-11-26 06:53:29,949 ====================Eval Epoch 58====================
2025-11-26 06:53:32,504 epoch=58	global_step=31	acc=0.3750	acc_avg=0.5740	acc5=0.6250	acc5_avg=0.8180	loss=2.1572	loss_avg=1.9224	time=77.05it/s
2025-11-26 06:53:32,504 Eval Loss:1.9224	Eval acc: 57.40
2025-11-26 06:53:32,505 
2025-11-26 06:53:32,505 ====================Training Epoch 59====================
2025-11-26 06:53:42,786 epoch=59	global_step=47700	acc=0.6562	acc_avg=0.6853	loss=1.4805	loss_avg=1.2393	lr=0.0036	|gn|=5.4783	time=3.42it/s
2025-11-26 06:54:16,074 epoch=59	global_step=47800	acc=0.7812	acc_avg=0.6715	loss=0.9220	loss_avg=1.2859	lr=0.0036	|gn|=4.9930	time=3.43it/s
2025-11-26 06:54:49,395 epoch=59	global_step=47900	acc=0.7188	acc_avg=0.6684	loss=0.9824	loss_avg=1.2739	lr=0.0036	|gn|=5.6722	time=3.43it/s
2025-11-26 06:55:22,696 epoch=59	global_step=48000	acc=0.7812	acc_avg=0.6652	loss=0.8218	loss_avg=1.2766	lr=0.0036	|gn|=4.2252	time=3.43it/s
2025-11-26 06:55:55,915 epoch=59	global_step=48100	acc=0.7812	acc_avg=0.6632	loss=0.8590	loss_avg=1.2792	lr=0.0036	|gn|=4.3277	time=3.43it/s
2025-11-26 06:56:29,292 epoch=59	global_step=48200	acc=0.6562	acc_avg=0.6595	loss=1.4503	loss_avg=1.2916	lr=0.0036	|gn|=5.4677	time=3.43it/s
2025-11-26 06:57:02,621 epoch=59	global_step=48300	acc=0.5938	acc_avg=0.6572	loss=1.2695	loss_avg=1.2962	lr=0.0036	|gn|=5.8463	time=3.43it/s
2025-11-26 06:57:35,978 epoch=59	global_step=48400	acc=0.6562	acc_avg=0.6559	loss=1.4947	loss_avg=1.2992	lr=0.0036	|gn|=6.6437	time=3.43it/s
2025-11-26 06:58:02,314 ====================Eval Epoch 59====================
2025-11-26 06:58:04,834 epoch=59	global_step=31	acc=0.6250	acc_avg=0.5550	acc5=0.8750	acc5_avg=0.7980	loss=1.5409	loss_avg=2.3409	time=77.73it/s
2025-11-26 06:58:04,834 Eval Loss:2.3409	Eval acc: 55.50
2025-11-26 06:58:04,835 
2025-11-26 06:58:04,835 ====================Training Epoch 60====================
2025-11-26 06:58:12,434 epoch=60	global_step=48500	acc=0.8438	acc_avg=0.6533	loss=0.8026	loss_avg=1.2690	lr=0.0035	|gn|=5.0788	time=3.42it/s
2025-11-26 06:58:46,354 epoch=60	global_step=48600	acc=0.6562	acc_avg=0.6681	loss=1.1624	loss_avg=1.2598	lr=0.0035	|gn|=5.6717	time=3.43it/s
2025-11-26 06:59:19,694 epoch=60	global_step=48700	acc=0.6875	acc_avg=0.6693	loss=1.2325	loss_avg=1.2625	lr=0.0035	|gn|=4.8182	time=3.43it/s
2025-11-26 06:59:53,549 epoch=60	global_step=48800	acc=0.6875	acc_avg=0.6653	loss=1.2341	loss_avg=1.2721	lr=0.0035	|gn|=5.8295	time=3.43it/s
2025-11-26 07:00:27,313 epoch=60	global_step=48900	acc=0.5938	acc_avg=0.6633	loss=1.4312	loss_avg=1.2754	lr=0.0035	|gn|=5.6051	time=3.42it/s
2025-11-26 07:01:00,683 epoch=60	global_step=49000	acc=0.6250	acc_avg=0.6620	loss=1.4118	loss_avg=1.2791	lr=0.0035	|gn|=5.6871	time=3.43it/s
2025-11-26 07:01:34,550 epoch=60	global_step=49100	acc=0.7812	acc_avg=0.6619	loss=0.8196	loss_avg=1.2827	lr=0.0035	|gn|=4.2382	time=3.42it/s
2025-11-26 07:02:07,955 epoch=60	global_step=49200	acc=0.7500	acc_avg=0.6599	loss=1.4110	loss_avg=1.2874	lr=0.0035	|gn|=6.1576	time=3.43it/s
2025-11-26 07:02:36,914 ====================Eval Epoch 60====================
2025-11-26 07:02:39,428 epoch=60	global_step=31	acc=0.6250	acc_avg=0.5700	acc5=0.8750	acc5_avg=0.8160	loss=1.5826	loss_avg=2.0402	time=77.71it/s
2025-11-26 07:02:39,428 Eval Loss:2.0402	Eval acc: 57.00
2025-11-26 07:02:39,428 
2025-11-26 07:02:39,428 ====================Training Epoch 61====================
2025-11-26 07:02:44,354 epoch=61	global_step=49300	acc=0.6875	acc_avg=0.6587	loss=1.1368	loss_avg=1.2598	lr=0.0033	|gn|=6.1006	time=3.42it/s
2025-11-26 07:03:17,670 epoch=61	global_step=49400	acc=0.5938	acc_avg=0.6670	loss=1.7314	loss_avg=1.2558	lr=0.0033	|gn|=6.1875	time=3.43it/s
2025-11-26 07:03:50,898 epoch=61	global_step=49500	acc=0.6562	acc_avg=0.6655	loss=1.1366	loss_avg=1.2633	lr=0.0033	|gn|=5.8927	time=3.42it/s
2025-11-26 07:04:24,316 epoch=61	global_step=49600	acc=0.7500	acc_avg=0.6707	loss=0.7149	loss_avg=1.2483	lr=0.0033	|gn|=4.8925	time=3.43it/s
2025-11-26 07:04:57,581 epoch=61	global_step=49700	acc=0.6562	acc_avg=0.6695	loss=1.1215	loss_avg=1.2443	lr=0.0033	|gn|=5.5293	time=3.43it/s
2025-11-26 07:05:30,743 epoch=61	global_step=49800	acc=0.5938	acc_avg=0.6653	loss=1.5082	loss_avg=1.2576	lr=0.0033	|gn|=6.6557	time=3.43it/s
2025-11-26 07:06:04,005 epoch=61	global_step=49900	acc=0.4375	acc_avg=0.6645	loss=1.7030	loss_avg=1.2634	lr=0.0033	|gn|=7.4009	time=3.43it/s
2025-11-26 07:06:37,299 epoch=61	global_step=50000	acc=0.7812	acc_avg=0.6645	loss=0.9615	loss_avg=1.2652	lr=0.0033	|gn|=4.7996	time=3.42it/s
2025-11-26 07:07:09,081 ====================Eval Epoch 61====================
2025-11-26 07:07:11,625 epoch=61	global_step=31	acc=0.2500	acc_avg=0.5520	acc5=0.7500	acc5_avg=0.8070	loss=1.7809	loss_avg=2.3806	time=77.73it/s
2025-11-26 07:07:11,626 Eval Loss:2.3806	Eval acc: 55.20
2025-11-26 07:07:11,626 
2025-11-26 07:07:11,626 ====================Training Epoch 62====================
2025-11-26 07:07:13,900 epoch=62	global_step=50100	acc=0.5312	acc_avg=0.6562	loss=1.7144	loss_avg=1.2759	lr=0.0032	|gn|=6.4102	time=3.43it/s
2025-11-26 07:07:47,138 epoch=62	global_step=50200	acc=0.8750	acc_avg=0.6726	loss=0.7330	loss_avg=1.2363	lr=0.0032	|gn|=4.7943	time=3.43it/s
2025-11-26 07:08:20,333 epoch=62	global_step=50300	acc=0.4375	acc_avg=0.6718	loss=1.7625	loss_avg=1.2379	lr=0.0032	|gn|=7.2508	time=3.43it/s
2025-11-26 07:08:53,617 epoch=62	global_step=50400	acc=0.6250	acc_avg=0.6731	loss=1.1826	loss_avg=1.2420	lr=0.0032	|gn|=6.2117	time=3.43it/s
2025-11-26 07:09:27,015 epoch=62	global_step=50500	acc=0.7500	acc_avg=0.6718	loss=1.0591	loss_avg=1.2321	lr=0.0032	|gn|=5.1963	time=3.43it/s
2025-11-26 07:10:00,299 epoch=62	global_step=50600	acc=0.5625	acc_avg=0.6720	loss=1.4299	loss_avg=1.2329	lr=0.0032	|gn|=5.7353	time=3.43it/s
2025-11-26 07:10:33,586 epoch=62	global_step=50700	acc=0.7500	acc_avg=0.6726	loss=1.0735	loss_avg=1.2332	lr=0.0032	|gn|=5.1768	time=3.43it/s
2025-11-26 07:11:06,904 epoch=62	global_step=50800	acc=0.7188	acc_avg=0.6711	loss=1.1765	loss_avg=1.2401	lr=0.0032	|gn|=5.6332	time=3.43it/s
2025-11-26 07:11:40,317 epoch=62	global_step=50900	acc=0.5312	acc_avg=0.6692	loss=1.5355	loss_avg=1.2461	lr=0.0032	|gn|=7.0498	time=3.42it/s
2025-11-26 07:11:41,378 ====================Eval Epoch 62====================
2025-11-26 07:11:43,939 epoch=62	global_step=31	acc=0.6250	acc_avg=0.5640	acc5=1.0000	acc5_avg=0.8080	loss=1.5550	loss_avg=3.0715	time=77.29it/s
2025-11-26 07:11:43,939 Eval Loss:3.0715	Eval acc: 56.40
2025-11-26 07:11:43,940 
2025-11-26 07:11:43,940 ====================Training Epoch 63====================
2025-11-26 07:12:16,897 epoch=63	global_step=51000	acc=0.6875	acc_avg=0.6859	loss=1.3377	loss_avg=1.1847	lr=0.0030	|gn|=6.7169	time=3.43it/s
2025-11-26 07:12:50,175 epoch=63	global_step=51100	acc=0.6250	acc_avg=0.6818	loss=1.0237	loss_avg=1.1931	lr=0.0030	|gn|=5.5269	time=3.43it/s
2025-11-26 07:13:23,369 epoch=63	global_step=51200	acc=0.6562	acc_avg=0.6782	loss=1.2936	loss_avg=1.2029	lr=0.0030	|gn|=6.0542	time=3.43it/s
2025-11-26 07:13:56,571 epoch=63	global_step=51300	acc=0.5312	acc_avg=0.6762	loss=1.5401	loss_avg=1.2114	lr=0.0030	|gn|=6.1591	time=3.43it/s
2025-11-26 07:14:29,946 epoch=63	global_step=51400	acc=0.5625	acc_avg=0.6760	loss=1.4062	loss_avg=1.2142	lr=0.0030	|gn|=5.7559	time=3.43it/s
2025-11-26 07:15:03,240 epoch=63	global_step=51500	acc=0.7500	acc_avg=0.6738	loss=1.0521	loss_avg=1.2172	lr=0.0030	|gn|=5.9549	time=3.43it/s
2025-11-26 07:15:36,526 epoch=63	global_step=51600	acc=0.7188	acc_avg=0.6712	loss=1.0120	loss_avg=1.2264	lr=0.0030	|gn|=5.3192	time=3.42it/s
2025-11-26 07:16:09,892 epoch=63	global_step=51700	acc=0.7500	acc_avg=0.6709	loss=0.8751	loss_avg=1.2266	lr=0.0030	|gn|=5.3531	time=3.43it/s
2025-11-26 07:16:13,607 ====================Eval Epoch 63====================
2025-11-26 07:16:16,162 epoch=63	global_step=31	acc=0.3750	acc_avg=0.5670	acc5=0.7500	acc5_avg=0.8120	loss=1.8158	loss_avg=3.9943	time=77.45it/s
2025-11-26 07:16:16,162 Eval Loss:3.9943	Eval acc: 56.70
2025-11-26 07:16:16,163 
2025-11-26 07:16:16,163 ====================Training Epoch 64====================
2025-11-26 07:16:46,603 epoch=64	global_step=51800	acc=0.6562	acc_avg=0.6917	loss=1.2782	loss_avg=1.1605	lr=0.0029	|gn|=5.3577	time=3.43it/s
2025-11-26 07:17:19,889 epoch=64	global_step=51900	acc=0.7188	acc_avg=0.6827	loss=1.0190	loss_avg=1.1768	lr=0.0029	|gn|=5.4226	time=3.43it/s
2025-11-26 07:17:53,137 epoch=64	global_step=52000	acc=0.7188	acc_avg=0.6824	loss=1.1995	loss_avg=1.1832	lr=0.0029	|gn|=6.0874	time=3.43it/s
2025-11-26 07:18:26,400 epoch=64	global_step=52100	acc=0.8125	acc_avg=0.6841	loss=0.8857	loss_avg=1.1792	lr=0.0029	|gn|=5.2229	time=3.43it/s
2025-11-26 07:18:59,663 epoch=64	global_step=52200	acc=0.4062	acc_avg=0.6811	loss=1.9589	loss_avg=1.1842	lr=0.0029	|gn|=7.8064	time=3.43it/s
2025-11-26 07:19:32,998 epoch=64	global_step=52300	acc=0.6562	acc_avg=0.6815	loss=1.4003	loss_avg=1.1850	lr=0.0029	|gn|=5.9185	time=3.43it/s
2025-11-26 07:20:06,277 epoch=64	global_step=52400	acc=0.6250	acc_avg=0.6791	loss=1.2693	loss_avg=1.1939	lr=0.0029	|gn|=6.6666	time=3.43it/s
2025-11-26 07:20:39,681 epoch=64	global_step=52500	acc=0.5938	acc_avg=0.6778	loss=1.6253	loss_avg=1.1996	lr=0.0029	|gn|=7.8777	time=3.43it/s
2025-11-26 07:20:46,081 ====================Eval Epoch 64====================
2025-11-26 07:20:48,655 epoch=64	global_step=31	acc=0.5000	acc_avg=0.5750	acc5=0.7500	acc5_avg=0.8090	loss=1.9826	loss_avg=1.8759	time=77.46it/s
2025-11-26 07:20:48,655 Eval Loss:1.8759	Eval acc: 57.50
2025-11-26 07:20:48,655 
2025-11-26 07:20:48,655 ====================Training Epoch 65====================
2025-11-26 07:21:16,345 epoch=65	global_step=52600	acc=0.5938	acc_avg=0.6998	loss=1.6830	loss_avg=1.1385	lr=0.0027	|gn|=6.7819	time=3.42it/s
2025-11-26 07:21:49,594 epoch=65	global_step=52700	acc=0.8125	acc_avg=0.6941	loss=0.8837	loss_avg=1.1625	lr=0.0027	|gn|=5.0783	time=3.43it/s
2025-11-26 07:22:22,803 epoch=65	global_step=52800	acc=0.5000	acc_avg=0.6884	loss=1.4867	loss_avg=1.1780	lr=0.0027	|gn|=7.7424	time=3.43it/s
2025-11-26 07:22:56,109 epoch=65	global_step=52900	acc=0.5312	acc_avg=0.6877	loss=1.6725	loss_avg=1.1784	lr=0.0027	|gn|=6.9798	time=3.42it/s
2025-11-26 07:23:29,615 epoch=65	global_step=53000	acc=0.7812	acc_avg=0.6869	loss=0.7537	loss_avg=1.1790	lr=0.0027	|gn|=4.9394	time=3.43it/s
2025-11-26 07:24:02,902 epoch=65	global_step=53100	acc=0.6562	acc_avg=0.6888	loss=1.2303	loss_avg=1.1694	lr=0.0027	|gn|=6.8038	time=3.43it/s
2025-11-26 07:24:36,131 epoch=65	global_step=53200	acc=0.5625	acc_avg=0.6893	loss=1.5942	loss_avg=1.1683	lr=0.0027	|gn|=6.6585	time=3.41it/s
2025-11-26 07:25:09,381 epoch=65	global_step=53300	acc=0.8125	acc_avg=0.6885	loss=0.6315	loss_avg=1.1706	lr=0.0027	|gn|=4.0937	time=3.43it/s
2025-11-26 07:25:18,462 ====================Eval Epoch 65====================
2025-11-26 07:25:21,008 epoch=65	global_step=31	acc=0.3750	acc_avg=0.5710	acc5=0.6250	acc5_avg=0.8080	loss=2.1587	loss_avg=2.6534	time=77.58it/s
2025-11-26 07:25:21,008 Eval Loss:2.6534	Eval acc: 57.10
2025-11-26 07:25:21,009 
2025-11-26 07:25:21,009 ====================Training Epoch 66====================
2025-11-26 07:25:46,041 epoch=66	global_step=53400	acc=0.7812	acc_avg=0.7098	loss=0.9305	loss_avg=1.0988	lr=0.0026	|gn|=4.9681	time=3.43it/s
2025-11-26 07:26:19,423 epoch=66	global_step=53500	acc=0.6875	acc_avg=0.7005	loss=1.1423	loss_avg=1.1242	lr=0.0026	|gn|=6.3554	time=3.43it/s
2025-11-26 07:26:52,744 epoch=66	global_step=53600	acc=0.5625	acc_avg=0.6952	loss=1.5872	loss_avg=1.1394	lr=0.0026	|gn|=7.8072	time=3.43it/s
2025-11-26 07:27:26,214 epoch=66	global_step=53700	acc=0.6562	acc_avg=0.6952	loss=0.9647	loss_avg=1.1447	lr=0.0026	|gn|=5.2172	time=3.43it/s
2025-11-26 07:27:59,567 epoch=66	global_step=53800	acc=0.6875	acc_avg=0.6940	loss=1.3175	loss_avg=1.1439	lr=0.0026	|gn|=5.6784	time=3.43it/s
2025-11-26 07:28:32,904 epoch=66	global_step=53900	acc=0.8125	acc_avg=0.6934	loss=0.9005	loss_avg=1.1446	lr=0.0026	|gn|=4.7616	time=3.43it/s
2025-11-26 07:29:06,174 epoch=66	global_step=54000	acc=0.7188	acc_avg=0.6917	loss=1.1593	loss_avg=1.1430	lr=0.0026	|gn|=6.1874	time=3.43it/s
2025-11-26 07:29:39,609 epoch=66	global_step=54100	acc=0.7188	acc_avg=0.6924	loss=0.8216	loss_avg=1.1439	lr=0.0026	|gn|=5.7566	time=3.42it/s
2025-11-26 07:29:51,379 ====================Eval Epoch 66====================
2025-11-26 07:29:53,961 epoch=66	global_step=31	acc=0.6250	acc_avg=0.5770	acc5=0.7500	acc5_avg=0.8120	loss=1.6759	loss_avg=3.6044	time=77.50it/s
2025-11-26 07:29:53,961 Eval Loss:3.6044	Eval acc: 57.70
2025-11-26 07:29:53,961 
2025-11-26 07:29:53,961 ====================Training Epoch 67====================
2025-11-26 07:30:16,287 epoch=67	global_step=54200	acc=0.8750	acc_avg=0.7101	loss=0.6984	loss_avg=1.1532	lr=0.0025	|gn|=3.9934	time=3.43it/s
2025-11-26 07:30:49,585 epoch=67	global_step=54300	acc=0.6875	acc_avg=0.7134	loss=0.8445	loss_avg=1.1131	lr=0.0025	|gn|=5.3209	time=3.43it/s
2025-11-26 07:31:22,828 epoch=67	global_step=54400	acc=0.7500	acc_avg=0.7063	loss=0.9636	loss_avg=1.1152	lr=0.0025	|gn|=5.7146	time=3.42it/s
2025-11-26 07:31:56,020 epoch=67	global_step=54500	acc=0.5000	acc_avg=0.7017	loss=1.3738	loss_avg=1.1239	lr=0.0025	|gn|=6.6107	time=3.43it/s
2025-11-26 07:32:29,358 epoch=67	global_step=54600	acc=0.8750	acc_avg=0.7024	loss=0.6806	loss_avg=1.1227	lr=0.0025	|gn|=4.6225	time=3.43it/s
2025-11-26 07:33:02,618 epoch=67	global_step=54700	acc=0.5938	acc_avg=0.6980	loss=1.4762	loss_avg=1.1330	lr=0.0025	|gn|=7.0023	time=3.43it/s
2025-11-26 07:33:35,784 epoch=67	global_step=54800	acc=0.5312	acc_avg=0.6969	loss=1.6211	loss_avg=1.1365	lr=0.0025	|gn|=6.5132	time=3.43it/s
2025-11-26 07:34:09,012 epoch=67	global_step=54900	acc=0.6562	acc_avg=0.6964	loss=1.1477	loss_avg=1.1348	lr=0.0025	|gn|=6.7538	time=3.43it/s
2025-11-26 07:34:23,414 ====================Eval Epoch 67====================
2025-11-26 07:34:25,946 epoch=67	global_step=31	acc=0.5000	acc_avg=0.5680	acc5=0.6250	acc5_avg=0.7980	loss=1.7648	loss_avg=2.3693	time=77.84it/s
2025-11-26 07:34:25,947 Eval Loss:2.3693	Eval acc: 56.80
2025-11-26 07:34:25,947 
2025-11-26 07:34:25,947 ====================Training Epoch 68====================
2025-11-26 07:34:45,503 epoch=68	global_step=55000	acc=0.4062	acc_avg=0.6963	loss=2.2601	loss_avg=1.1355	lr=0.0023	|gn|=9.0171	time=3.43it/s
2025-11-26 07:35:18,949 epoch=68	global_step=55100	acc=0.6875	acc_avg=0.6947	loss=0.7963	loss_avg=1.1480	lr=0.0023	|gn|=4.9080	time=3.42it/s
2025-11-26 07:35:52,287 epoch=68	global_step=55200	acc=0.7500	acc_avg=0.7003	loss=1.0350	loss_avg=1.1277	lr=0.0023	|gn|=5.4968	time=3.43it/s
2025-11-26 07:36:25,714 epoch=68	global_step=55300	acc=0.7500	acc_avg=0.7035	loss=1.0159	loss_avg=1.1183	lr=0.0023	|gn|=5.9367	time=3.43it/s
2025-11-26 07:36:59,127 epoch=68	global_step=55400	acc=0.8125	acc_avg=0.7049	loss=0.8102	loss_avg=1.1103	lr=0.0023	|gn|=5.8680	time=3.43it/s
2025-11-26 07:37:32,440 epoch=68	global_step=55500	acc=0.6562	acc_avg=0.7060	loss=1.4253	loss_avg=1.1142	lr=0.0023	|gn|=6.2763	time=3.42it/s
2025-11-26 07:38:05,778 epoch=68	global_step=55600	acc=0.8125	acc_avg=0.7061	loss=0.7659	loss_avg=1.1134	lr=0.0023	|gn|=5.2656	time=3.43it/s
2025-11-26 07:38:39,045 epoch=68	global_step=55700	acc=0.7188	acc_avg=0.7067	loss=1.2868	loss_avg=1.1135	lr=0.0023	|gn|=6.0227	time=3.43it/s
2025-11-26 07:38:56,076 ====================Eval Epoch 68====================
2025-11-26 07:38:58,615 epoch=68	global_step=31	acc=0.3750	acc_avg=0.5790	acc5=0.7500	acc5_avg=0.8140	loss=1.6676	loss_avg=5.4136	time=77.03it/s
2025-11-26 07:38:58,615 Eval Loss:5.4136	Eval acc: 57.90
2025-11-26 07:38:58,616 
2025-11-26 07:38:58,616 ====================Training Epoch 69====================
2025-11-26 07:39:15,484 epoch=69	global_step=55800	acc=0.7188	acc_avg=0.7092	loss=1.0109	loss_avg=1.0766	lr=0.0022	|gn|=5.9650	time=3.42it/s
2025-11-26 07:39:48,730 epoch=69	global_step=55900	acc=0.6250	acc_avg=0.6953	loss=1.4899	loss_avg=1.1343	lr=0.0022	|gn|=6.0402	time=3.42it/s
2025-11-26 07:40:22,161 epoch=69	global_step=56000	acc=0.6562	acc_avg=0.7052	loss=0.9505	loss_avg=1.1119	lr=0.0022	|gn|=5.1997	time=3.43it/s
2025-11-26 07:40:55,617 epoch=69	global_step=56100	acc=0.7812	acc_avg=0.7091	loss=0.8620	loss_avg=1.0976	lr=0.0022	|gn|=5.6009	time=3.42it/s
2025-11-26 07:41:28,871 epoch=69	global_step=56200	acc=0.7188	acc_avg=0.7103	loss=1.1127	loss_avg=1.0922	lr=0.0022	|gn|=6.1176	time=3.43it/s
2025-11-26 07:42:02,120 epoch=69	global_step=56300	acc=0.6250	acc_avg=0.7063	loss=1.3428	loss_avg=1.1034	lr=0.0022	|gn|=6.2168	time=3.43it/s
2025-11-26 07:42:35,384 epoch=69	global_step=56400	acc=0.5312	acc_avg=0.7033	loss=1.6875	loss_avg=1.1099	lr=0.0022	|gn|=6.8308	time=3.42it/s
2025-11-26 07:43:08,845 epoch=69	global_step=56500	acc=0.7812	acc_avg=0.7039	loss=1.0048	loss_avg=1.1080	lr=0.0022	|gn|=6.7679	time=3.43it/s
2025-11-26 07:43:28,605 ====================Eval Epoch 69====================
2025-11-26 07:43:31,142 epoch=69	global_step=31	acc=0.5000	acc_avg=0.5820	acc5=0.7500	acc5_avg=0.8070	loss=1.7802	loss_avg=4.6171	time=77.29it/s
2025-11-26 07:43:31,142 Eval Loss:4.6171	Eval acc: 58.20
2025-11-26 07:43:31,143 
2025-11-26 07:43:31,143 ====================Training Epoch 70====================
2025-11-26 07:43:45,399 epoch=70	global_step=56600	acc=0.6875	acc_avg=0.7020	loss=1.2809	loss_avg=1.1013	lr=0.0021	|gn|=6.0637	time=3.43it/s
2025-11-26 07:44:18,769 epoch=70	global_step=56700	acc=0.6250	acc_avg=0.7134	loss=1.4348	loss_avg=1.0682	lr=0.0021	|gn|=6.3630	time=3.43it/s
2025-11-26 07:44:52,104 epoch=70	global_step=56800	acc=0.8125	acc_avg=0.7215	loss=0.7266	loss_avg=1.0512	lr=0.0021	|gn|=4.8374	time=3.42it/s
2025-11-26 07:45:25,552 epoch=70	global_step=56900	acc=0.7812	acc_avg=0.7246	loss=0.6081	loss_avg=1.0443	lr=0.0021	|gn|=4.8727	time=3.42it/s
2025-11-26 07:45:58,914 epoch=70	global_step=57000	acc=0.5625	acc_avg=0.7231	loss=1.2572	loss_avg=1.0591	lr=0.0021	|gn|=7.5678	time=3.42it/s
2025-11-26 07:46:32,296 epoch=70	global_step=57100	acc=0.6562	acc_avg=0.7194	loss=1.5694	loss_avg=1.0689	lr=0.0021	|gn|=7.8077	time=3.43it/s
2025-11-26 07:47:05,740 epoch=70	global_step=57200	acc=0.7188	acc_avg=0.7204	loss=0.9217	loss_avg=1.0635	lr=0.0021	|gn|=5.8890	time=3.43it/s
2025-11-26 07:47:39,224 epoch=70	global_step=57300	acc=0.7500	acc_avg=0.7178	loss=1.0469	loss_avg=1.0684	lr=0.0021	|gn|=5.5861	time=3.43it/s
2025-11-26 07:48:01,589 ====================Eval Epoch 70====================
2025-11-26 07:48:04,122 epoch=70	global_step=31	acc=0.5000	acc_avg=0.5950	acc5=0.6250	acc5_avg=0.8050	loss=2.1543	loss_avg=5.5080	time=77.64it/s
2025-11-26 07:48:04,123 Eval Loss:5.5080	Eval acc: 59.50
2025-11-26 07:48:04,123 
2025-11-26 07:48:04,124 ====================Training Epoch 71====================
2025-11-26 07:48:15,730 epoch=71	global_step=57400	acc=0.7812	acc_avg=0.7064	loss=0.8686	loss_avg=1.0887	lr=0.0019	|gn|=5.4687	time=3.43it/s
2025-11-26 07:48:49,032 epoch=71	global_step=57500	acc=0.6875	acc_avg=0.7141	loss=1.2940	loss_avg=1.0640	lr=0.0019	|gn|=6.3946	time=3.43it/s
2025-11-26 07:49:22,257 epoch=71	global_step=57600	acc=0.7812	acc_avg=0.7157	loss=0.9282	loss_avg=1.0618	lr=0.0019	|gn|=5.7475	time=3.43it/s
2025-11-26 07:49:55,694 epoch=71	global_step=57700	acc=0.7812	acc_avg=0.7185	loss=1.0563	loss_avg=1.0551	lr=0.0019	|gn|=6.5147	time=3.43it/s
2025-11-26 07:50:29,048 epoch=71	global_step=57800	acc=0.7188	acc_avg=0.7187	loss=0.9900	loss_avg=1.0573	lr=0.0019	|gn|=6.2730	time=3.43it/s
2025-11-26 07:51:02,389 epoch=71	global_step=57900	acc=0.6562	acc_avg=0.7175	loss=1.2540	loss_avg=1.0604	lr=0.0019	|gn|=6.0287	time=3.42it/s
2025-11-26 07:51:35,707 epoch=71	global_step=58000	acc=0.6562	acc_avg=0.7175	loss=1.0600	loss_avg=1.0590	lr=0.0019	|gn|=6.3331	time=3.43it/s
2025-11-26 07:52:09,087 epoch=71	global_step=58100	acc=0.8125	acc_avg=0.7169	loss=1.0049	loss_avg=1.0620	lr=0.0019	|gn|=6.4445	time=3.43it/s
2025-11-26 07:52:34,167 ====================Eval Epoch 71====================
2025-11-26 07:52:36,723 epoch=71	global_step=31	acc=0.6250	acc_avg=0.5740	acc5=0.6250	acc5_avg=0.8100	loss=1.7051	loss_avg=2.1073	time=77.25it/s
2025-11-26 07:52:36,724 Eval Loss:2.1073	Eval acc: 57.40
2025-11-26 07:52:36,724 
2025-11-26 07:52:36,724 ====================Training Epoch 72====================
2025-11-26 07:52:45,861 epoch=72	global_step=58200	acc=0.7188	acc_avg=0.7388	loss=0.8568	loss_avg=0.9996	lr=0.0018	|gn|=5.3400	time=3.43it/s
2025-11-26 07:53:19,113 epoch=72	global_step=58300	acc=0.8438	acc_avg=0.7378	loss=0.8850	loss_avg=1.0066	lr=0.0018	|gn|=6.2531	time=3.43it/s
2025-11-26 07:53:52,538 epoch=72	global_step=58400	acc=0.6562	acc_avg=0.7322	loss=1.3296	loss_avg=1.0082	lr=0.0018	|gn|=6.1247	time=3.43it/s
2025-11-26 07:54:25,960 epoch=72	global_step=58500	acc=0.6875	acc_avg=0.7341	loss=1.1179	loss_avg=1.0041	lr=0.0018	|gn|=6.2210	time=3.43it/s
2025-11-26 07:54:59,300 epoch=72	global_step=58600	acc=0.6562	acc_avg=0.7326	loss=1.2497	loss_avg=1.0085	lr=0.0018	|gn|=6.7894	time=3.43it/s
2025-11-26 07:55:32,548 epoch=72	global_step=58700	acc=0.6875	acc_avg=0.7293	loss=1.0193	loss_avg=1.0236	lr=0.0018	|gn|=6.6742	time=3.42it/s
2025-11-26 07:56:05,975 epoch=72	global_step=58800	acc=0.7500	acc_avg=0.7246	loss=0.8899	loss_avg=1.0367	lr=0.0018	|gn|=4.8562	time=3.42it/s
2025-11-26 07:56:39,480 epoch=72	global_step=58900	acc=0.8125	acc_avg=0.7215	loss=0.6418	loss_avg=1.0432	lr=0.0018	|gn|=4.5676	time=3.43it/s
2025-11-26 07:57:07,176 ====================Eval Epoch 72====================
2025-11-26 07:57:09,716 epoch=72	global_step=31	acc=0.5000	acc_avg=0.5800	acc5=0.6250	acc5_avg=0.8160	loss=1.8492	loss_avg=5.0063	time=77.87it/s
2025-11-26 07:57:09,716 Eval Loss:5.0063	Eval acc: 58.00
2025-11-26 07:57:09,717 
2025-11-26 07:57:09,717 ====================Training Epoch 73====================
2025-11-26 07:57:16,042 epoch=73	global_step=59000	acc=0.6875	acc_avg=0.7132	loss=1.1262	loss_avg=1.0289	lr=0.0017	|gn|=6.2019	time=3.43it/s
2025-11-26 07:57:49,287 epoch=73	global_step=59100	acc=0.6250	acc_avg=0.7236	loss=1.0934	loss_avg=1.0289	lr=0.0017	|gn|=6.4081	time=3.42it/s
2025-11-26 07:58:22,514 epoch=73	global_step=59200	acc=0.7188	acc_avg=0.7272	loss=1.1158	loss_avg=1.0187	lr=0.0017	|gn|=6.8576	time=3.43it/s
2025-11-26 07:58:55,790 epoch=73	global_step=59300	acc=0.7812	acc_avg=0.7243	loss=0.7521	loss_avg=1.0239	lr=0.0017	|gn|=7.4207	time=3.43it/s
2025-11-26 07:59:29,086 epoch=73	global_step=59400	acc=0.7500	acc_avg=0.7259	loss=1.1284	loss_avg=1.0167	lr=0.0017	|gn|=5.9009	time=3.43it/s
2025-11-26 08:00:02,465 epoch=73	global_step=59500	acc=0.7812	acc_avg=0.7246	loss=0.8535	loss_avg=1.0266	lr=0.0017	|gn|=5.9643	time=3.43it/s
2025-11-26 08:00:35,930 epoch=73	global_step=59600	acc=0.7188	acc_avg=0.7249	loss=1.2061	loss_avg=1.0272	lr=0.0017	|gn|=6.1239	time=3.43it/s
2025-11-26 08:01:09,345 epoch=73	global_step=59700	acc=0.7500	acc_avg=0.7254	loss=1.0452	loss_avg=1.0263	lr=0.0017	|gn|=6.3391	time=3.43it/s
2025-11-26 08:01:39,781 ====================Eval Epoch 73====================
2025-11-26 08:01:42,314 epoch=73	global_step=31	acc=0.5000	acc_avg=0.5980	acc5=0.7500	acc5_avg=0.8120	loss=1.7415	loss_avg=3.1688	time=77.40it/s
2025-11-26 08:01:42,314 Eval Loss:3.1688	Eval acc: 59.80
2025-11-26 08:01:42,314 
2025-11-26 08:01:42,315 ====================Training Epoch 74====================
2025-11-26 08:01:45,974 epoch=74	global_step=59800	acc=0.6875	acc_avg=0.7188	loss=1.1194	loss_avg=1.0229	lr=0.0016	|gn|=5.9096	time=3.42it/s
2025-11-26 08:02:19,331 epoch=74	global_step=59900	acc=0.7188	acc_avg=0.7448	loss=0.9458	loss_avg=0.9831	lr=0.0016	|gn|=7.1065	time=3.43it/s
2025-11-26 08:02:52,746 epoch=74	global_step=60000	acc=0.6562	acc_avg=0.7397	loss=0.9270	loss_avg=0.9874	lr=0.0016	|gn|=6.5872	time=3.42it/s
2025-11-26 08:03:26,196 epoch=74	global_step=60100	acc=0.8125	acc_avg=0.7340	loss=0.5730	loss_avg=0.9934	lr=0.0016	|gn|=5.1446	time=3.42it/s
2025-11-26 08:03:59,506 epoch=74	global_step=60200	acc=0.9375	acc_avg=0.7327	loss=0.5760	loss_avg=0.9997	lr=0.0016	|gn|=4.6268	time=3.42it/s
2025-11-26 08:04:32,898 epoch=74	global_step=60300	acc=0.6875	acc_avg=0.7334	loss=1.2784	loss_avg=1.0009	lr=0.0016	|gn|=5.9708	time=3.42it/s
2025-11-26 08:05:06,257 epoch=74	global_step=60400	acc=0.6562	acc_avg=0.7308	loss=1.2175	loss_avg=1.0066	lr=0.0016	|gn|=6.2768	time=3.43it/s
2025-11-26 08:05:39,642 epoch=74	global_step=60500	acc=0.6875	acc_avg=0.7303	loss=1.1662	loss_avg=1.0089	lr=0.0016	|gn|=6.3193	time=3.43it/s
2025-11-26 08:06:12,611 ====================Eval Epoch 74====================
2025-11-26 08:06:15,190 epoch=74	global_step=31	acc=0.3750	acc_avg=0.5930	acc5=0.7500	acc5_avg=0.8080	loss=1.8595	loss_avg=6.8281	time=77.17it/s
2025-11-26 08:06:15,190 Eval Loss:6.8281	Eval acc: 59.30
2025-11-26 08:06:15,191 
2025-11-26 08:06:15,191 ====================Training Epoch 75====================
2025-11-26 08:06:16,151 epoch=75	global_step=60600	acc=0.6562	acc_avg=0.6562	loss=0.8005	loss_avg=0.8005	lr=0.0015	|gn|=6.1098	time=3.41it/s
2025-11-26 08:06:50,170 epoch=75	global_step=60700	acc=0.7188	acc_avg=0.7293	loss=1.3384	loss_avg=1.0286	lr=0.0015	|gn|=7.6580	time=3.43it/s
2025-11-26 08:07:24,066 epoch=75	global_step=60800	acc=0.7188	acc_avg=0.7334	loss=1.0113	loss_avg=1.0056	lr=0.0015	|gn|=6.1024	time=3.42it/s
2025-11-26 08:07:57,598 epoch=75	global_step=60900	acc=0.5312	acc_avg=0.7348	loss=1.4420	loss_avg=1.0052	lr=0.0015	|gn|=6.9969	time=3.42it/s
2025-11-26 08:08:31,062 epoch=75	global_step=61000	acc=0.7500	acc_avg=0.7328	loss=0.7862	loss_avg=1.0111	lr=0.0015	|gn|=5.7912	time=3.42it/s
2025-11-26 08:09:04,698 epoch=75	global_step=61100	acc=0.5625	acc_avg=0.7317	loss=1.5146	loss_avg=1.0132	lr=0.0015	|gn|=8.3150	time=3.43it/s
2025-11-26 08:09:38,021 epoch=75	global_step=61200	acc=0.7812	acc_avg=0.7335	loss=0.7114	loss_avg=1.0063	lr=0.0015	|gn|=4.8832	time=3.42it/s
2025-11-26 08:10:11,911 epoch=75	global_step=61300	acc=0.8125	acc_avg=0.7320	loss=0.6099	loss_avg=1.0074	lr=0.0015	|gn|=5.0512	time=3.43it/s
2025-11-26 08:10:45,420 epoch=75	global_step=61400	acc=0.6562	acc_avg=0.7316	loss=0.8653	loss_avg=1.0074	lr=0.0015	|gn|=6.6014	time=3.42it/s
2025-11-26 08:10:47,820 ====================Eval Epoch 75====================
2025-11-26 08:10:50,361 epoch=75	global_step=31	acc=0.5000	acc_avg=0.5630	acc5=0.6250	acc5_avg=0.8030	loss=1.8161	loss_avg=2.9542	time=77.25it/s
2025-11-26 08:10:50,361 Eval Loss:2.9542	Eval acc: 56.30
2025-11-26 08:10:50,362 
2025-11-26 08:10:50,362 ====================Training Epoch 76====================
2025-11-26 08:11:22,036 epoch=76	global_step=61500	acc=0.7812	acc_avg=0.7517	loss=0.7780	loss_avg=0.9710	lr=0.0014	|gn|=5.6939	time=3.42it/s
2025-11-26 08:11:55,250 epoch=76	global_step=61600	acc=0.6250	acc_avg=0.7482	loss=1.3110	loss_avg=0.9714	lr=0.0014	|gn|=8.1096	time=3.42it/s
2025-11-26 08:12:28,517 epoch=76	global_step=61700	acc=0.7500	acc_avg=0.7419	loss=1.0249	loss_avg=0.9901	lr=0.0014	|gn|=5.9584	time=3.42it/s
2025-11-26 08:13:01,796 epoch=76	global_step=61800	acc=0.7500	acc_avg=0.7374	loss=0.7943	loss_avg=0.9981	lr=0.0014	|gn|=5.3731	time=3.42it/s
2025-11-26 08:13:35,139 epoch=76	global_step=61900	acc=0.7500	acc_avg=0.7380	loss=0.9970	loss_avg=0.9954	lr=0.0014	|gn|=6.7979	time=3.42it/s
2025-11-26 08:14:09,502 epoch=76	global_step=62000	acc=0.6250	acc_avg=0.7382	loss=1.7033	loss_avg=0.9944	lr=0.0014	|gn|=8.0348	time=3.42it/s
2025-11-26 08:14:43,802 epoch=76	global_step=62100	acc=0.7500	acc_avg=0.7381	loss=0.8333	loss_avg=0.9940	lr=0.0014	|gn|=6.8527	time=3.43it/s
2025-11-26 08:15:17,102 epoch=76	global_step=62200	acc=0.7500	acc_avg=0.7402	loss=0.7689	loss_avg=0.9866	lr=0.0014	|gn|=6.1713	time=3.43it/s
2025-11-26 08:15:22,140 ====================Eval Epoch 76====================
2025-11-26 08:15:24,668 epoch=76	global_step=31	acc=0.5000	acc_avg=0.5790	acc5=0.6250	acc5_avg=0.8140	loss=2.1958	loss_avg=2.2082	time=77.52it/s
2025-11-26 08:15:24,669 Eval Loss:2.2082	Eval acc: 57.90
2025-11-26 08:15:24,669 
2025-11-26 08:15:24,669 ====================Training Epoch 77====================
2025-11-26 08:15:53,538 epoch=77	global_step=62300	acc=0.7812	acc_avg=0.7342	loss=0.7846	loss_avg=0.9882	lr=0.0012	|gn|=6.5946	time=3.43it/s
2025-11-26 08:16:26,755 epoch=77	global_step=62400	acc=0.8438	acc_avg=0.7416	loss=0.7389	loss_avg=0.9759	lr=0.0012	|gn|=5.5365	time=3.42it/s
2025-11-26 08:17:00,000 epoch=77	global_step=62500	acc=0.8438	acc_avg=0.7399	loss=0.7773	loss_avg=0.9903	lr=0.0012	|gn|=5.6166	time=3.42it/s
2025-11-26 08:17:33,375 epoch=77	global_step=62600	acc=0.7812	acc_avg=0.7400	loss=0.9275	loss_avg=0.9856	lr=0.0012	|gn|=6.1457	time=3.42it/s
2025-11-26 08:18:06,634 epoch=77	global_step=62700	acc=0.6250	acc_avg=0.7417	loss=1.2912	loss_avg=0.9807	lr=0.0012	|gn|=6.6664	time=3.43it/s
2025-11-26 08:18:39,861 epoch=77	global_step=62800	acc=0.7188	acc_avg=0.7413	loss=1.3195	loss_avg=0.9816	lr=0.0012	|gn|=6.7432	time=3.42it/s
2025-11-26 08:19:13,193 epoch=77	global_step=62900	acc=0.7812	acc_avg=0.7406	loss=0.8327	loss_avg=0.9813	lr=0.0012	|gn|=5.9065	time=3.43it/s
2025-11-26 08:19:46,525 epoch=77	global_step=63000	acc=0.6250	acc_avg=0.7393	loss=1.3392	loss_avg=0.9864	lr=0.0012	|gn|=7.5584	time=3.43it/s
2025-11-26 08:19:54,283 ====================Eval Epoch 77====================
2025-11-26 08:19:56,868 epoch=77	global_step=31	acc=0.5000	acc_avg=0.5830	acc5=0.7500	acc5_avg=0.8100	loss=1.7404	loss_avg=4.8044	time=77.18it/s
2025-11-26 08:19:56,868 Eval Loss:4.8044	Eval acc: 58.30
2025-11-26 08:19:56,869 
2025-11-26 08:19:56,869 ====================Training Epoch 78====================
2025-11-26 08:20:23,180 epoch=78	global_step=63100	acc=0.7188	acc_avg=0.7504	loss=1.0803	loss_avg=0.9682	lr=0.0011	|gn|=8.0116	time=3.42it/s
2025-11-26 08:20:56,508 epoch=78	global_step=63200	acc=0.6562	acc_avg=0.7461	loss=1.0426	loss_avg=0.9748	lr=0.0011	|gn|=7.0144	time=3.43it/s
2025-11-26 08:21:29,698 epoch=78	global_step=63300	acc=0.7188	acc_avg=0.7451	loss=1.1084	loss_avg=0.9733	lr=0.0011	|gn|=6.2381	time=3.43it/s
2025-11-26 08:22:03,022 epoch=78	global_step=63400	acc=0.8438	acc_avg=0.7497	loss=0.7032	loss_avg=0.9607	lr=0.0011	|gn|=4.8531	time=3.43it/s
2025-11-26 08:22:36,318 epoch=78	global_step=63500	acc=0.7812	acc_avg=0.7497	loss=0.7502	loss_avg=0.9586	lr=0.0011	|gn|=5.8393	time=3.43it/s
2025-11-26 08:23:09,599 epoch=78	global_step=63600	acc=0.7500	acc_avg=0.7472	loss=0.9629	loss_avg=0.9659	lr=0.0011	|gn|=5.6701	time=3.43it/s
2025-11-26 08:23:42,902 epoch=78	global_step=63700	acc=0.9062	acc_avg=0.7439	loss=0.5502	loss_avg=0.9751	lr=0.0011	|gn|=5.1767	time=3.42it/s
2025-11-26 08:24:16,287 epoch=78	global_step=63800	acc=0.8125	acc_avg=0.7448	loss=0.6863	loss_avg=0.9717	lr=0.0011	|gn|=5.0295	time=3.43it/s
2025-11-26 08:24:26,651 ====================Eval Epoch 78====================
2025-11-26 08:24:29,211 epoch=78	global_step=31	acc=0.5000	acc_avg=0.5830	acc5=0.7500	acc5_avg=0.8090	loss=1.7103	loss_avg=4.8585	time=77.61it/s
2025-11-26 08:24:29,211 Eval Loss:4.8585	Eval acc: 58.30
2025-11-26 08:24:29,212 
2025-11-26 08:24:29,212 ====================Training Epoch 79====================
2025-11-26 08:24:53,016 epoch=79	global_step=63900	acc=0.8125	acc_avg=0.7514	loss=0.8638	loss_avg=0.9576	lr=0.0010	|gn|=5.4398	time=3.43it/s
2025-11-26 08:25:26,322 epoch=79	global_step=64000	acc=0.7500	acc_avg=0.7483	loss=0.8732	loss_avg=0.9550	lr=0.0010	|gn|=6.5302	time=3.43it/s
2025-11-26 08:25:59,749 epoch=79	global_step=64100	acc=0.6562	acc_avg=0.7481	loss=1.0563	loss_avg=0.9478	lr=0.0010	|gn|=6.7330	time=3.43it/s
2025-11-26 08:26:34,039 epoch=79	global_step=64200	acc=0.5000	acc_avg=0.7504	loss=1.4186	loss_avg=0.9425	lr=0.0010	|gn|=7.9107	time=3.43it/s
2025-11-26 08:27:07,458 epoch=79	global_step=64300	acc=0.6250	acc_avg=0.7510	loss=1.0541	loss_avg=0.9429	lr=0.0010	|gn|=6.5108	time=3.41it/s
2025-11-26 08:27:41,029 epoch=79	global_step=64400	acc=0.6875	acc_avg=0.7507	loss=1.0864	loss_avg=0.9423	lr=0.0010	|gn|=6.4611	time=3.43it/s
2025-11-26 08:28:14,462 epoch=79	global_step=64500	acc=0.5625	acc_avg=0.7508	loss=1.6701	loss_avg=0.9436	lr=0.0010	|gn|=8.3966	time=3.43it/s
2025-11-26 08:28:48,338 epoch=79	global_step=64600	acc=0.7812	acc_avg=0.7487	loss=0.9107	loss_avg=0.9472	lr=0.0010	|gn|=6.6916	time=3.43it/s
2025-11-26 08:29:01,446 ====================Eval Epoch 79====================
2025-11-26 08:29:03,950 epoch=79	global_step=31	acc=0.5000	acc_avg=0.5850	acc5=0.6250	acc5_avg=0.8080	loss=1.8544	loss_avg=3.0353	time=77.67it/s
2025-11-26 08:29:03,950 Eval Loss:3.0353	Eval acc: 58.50
2025-11-26 08:29:03,951 
2025-11-26 08:29:03,951 ====================Training Epoch 80====================
2025-11-26 08:29:25,049 epoch=80	global_step=64700	acc=0.7188	acc_avg=0.7367	loss=1.0353	loss_avg=0.9660	lr=0.0010	|gn|=6.3354	time=3.43it/s
2025-11-26 08:29:58,931 epoch=80	global_step=64800	acc=0.7812	acc_avg=0.7393	loss=0.9942	loss_avg=0.9633	lr=0.0010	|gn|=6.2111	time=3.43it/s
2025-11-26 08:30:32,818 epoch=80	global_step=64900	acc=0.7500	acc_avg=0.7456	loss=0.8426	loss_avg=0.9463	lr=0.0010	|gn|=6.3651	time=3.43it/s
2025-11-26 08:31:06,302 epoch=80	global_step=65000	acc=0.6562	acc_avg=0.7459	loss=1.3256	loss_avg=0.9462	lr=0.0010	|gn|=6.9674	time=3.43it/s
2025-11-26 08:31:40,007 epoch=80	global_step=65100	acc=0.6562	acc_avg=0.7491	loss=1.3525	loss_avg=0.9404	lr=0.0010	|gn|=7.3097	time=3.43it/s
2025-11-26 08:32:13,414 epoch=80	global_step=65200	acc=0.7500	acc_avg=0.7529	loss=1.1906	loss_avg=0.9290	lr=0.0010	|gn|=8.0184	time=3.43it/s
2025-11-26 08:32:46,804 epoch=80	global_step=65300	acc=0.6875	acc_avg=0.7526	loss=1.2785	loss_avg=0.9301	lr=0.0010	|gn|=7.4876	time=3.43it/s
2025-11-26 08:33:20,525 epoch=80	global_step=65400	acc=0.6250	acc_avg=0.7506	loss=1.3152	loss_avg=0.9329	lr=0.0010	|gn|=9.3503	time=3.43it/s
2025-11-26 08:33:36,523 ====================Eval Epoch 80====================
2025-11-26 08:33:39,071 epoch=80	global_step=31	acc=0.5000	acc_avg=0.5820	acc5=0.6250	acc5_avg=0.8120	loss=1.9357	loss_avg=3.7596	time=77.60it/s
2025-11-26 08:33:39,071 Eval Loss:3.7596	Eval acc: 58.20
2025-11-26 08:33:39,072 
2025-11-26 08:33:39,072 ====================Training Epoch 81====================
2025-11-26 08:33:57,279 epoch=81	global_step=65500	acc=0.7188	acc_avg=0.7565	loss=0.7193	loss_avg=0.9195	lr=0.0009	|gn|=5.3392	time=3.43it/s
2025-11-26 08:34:31,054 epoch=81	global_step=65600	acc=0.7812	acc_avg=0.7533	loss=0.8292	loss_avg=0.9274	lr=0.0009	|gn|=6.2595	time=3.43it/s
2025-11-26 08:35:04,442 epoch=81	global_step=65700	acc=0.7500	acc_avg=0.7583	loss=0.8644	loss_avg=0.9244	lr=0.0009	|gn|=6.4310	time=3.43it/s
2025-11-26 08:35:37,803 epoch=81	global_step=65800	acc=0.6562	acc_avg=0.7600	loss=1.1935	loss_avg=0.9181	lr=0.0009	|gn|=7.5535	time=3.43it/s
2025-11-26 08:36:11,346 epoch=81	global_step=65900	acc=0.6875	acc_avg=0.7606	loss=1.1894	loss_avg=0.9149	lr=0.0009	|gn|=7.4476	time=3.43it/s
2025-11-26 08:36:44,774 epoch=81	global_step=66000	acc=0.6875	acc_avg=0.7596	loss=0.8742	loss_avg=0.9158	lr=0.0009	|gn|=5.9589	time=3.43it/s
2025-11-26 08:37:18,198 epoch=81	global_step=66100	acc=0.8125	acc_avg=0.7591	loss=0.6581	loss_avg=0.9152	lr=0.0009	|gn|=4.6796	time=3.43it/s
2025-11-26 08:37:51,854 epoch=81	global_step=66200	acc=0.8125	acc_avg=0.7586	loss=0.7956	loss_avg=0.9182	lr=0.0009	|gn|=5.6226	time=3.43it/s
2025-11-26 08:38:10,296 ====================Eval Epoch 81====================
2025-11-26 08:38:12,916 epoch=81	global_step=31	acc=0.5000	acc_avg=0.5650	acc5=0.6250	acc5_avg=0.8000	loss=1.9866	loss_avg=6.9541	time=77.34it/s
2025-11-26 08:38:12,916 Eval Loss:6.9541	Eval acc: 56.50
2025-11-26 08:38:12,917 
2025-11-26 08:38:12,917 ====================Training Epoch 82====================
2025-11-26 08:38:28,537 epoch=82	global_step=66300	acc=0.7812	acc_avg=0.7625	loss=0.6601	loss_avg=0.8783	lr=0.0008	|gn|=5.3324	time=3.43it/s
2025-11-26 08:39:01,881 epoch=82	global_step=66400	acc=0.7812	acc_avg=0.7612	loss=0.8016	loss_avg=0.9036	lr=0.0008	|gn|=7.0290	time=3.42it/s
2025-11-26 08:39:35,544 epoch=82	global_step=66500	acc=0.5938	acc_avg=0.7633	loss=1.2630	loss_avg=0.8949	lr=0.0008	|gn|=7.9907	time=3.43it/s
2025-11-26 08:40:09,091 epoch=82	global_step=66600	acc=0.8438	acc_avg=0.7668	loss=0.7447	loss_avg=0.8912	lr=0.0008	|gn|=4.9659	time=3.43it/s
2025-11-26 08:40:43,008 epoch=82	global_step=66700	acc=0.8438	acc_avg=0.7643	loss=0.7461	loss_avg=0.8919	lr=0.0008	|gn|=6.0150	time=3.42it/s
2025-11-26 08:41:16,575 epoch=82	global_step=66800	acc=0.7812	acc_avg=0.7651	loss=0.9031	loss_avg=0.8939	lr=0.0008	|gn|=5.7279	time=3.43it/s
2025-11-26 08:41:50,140 epoch=82	global_step=66900	acc=0.6250	acc_avg=0.7627	loss=0.9830	loss_avg=0.9014	lr=0.0008	|gn|=7.2089	time=3.43it/s
2025-11-26 08:42:23,936 epoch=82	global_step=67000	acc=0.7812	acc_avg=0.7614	loss=0.9833	loss_avg=0.9058	lr=0.0008	|gn|=5.3830	time=3.43it/s
2025-11-26 08:42:45,519 ====================Eval Epoch 82====================
2025-11-26 08:42:48,066 epoch=82	global_step=31	acc=0.5000	acc_avg=0.5690	acc5=0.7500	acc5_avg=0.8040	loss=1.5618	loss_avg=8.0552	time=76.94it/s
2025-11-26 08:42:48,066 Eval Loss:8.0552	Eval acc: 56.90
2025-11-26 08:42:48,067 
2025-11-26 08:42:48,067 ====================Training Epoch 83====================
2025-11-26 08:43:01,229 epoch=83	global_step=67100	acc=0.6562	acc_avg=0.7584	loss=0.9671	loss_avg=0.8779	lr=0.0007	|gn|=6.2542	time=3.42it/s
2025-11-26 08:43:34,572 epoch=83	global_step=67200	acc=0.8125	acc_avg=0.7660	loss=0.7951	loss_avg=0.8812	lr=0.0007	|gn|=6.8085	time=3.42it/s
2025-11-26 08:44:07,923 epoch=83	global_step=67300	acc=0.7500	acc_avg=0.7634	loss=0.9700	loss_avg=0.8881	lr=0.0007	|gn|=7.2884	time=3.43it/s
2025-11-26 08:44:41,216 epoch=83	global_step=67400	acc=0.8438	acc_avg=0.7604	loss=0.9487	loss_avg=0.9019	lr=0.0007	|gn|=5.1921	time=3.43it/s
2025-11-26 08:45:14,523 epoch=83	global_step=67500	acc=0.6562	acc_avg=0.7600	loss=1.1292	loss_avg=0.9040	lr=0.0007	|gn|=6.5317	time=3.43it/s
2025-11-26 08:45:47,850 epoch=83	global_step=67600	acc=0.8125	acc_avg=0.7598	loss=0.5655	loss_avg=0.9033	lr=0.0007	|gn|=5.1405	time=3.42it/s
2025-11-26 08:46:21,180 epoch=83	global_step=67700	acc=0.7812	acc_avg=0.7623	loss=0.8813	loss_avg=0.8965	lr=0.0007	|gn|=7.1370	time=3.42it/s
2025-11-26 08:46:54,560 epoch=83	global_step=67800	acc=0.8438	acc_avg=0.7633	loss=0.8842	loss_avg=0.8923	lr=0.0007	|gn|=6.7725	time=3.43it/s
2025-11-26 08:47:18,242 ====================Eval Epoch 83====================
2025-11-26 08:47:20,826 epoch=83	global_step=31	acc=0.6250	acc_avg=0.5860	acc5=0.6250	acc5_avg=0.8120	loss=1.6588	loss_avg=5.2291	time=77.23it/s
2025-11-26 08:47:20,826 Eval Loss:5.2291	Eval acc: 58.60
2025-11-26 08:47:20,827 
2025-11-26 08:47:20,827 ====================Training Epoch 84====================
2025-11-26 08:47:31,092 epoch=84	global_step=67900	acc=0.8125	acc_avg=0.7360	loss=0.7455	loss_avg=0.9611	lr=0.0006	|gn|=5.8137	time=3.42it/s
2025-11-26 08:48:04,410 epoch=84	global_step=68000	acc=0.7188	acc_avg=0.7602	loss=1.0304	loss_avg=0.8905	lr=0.0006	|gn|=6.7428	time=3.42it/s
2025-11-26 08:48:37,808 epoch=84	global_step=68100	acc=0.7812	acc_avg=0.7671	loss=0.5406	loss_avg=0.8782	lr=0.0006	|gn|=5.4693	time=3.43it/s
2025-11-26 08:49:11,124 epoch=84	global_step=68200	acc=0.7812	acc_avg=0.7718	loss=0.7460	loss_avg=0.8674	lr=0.0006	|gn|=6.1386	time=3.42it/s
2025-11-26 08:49:44,443 epoch=84	global_step=68300	acc=0.6875	acc_avg=0.7693	loss=0.7723	loss_avg=0.8772	lr=0.0006	|gn|=6.8293	time=3.43it/s
2025-11-26 08:50:17,844 epoch=84	global_step=68400	acc=0.5625	acc_avg=0.7702	loss=1.2777	loss_avg=0.8738	lr=0.0006	|gn|=8.7041	time=3.43it/s
2025-11-26 08:50:51,241 epoch=84	global_step=68500	acc=0.8438	acc_avg=0.7703	loss=0.6297	loss_avg=0.8757	lr=0.0006	|gn|=4.5350	time=3.43it/s
2025-11-26 08:51:24,573 epoch=84	global_step=68600	acc=0.7500	acc_avg=0.7689	loss=1.1376	loss_avg=0.8811	lr=0.0006	|gn|=5.3111	time=3.43it/s
2025-11-26 08:51:50,951 ====================Eval Epoch 84====================
2025-11-26 08:51:53,545 epoch=84	global_step=31	acc=0.5000	acc_avg=0.5960	acc5=0.7500	acc5_avg=0.8260	loss=1.5224	loss_avg=2.3510	time=77.58it/s
2025-11-26 08:51:53,545 Eval Loss:2.3510	Eval acc: 59.60
2025-11-26 08:51:53,546 
2025-11-26 08:51:53,546 ====================Training Epoch 85====================
2025-11-26 08:52:01,363 epoch=85	global_step=68700	acc=0.8438	acc_avg=0.7649	loss=0.7039	loss_avg=0.9112	lr=0.0005	|gn|=5.7275	time=3.43it/s
2025-11-26 08:52:34,815 epoch=85	global_step=68800	acc=0.7812	acc_avg=0.7756	loss=0.7061	loss_avg=0.8640	lr=0.0005	|gn|=5.6401	time=3.41it/s
2025-11-26 08:53:08,138 epoch=85	global_step=68900	acc=0.8438	acc_avg=0.7756	loss=0.7729	loss_avg=0.8640	lr=0.0005	|gn|=5.3490	time=3.43it/s
2025-11-26 08:53:41,420 epoch=85	global_step=69000	acc=0.5625	acc_avg=0.7738	loss=1.5073	loss_avg=0.8753	lr=0.0005	|gn|=7.2329	time=3.43it/s
2025-11-26 08:54:14,854 epoch=85	global_step=69100	acc=0.7188	acc_avg=0.7736	loss=0.8936	loss_avg=0.8765	lr=0.0005	|gn|=6.7052	time=3.43it/s
2025-11-26 08:54:48,179 epoch=85	global_step=69200	acc=0.7500	acc_avg=0.7715	loss=0.9319	loss_avg=0.8806	lr=0.0005	|gn|=6.8865	time=3.43it/s
2025-11-26 08:55:21,591 epoch=85	global_step=69300	acc=0.6562	acc_avg=0.7700	loss=1.3017	loss_avg=0.8879	lr=0.0005	|gn|=6.7146	time=3.42it/s
2025-11-26 08:55:54,948 epoch=85	global_step=69400	acc=0.8438	acc_avg=0.7699	loss=0.8888	loss_avg=0.8891	lr=0.0005	|gn|=6.9829	time=3.43it/s
2025-11-26 08:56:24,006 ====================Eval Epoch 85====================
2025-11-26 08:56:26,565 epoch=85	global_step=31	acc=0.5000	acc_avg=0.5960	acc5=0.6250	acc5_avg=0.8250	loss=1.7759	loss_avg=3.4427	time=77.67it/s
2025-11-26 08:56:26,565 Eval Loss:3.4427	Eval acc: 59.60
2025-11-26 08:56:26,566 
2025-11-26 08:56:26,566 ====================Training Epoch 86====================
2025-11-26 08:56:31,591 epoch=86	global_step=69500	acc=0.7812	acc_avg=0.7957	loss=1.0478	loss_avg=0.7972	lr=0.0005	|gn|=6.1076	time=3.43it/s
2025-11-26 08:57:04,902 epoch=86	global_step=69600	acc=0.8438	acc_avg=0.7741	loss=0.8022	loss_avg=0.8640	lr=0.0005	|gn|=5.3325	time=3.42it/s
2025-11-26 08:57:38,225 epoch=86	global_step=69700	acc=0.8438	acc_avg=0.7705	loss=0.9204	loss_avg=0.8722	lr=0.0005	|gn|=6.6010	time=3.42it/s
2025-11-26 08:58:11,568 epoch=86	global_step=69800	acc=0.8438	acc_avg=0.7674	loss=0.5969	loss_avg=0.8827	lr=0.0005	|gn|=5.7978	time=3.43it/s
2025-11-26 08:58:44,837 epoch=86	global_step=69900	acc=0.8125	acc_avg=0.7712	loss=0.8394	loss_avg=0.8728	lr=0.0005	|gn|=7.7876	time=3.43it/s
2025-11-26 08:59:18,115 epoch=86	global_step=70000	acc=0.5625	acc_avg=0.7702	loss=1.4256	loss_avg=0.8743	lr=0.0005	|gn|=8.9062	time=3.41it/s
2025-11-26 08:59:51,533 epoch=86	global_step=70100	acc=0.8125	acc_avg=0.7701	loss=0.6293	loss_avg=0.8730	lr=0.0005	|gn|=5.8717	time=3.42it/s
2025-11-26 09:00:24,847 epoch=86	global_step=70200	acc=0.7812	acc_avg=0.7695	loss=0.9512	loss_avg=0.8760	lr=0.0005	|gn|=5.8702	time=3.42it/s
2025-11-26 09:00:56,545 ====================Eval Epoch 86====================
2025-11-26 09:00:59,119 epoch=86	global_step=31	acc=0.5000	acc_avg=0.5810	acc5=0.6250	acc5_avg=0.8180	loss=1.7067	loss_avg=3.8526	time=77.52it/s
2025-11-26 09:00:59,119 Eval Loss:3.8526	Eval acc: 58.10
2025-11-26 09:00:59,119 
2025-11-26 09:00:59,119 ====================Training Epoch 87====================
2025-11-26 09:01:01,399 epoch=87	global_step=70300	acc=0.7500	acc_avg=0.7750	loss=1.1307	loss_avg=0.9159	lr=0.0004	|gn|=7.6225	time=3.43it/s
2025-11-26 09:01:34,701 epoch=87	global_step=70400	acc=0.6875	acc_avg=0.7673	loss=0.9642	loss_avg=0.9045	lr=0.0004	|gn|=7.3625	time=3.43it/s
2025-11-26 09:02:07,988 epoch=87	global_step=70500	acc=0.8438	acc_avg=0.7759	loss=0.7362	loss_avg=0.8827	lr=0.0004	|gn|=6.0787	time=3.43it/s
2025-11-26 09:02:41,372 epoch=87	global_step=70600	acc=0.6250	acc_avg=0.7777	loss=1.5330	loss_avg=0.8644	lr=0.0004	|gn|=8.9130	time=3.43it/s
2025-11-26 09:03:14,565 epoch=87	global_step=70700	acc=0.6562	acc_avg=0.7767	loss=0.9433	loss_avg=0.8655	lr=0.0004	|gn|=7.9402	time=3.43it/s
2025-11-26 09:03:47,861 epoch=87	global_step=70800	acc=0.6875	acc_avg=0.7767	loss=0.9269	loss_avg=0.8658	lr=0.0004	|gn|=6.4358	time=3.43it/s
2025-11-26 09:04:21,141 epoch=87	global_step=70900	acc=0.8438	acc_avg=0.7760	loss=0.6593	loss_avg=0.8662	lr=0.0004	|gn|=6.5576	time=3.43it/s
2025-11-26 09:04:54,511 epoch=87	global_step=71000	acc=0.7500	acc_avg=0.7758	loss=0.9229	loss_avg=0.8639	lr=0.0004	|gn|=6.5699	time=3.43it/s
2025-11-26 09:05:27,794 epoch=87	global_step=71100	acc=0.7812	acc_avg=0.7743	loss=0.9540	loss_avg=0.8660	lr=0.0004	|gn|=7.2052	time=3.43it/s
2025-11-26 09:05:28,870 ====================Eval Epoch 87====================
2025-11-26 09:05:31,438 epoch=87	global_step=31	acc=0.6250	acc_avg=0.5850	acc5=0.7500	acc5_avg=0.8210	loss=1.7782	loss_avg=5.1386	time=77.17it/s
2025-11-26 09:05:31,438 Eval Loss:5.1386	Eval acc: 58.50
2025-11-26 09:05:31,439 
2025-11-26 09:05:31,439 ====================Training Epoch 88====================
2025-11-26 09:06:04,455 epoch=88	global_step=71200	acc=0.8438	acc_avg=0.7751	loss=0.7865	loss_avg=0.8507	lr=0.0004	|gn|=5.6173	time=3.42it/s
2025-11-26 09:06:37,991 epoch=88	global_step=71300	acc=0.8125	acc_avg=0.7735	loss=0.8162	loss_avg=0.8499	lr=0.0004	|gn|=5.6235	time=3.42it/s
2025-11-26 09:07:11,545 epoch=88	global_step=71400	acc=0.7500	acc_avg=0.7748	loss=0.7969	loss_avg=0.8537	lr=0.0004	|gn|=5.7431	time=3.42it/s
2025-11-26 09:07:45,131 epoch=88	global_step=71500	acc=0.8438	acc_avg=0.7759	loss=0.5579	loss_avg=0.8516	lr=0.0004	|gn|=5.1734	time=3.42it/s
2025-11-26 09:08:18,886 epoch=88	global_step=71600	acc=0.7500	acc_avg=0.7775	loss=0.8091	loss_avg=0.8519	lr=0.0004	|gn|=6.4041	time=3.43it/s
2025-11-26 09:08:52,134 epoch=88	global_step=71700	acc=0.7500	acc_avg=0.7755	loss=0.8450	loss_avg=0.8606	lr=0.0004	|gn|=6.3395	time=3.43it/s
2025-11-26 09:09:25,575 epoch=88	global_step=71800	acc=0.7188	acc_avg=0.7743	loss=1.2018	loss_avg=0.8641	lr=0.0004	|gn|=7.5365	time=3.43it/s
2025-11-26 09:09:58,890 epoch=88	global_step=71900	acc=0.7188	acc_avg=0.7753	loss=0.7735	loss_avg=0.8617	lr=0.0004	|gn|=6.2516	time=3.43it/s
2025-11-26 09:10:02,616 ====================Eval Epoch 88====================
2025-11-26 09:10:05,145 epoch=88	global_step=31	acc=0.5000	acc_avg=0.5830	acc5=0.6250	acc5_avg=0.8100	loss=1.7703	loss_avg=5.3405	time=77.59it/s
2025-11-26 09:10:05,145 Eval Loss:5.3405	Eval acc: 58.30
2025-11-26 09:10:05,146 
2025-11-26 09:10:05,146 ====================Training Epoch 89====================
2025-11-26 09:10:35,508 epoch=89	global_step=72000	acc=0.9375	acc_avg=0.7855	loss=0.3881	loss_avg=0.8293	lr=0.0003	|gn|=3.7629	time=3.43it/s
2025-11-26 09:11:08,935 epoch=89	global_step=72100	acc=0.8125	acc_avg=0.7834	loss=1.0300	loss_avg=0.8534	lr=0.0003	|gn|=6.2423	time=3.42it/s
2025-11-26 09:11:42,318 epoch=89	global_step=72200	acc=0.6250	acc_avg=0.7808	loss=1.3824	loss_avg=0.8550	lr=0.0003	|gn|=7.1439	time=3.42it/s
2025-11-26 09:12:15,708 epoch=89	global_step=72300	acc=0.8750	acc_avg=0.7804	loss=0.6071	loss_avg=0.8495	lr=0.0003	|gn|=6.4122	time=3.43it/s
2025-11-26 09:12:48,990 epoch=89	global_step=72400	acc=0.7188	acc_avg=0.7795	loss=0.8090	loss_avg=0.8497	lr=0.0003	|gn|=6.8530	time=3.43it/s
2025-11-26 09:13:22,230 epoch=89	global_step=72500	acc=0.8438	acc_avg=0.7790	loss=0.7606	loss_avg=0.8508	lr=0.0003	|gn|=5.7274	time=3.42it/s
2025-11-26 09:13:55,637 epoch=89	global_step=72600	acc=0.8125	acc_avg=0.7783	loss=0.8890	loss_avg=0.8487	lr=0.0003	|gn|=6.7728	time=3.43it/s
2025-11-26 09:14:29,000 epoch=89	global_step=72700	acc=0.7188	acc_avg=0.7785	loss=0.8346	loss_avg=0.8494	lr=0.0003	|gn|=6.1982	time=3.43it/s
2025-11-26 09:14:35,522 ====================Eval Epoch 89====================
2025-11-26 09:14:38,089 epoch=89	global_step=31	acc=0.6250	acc_avg=0.5910	acc5=0.7500	acc5_avg=0.8190	loss=1.6490	loss_avg=2.1994	time=77.29it/s
2025-11-26 09:14:38,089 Eval Loss:2.1994	Eval acc: 59.10
2025-11-26 09:14:38,089 
2025-11-26 09:14:38,089 ====================Training Epoch 90====================
2025-11-26 09:15:05,828 epoch=90	global_step=72800	acc=0.8125	acc_avg=0.7855	loss=0.6809	loss_avg=0.8067	lr=0.0002	|gn|=5.3545	time=3.42it/s
2025-11-26 09:15:39,285 epoch=90	global_step=72900	acc=0.9062	acc_avg=0.7776	loss=0.4816	loss_avg=0.8381	lr=0.0002	|gn|=4.4522	time=3.43it/s
2025-11-26 09:16:12,706 epoch=90	global_step=73000	acc=0.8125	acc_avg=0.7734	loss=0.8389	loss_avg=0.8517	lr=0.0002	|gn|=5.9931	time=3.43it/s
2025-11-26 09:16:45,986 epoch=90	global_step=73100	acc=0.9062	acc_avg=0.7752	loss=0.4401	loss_avg=0.8472	lr=0.0002	|gn|=4.5555	time=3.42it/s
2025-11-26 09:17:19,221 epoch=90	global_step=73200	acc=0.8438	acc_avg=0.7765	loss=0.6684	loss_avg=0.8439	lr=0.0002	|gn|=4.9303	time=3.42it/s
2025-11-26 09:17:52,577 epoch=90	global_step=73300	acc=0.9062	acc_avg=0.7771	loss=0.5347	loss_avg=0.8471	lr=0.0002	|gn|=4.6254	time=3.42it/s
2025-11-26 09:18:25,937 epoch=90	global_step=73400	acc=0.8750	acc_avg=0.7763	loss=0.7883	loss_avg=0.8523	lr=0.0002	|gn|=5.5420	time=3.43it/s
2025-11-26 09:18:59,167 epoch=90	global_step=73500	acc=0.6562	acc_avg=0.7760	loss=0.9646	loss_avg=0.8539	lr=0.0002	|gn|=7.7090	time=3.43it/s
2025-11-26 09:19:08,180 ====================Eval Epoch 90====================
2025-11-26 09:19:10,694 epoch=90	global_step=31	acc=0.5000	acc_avg=0.5970	acc5=0.6250	acc5_avg=0.8140	loss=1.6691	loss_avg=6.2775	time=77.54it/s
2025-11-26 09:19:10,694 Eval Loss:6.2775	Eval acc: 59.70
2025-11-26 09:19:10,694 
2025-11-26 09:19:10,694 ====================Training Epoch 91====================
2025-11-26 09:19:35,576 epoch=91	global_step=73600	acc=0.7188	acc_avg=0.7637	loss=0.8454	loss_avg=0.8990	lr=0.0002	|gn|=6.1234	time=3.43it/s
2025-11-26 09:20:08,810 epoch=91	global_step=73700	acc=0.8438	acc_avg=0.7672	loss=0.7718	loss_avg=0.8676	lr=0.0002	|gn|=5.3047	time=3.43it/s
2025-11-26 09:20:42,159 epoch=91	global_step=73800	acc=0.8125	acc_avg=0.7711	loss=1.0435	loss_avg=0.8591	lr=0.0002	|gn|=7.1638	time=3.43it/s
2025-11-26 09:21:15,450 epoch=91	global_step=73900	acc=0.8438	acc_avg=0.7738	loss=0.9185	loss_avg=0.8569	lr=0.0002	|gn|=6.6384	time=3.43it/s
2025-11-26 09:21:48,830 epoch=91	global_step=74000	acc=0.8125	acc_avg=0.7750	loss=0.8840	loss_avg=0.8527	lr=0.0002	|gn|=7.2390	time=3.43it/s
2025-11-26 09:22:22,248 epoch=91	global_step=74100	acc=0.8438	acc_avg=0.7757	loss=0.7926	loss_avg=0.8490	lr=0.0002	|gn|=6.1641	time=3.43it/s
2025-11-26 09:22:55,561 epoch=91	global_step=74200	acc=0.7500	acc_avg=0.7768	loss=0.7154	loss_avg=0.8468	lr=0.0002	|gn|=5.9810	time=3.43it/s
2025-11-26 09:23:28,758 epoch=91	global_step=74300	acc=0.7188	acc_avg=0.7786	loss=0.7958	loss_avg=0.8442	lr=0.0002	|gn|=6.3902	time=3.43it/s
2025-11-26 09:23:40,451 ====================Eval Epoch 91====================
2025-11-26 09:23:43,003 epoch=91	global_step=31	acc=0.5000	acc_avg=0.5910	acc5=0.6250	acc5_avg=0.8200	loss=1.8463	loss_avg=3.6644	time=77.57it/s
2025-11-26 09:23:43,003 Eval Loss:3.6644	Eval acc: 59.10
2025-11-26 09:23:43,003 
2025-11-26 09:23:43,004 ====================Training Epoch 92====================
2025-11-26 09:24:05,231 epoch=92	global_step=74400	acc=0.8125	acc_avg=0.7856	loss=0.6733	loss_avg=0.8392	lr=0.0002	|gn|=6.3782	time=3.43it/s
2025-11-26 09:24:38,421 epoch=92	global_step=74500	acc=0.7500	acc_avg=0.7850	loss=0.8107	loss_avg=0.8337	lr=0.0002	|gn|=7.0359	time=3.42it/s
2025-11-26 09:25:11,634 epoch=92	global_step=74600	acc=0.6875	acc_avg=0.7800	loss=1.0503	loss_avg=0.8421	lr=0.0002	|gn|=7.4620	time=3.42it/s
2025-11-26 09:25:44,834 epoch=92	global_step=74700	acc=0.6562	acc_avg=0.7771	loss=1.1321	loss_avg=0.8493	lr=0.0002	|gn|=8.3488	time=3.43it/s
2025-11-26 09:26:18,041 epoch=92	global_step=74800	acc=0.7188	acc_avg=0.7800	loss=0.8102	loss_avg=0.8414	lr=0.0002	|gn|=6.8792	time=3.43it/s
2025-11-26 09:26:51,254 epoch=92	global_step=74900	acc=0.8125	acc_avg=0.7802	loss=0.9008	loss_avg=0.8389	lr=0.0002	|gn|=6.3250	time=3.41it/s
2025-11-26 09:27:24,477 epoch=92	global_step=75000	acc=0.7500	acc_avg=0.7803	loss=0.8588	loss_avg=0.8393	lr=0.0002	|gn|=7.0554	time=3.43it/s
2025-11-26 09:27:57,681 epoch=92	global_step=75100	acc=0.6875	acc_avg=0.7801	loss=1.1917	loss_avg=0.8426	lr=0.0002	|gn|=7.2309	time=3.43it/s
2025-11-26 09:28:11,995 ====================Eval Epoch 92====================
2025-11-26 09:28:14,571 epoch=92	global_step=31	acc=0.5000	acc_avg=0.5880	acc5=0.7500	acc5_avg=0.8200	loss=1.6541	loss_avg=5.8249	time=77.34it/s
2025-11-26 09:28:14,572 Eval Loss:5.8249	Eval acc: 58.80
2025-11-26 09:28:14,572 
2025-11-26 09:28:14,572 ====================Training Epoch 93====================
2025-11-26 09:28:34,134 epoch=93	global_step=75200	acc=0.7500	acc_avg=0.7999	loss=0.8676	loss_avg=0.8015	lr=0.0001	|gn|=6.8525	time=3.43it/s
2025-11-26 09:29:07,361 epoch=93	global_step=75300	acc=0.8125	acc_avg=0.7982	loss=0.7374	loss_avg=0.8087	lr=0.0001	|gn|=6.3780	time=3.43it/s
2025-11-26 09:29:40,579 epoch=93	global_step=75400	acc=0.7812	acc_avg=0.7926	loss=1.0043	loss_avg=0.8201	lr=0.0001	|gn|=6.8250	time=3.43it/s
2025-11-26 09:30:13,803 epoch=93	global_step=75500	acc=0.9062	acc_avg=0.7859	loss=0.4869	loss_avg=0.8298	lr=0.0001	|gn|=4.4775	time=3.43it/s
2025-11-26 09:30:47,025 epoch=93	global_step=75600	acc=0.7812	acc_avg=0.7893	loss=1.0119	loss_avg=0.8284	lr=0.0001	|gn|=7.2166	time=3.42it/s
2025-11-26 09:31:20,230 epoch=93	global_step=75700	acc=0.7188	acc_avg=0.7870	loss=0.8285	loss_avg=0.8335	lr=0.0001	|gn|=7.5365	time=3.43it/s
2025-11-26 09:31:53,455 epoch=93	global_step=75800	acc=0.7812	acc_avg=0.7871	loss=0.8300	loss_avg=0.8314	lr=0.0001	|gn|=5.6005	time=3.41it/s
2025-11-26 09:32:26,673 epoch=93	global_step=75900	acc=0.8750	acc_avg=0.7868	loss=0.7333	loss_avg=0.8321	lr=0.0001	|gn|=5.0002	time=3.43it/s
2025-11-26 09:32:43,663 ====================Eval Epoch 93====================
2025-11-26 09:32:46,221 epoch=93	global_step=31	acc=0.5000	acc_avg=0.5800	acc5=0.6250	acc5_avg=0.8170	loss=1.7861	loss_avg=5.5400	time=77.37it/s
2025-11-26 09:32:46,222 Eval Loss:5.5400	Eval acc: 58.00
2025-11-26 09:32:46,222 
2025-11-26 09:32:46,222 ====================Training Epoch 94====================
2025-11-26 09:33:03,104 epoch=94	global_step=76000	acc=0.8750	acc_avg=0.7851	loss=0.7380	loss_avg=0.8435	lr=0.0001	|gn|=6.2260	time=3.43it/s
2025-11-26 09:33:36,311 epoch=94	global_step=76100	acc=0.8125	acc_avg=0.7812	loss=0.8592	loss_avg=0.8508	lr=0.0001	|gn|=5.6838	time=3.43it/s
2025-11-26 09:34:09,501 epoch=94	global_step=76200	acc=0.9062	acc_avg=0.7835	loss=0.5808	loss_avg=0.8446	lr=0.0001	|gn|=6.9320	time=3.43it/s
2025-11-26 09:34:42,675 epoch=94	global_step=76300	acc=0.7812	acc_avg=0.7820	loss=0.7350	loss_avg=0.8485	lr=0.0001	|gn|=5.5852	time=3.42it/s
2025-11-26 09:35:15,873 epoch=94	global_step=76400	acc=0.7500	acc_avg=0.7851	loss=1.1447	loss_avg=0.8379	lr=0.0001	|gn|=7.7458	time=3.43it/s
2025-11-26 09:35:49,064 epoch=94	global_step=76500	acc=0.8438	acc_avg=0.7844	loss=0.6177	loss_avg=0.8395	lr=0.0001	|gn|=5.7187	time=3.43it/s
2025-11-26 09:36:22,259 epoch=94	global_step=76600	acc=0.7500	acc_avg=0.7859	loss=1.0029	loss_avg=0.8360	lr=0.0001	|gn|=6.2204	time=3.42it/s
2025-11-26 09:36:55,485 epoch=94	global_step=76700	acc=0.8750	acc_avg=0.7849	loss=0.4220	loss_avg=0.8382	lr=0.0001	|gn|=4.0740	time=3.42it/s
2025-11-26 09:37:15,139 ====================Eval Epoch 94====================
2025-11-26 09:37:17,703 epoch=94	global_step=31	acc=0.5000	acc_avg=0.5880	acc5=0.6250	acc5_avg=0.8170	loss=1.8256	loss_avg=2.8781	time=77.71it/s
2025-11-26 09:37:17,703 Eval Loss:2.8781	Eval acc: 58.80
2025-11-26 09:37:17,703 
2025-11-26 09:37:17,703 ====================Training Epoch 95====================
2025-11-26 09:37:31,925 epoch=95	global_step=76800	acc=0.7812	acc_avg=0.7851	loss=0.8873	loss_avg=0.8298	lr=0.0001	|gn|=6.4247	time=3.42it/s
2025-11-26 09:38:05,146 epoch=95	global_step=76900	acc=0.6875	acc_avg=0.7906	loss=0.7469	loss_avg=0.8257	lr=0.0001	|gn|=8.1340	time=3.42it/s
2025-11-26 09:38:38,366 epoch=95	global_step=77000	acc=0.7500	acc_avg=0.7877	loss=0.8171	loss_avg=0.8259	lr=0.0001	|gn|=6.1557	time=3.43it/s
2025-11-26 09:39:11,548 epoch=95	global_step=77100	acc=0.6875	acc_avg=0.7857	loss=0.8661	loss_avg=0.8336	lr=0.0001	|gn|=6.6783	time=3.43it/s
2025-11-26 09:39:44,724 epoch=95	global_step=77200	acc=0.6875	acc_avg=0.7856	loss=1.0827	loss_avg=0.8311	lr=0.0001	|gn|=7.8886	time=3.43it/s
2025-11-26 09:40:17,909 epoch=95	global_step=77300	acc=0.7500	acc_avg=0.7848	loss=0.8857	loss_avg=0.8305	lr=0.0001	|gn|=6.5371	time=3.43it/s
2025-11-26 09:40:51,092 epoch=95	global_step=77400	acc=0.7500	acc_avg=0.7839	loss=0.8477	loss_avg=0.8328	lr=0.0001	|gn|=5.4877	time=3.43it/s
2025-11-26 09:41:24,297 epoch=95	global_step=77500	acc=0.9062	acc_avg=0.7845	loss=0.4907	loss_avg=0.8320	lr=0.0001	|gn|=4.0785	time=3.43it/s
2025-11-26 09:41:46,594 ====================Eval Epoch 95====================
2025-11-26 09:41:49,143 epoch=95	global_step=31	acc=0.5000	acc_avg=0.5860	acc5=0.6250	acc5_avg=0.8180	loss=2.0562	loss_avg=3.3427	time=77.16it/s
2025-11-26 09:41:49,144 Eval Loss:3.3427	Eval acc: 58.60
2025-11-26 09:41:49,144 
2025-11-26 09:41:49,144 ====================Training Epoch 96====================
2025-11-26 09:42:00,707 epoch=96	global_step=77600	acc=0.8125	acc_avg=0.7803	loss=0.6781	loss_avg=0.8349	lr=0.0000	|gn|=5.3109	time=3.43it/s
2025-11-26 09:42:33,890 epoch=96	global_step=77700	acc=0.7188	acc_avg=0.7782	loss=0.7958	loss_avg=0.8462	lr=0.0000	|gn|=7.1001	time=3.43it/s
2025-11-26 09:43:07,111 epoch=96	global_step=77800	acc=0.7500	acc_avg=0.7790	loss=1.0408	loss_avg=0.8549	lr=0.0000	|gn|=7.1262	time=3.42it/s
2025-11-26 09:43:40,334 epoch=96	global_step=77900	acc=0.6875	acc_avg=0.7806	loss=1.0409	loss_avg=0.8550	lr=0.0000	|gn|=6.3115	time=3.43it/s
2025-11-26 09:44:13,522 epoch=96	global_step=78000	acc=0.6875	acc_avg=0.7812	loss=0.8710	loss_avg=0.8459	lr=0.0000	|gn|=6.5204	time=3.43it/s
2025-11-26 09:44:46,729 epoch=96	global_step=78100	acc=0.7188	acc_avg=0.7852	loss=0.9913	loss_avg=0.8382	lr=0.0000	|gn|=7.2215	time=3.43it/s
2025-11-26 09:45:19,940 epoch=96	global_step=78200	acc=0.8750	acc_avg=0.7873	loss=0.6062	loss_avg=0.8291	lr=0.0000	|gn|=5.8160	time=3.43it/s
2025-11-26 09:45:53,157 epoch=96	global_step=78300	acc=0.9062	acc_avg=0.7877	loss=0.5367	loss_avg=0.8266	lr=0.0000	|gn|=5.6717	time=3.42it/s
2025-11-26 09:46:18,123 ====================Eval Epoch 96====================
2025-11-26 09:46:20,653 epoch=96	global_step=31	acc=0.5000	acc_avg=0.5870	acc5=0.6250	acc5_avg=0.8240	loss=2.0078	loss_avg=4.7450	time=77.73it/s
2025-11-26 09:46:20,654 Eval Loss:4.7450	Eval acc: 58.70
2025-11-26 09:46:20,654 
2025-11-26 09:46:20,654 ====================Training Epoch 97====================
2025-11-26 09:46:29,592 epoch=97	global_step=78400	acc=0.7500	acc_avg=0.7650	loss=0.8083	loss_avg=0.8497	lr=0.0000	|gn|=5.9747	time=3.42it/s
2025-11-26 09:47:02,776 epoch=97	global_step=78500	acc=0.7812	acc_avg=0.7682	loss=0.7618	loss_avg=0.8445	lr=0.0000	|gn|=5.7110	time=3.43it/s
2025-11-26 09:47:35,969 epoch=97	global_step=78600	acc=0.7500	acc_avg=0.7757	loss=0.9545	loss_avg=0.8393	lr=0.0000	|gn|=6.7944	time=3.43it/s
2025-11-26 09:48:09,176 epoch=97	global_step=78700	acc=0.8750	acc_avg=0.7756	loss=0.8309	loss_avg=0.8506	lr=0.0000	|gn|=6.2672	time=3.43it/s
2025-11-26 09:48:42,387 epoch=97	global_step=78800	acc=0.7188	acc_avg=0.7734	loss=1.0789	loss_avg=0.8597	lr=0.0000	|gn|=8.0554	time=3.42it/s
2025-11-26 09:49:15,601 epoch=97	global_step=78900	acc=0.7812	acc_avg=0.7787	loss=0.7311	loss_avg=0.8474	lr=0.0000	|gn|=5.3071	time=3.43it/s
2025-11-26 09:49:48,784 epoch=97	global_step=79000	acc=0.8125	acc_avg=0.7783	loss=0.5673	loss_avg=0.8454	lr=0.0000	|gn|=5.2588	time=3.43it/s
2025-11-26 09:50:21,981 epoch=97	global_step=79100	acc=0.6250	acc_avg=0.7795	loss=1.0834	loss_avg=0.8460	lr=0.0000	|gn|=7.0198	time=3.42it/s
2025-11-26 09:50:49,608 ====================Eval Epoch 97====================
2025-11-26 09:50:52,128 epoch=97	global_step=31	acc=0.5000	acc_avg=0.6020	acc5=0.6250	acc5_avg=0.8230	loss=1.7659	loss_avg=2.5680	time=77.41it/s
2025-11-26 09:50:52,128 Eval Loss:2.5680	Eval acc: 60.20
2025-11-26 09:50:52,129 
2025-11-26 09:50:52,129 ====================Training Epoch 98====================
2025-11-26 09:50:58,397 epoch=98	global_step=79200	acc=0.8438	acc_avg=0.7776	loss=0.6389	loss_avg=0.8513	lr=0.0000	|gn|=5.1138	time=3.43it/s
2025-11-26 09:51:31,591 epoch=98	global_step=79300	acc=0.8438	acc_avg=0.7911	loss=0.7173	loss_avg=0.8172	lr=0.0000	|gn|=6.2747	time=3.43it/s
2025-11-26 09:52:04,794 epoch=98	global_step=79400	acc=0.8438	acc_avg=0.7883	loss=0.6625	loss_avg=0.8183	lr=0.0000	|gn|=5.7039	time=3.42it/s
2025-11-26 09:52:38,013 epoch=98	global_step=79500	acc=0.7500	acc_avg=0.7921	loss=0.8298	loss_avg=0.8114	lr=0.0000	|gn|=6.5970	time=3.43it/s
2025-11-26 09:53:11,212 epoch=98	global_step=79600	acc=0.7812	acc_avg=0.7902	loss=0.9078	loss_avg=0.8186	lr=0.0000	|gn|=5.9415	time=3.43it/s
2025-11-26 09:53:44,421 epoch=98	global_step=79700	acc=0.7188	acc_avg=0.7889	loss=0.9469	loss_avg=0.8186	lr=0.0000	|gn|=7.1404	time=3.43it/s
2025-11-26 09:54:17,633 epoch=98	global_step=79800	acc=0.6562	acc_avg=0.7873	loss=1.1823	loss_avg=0.8236	lr=0.0000	|gn|=8.1071	time=3.43it/s
2025-11-26 09:54:50,839 epoch=98	global_step=79900	acc=0.8438	acc_avg=0.7888	loss=0.7004	loss_avg=0.8199	lr=0.0000	|gn|=6.3743	time=3.42it/s
2025-11-26 09:55:21,121 ====================Eval Epoch 98====================
2025-11-26 09:55:23,673 epoch=98	global_step=31	acc=0.5000	acc_avg=0.6020	acc5=0.6250	acc5_avg=0.8240	loss=1.8196	loss_avg=2.1236	time=77.39it/s
2025-11-26 09:55:23,674 Eval Loss:2.1236	Eval acc: 60.20
2025-11-26 09:55:23,674 
2025-11-26 09:55:23,674 ====================Training Epoch 99====================
2025-11-26 09:55:27,296 epoch=99	global_step=80000	acc=0.8438	acc_avg=0.7951	loss=0.6064	loss_avg=0.7645	lr=0.0000	|gn|=4.8971	time=3.43it/s
2025-11-26 09:56:00,474 epoch=99	global_step=80100	acc=0.9062	acc_avg=0.7942	loss=0.4498	loss_avg=0.8192	lr=0.0000	|gn|=5.5344	time=3.43it/s
2025-11-26 09:56:33,649 epoch=99	global_step=80200	acc=0.8438	acc_avg=0.7908	loss=0.7244	loss_avg=0.8346	lr=0.0000	|gn|=5.2863	time=3.43it/s
2025-11-26 09:57:06,823 epoch=99	global_step=80300	acc=0.6562	acc_avg=0.7870	loss=1.2937	loss_avg=0.8421	lr=0.0000	|gn|=8.0513	time=3.43it/s
2025-11-26 09:57:39,994 epoch=99	global_step=80400	acc=0.8750	acc_avg=0.7877	loss=0.8290	loss_avg=0.8349	lr=0.0000	|gn|=6.4872	time=3.43it/s
2025-11-26 09:58:13,183 epoch=99	global_step=80500	acc=0.6875	acc_avg=0.7870	loss=1.0709	loss_avg=0.8345	lr=0.0000	|gn|=7.9082	time=3.43it/s
2025-11-26 09:58:46,367 epoch=99	global_step=80600	acc=0.7500	acc_avg=0.7873	loss=0.9453	loss_avg=0.8319	lr=0.0000	|gn|=7.1486	time=3.43it/s
2025-11-26 09:59:19,566 epoch=99	global_step=80700	acc=0.7500	acc_avg=0.7868	loss=1.0705	loss_avg=0.8324	lr=0.0000	|gn|=7.2643	time=3.43it/s
2025-11-26 09:59:52,488 ====================Eval Epoch 99====================
2025-11-26 09:59:54,989 epoch=99	global_step=31	acc=0.5000	acc_avg=0.5880	acc5=0.6250	acc5_avg=0.8170	loss=1.6822	loss_avg=6.7674	time=77.63it/s
2025-11-26 09:59:54,990 Eval Loss:6.7674	Eval acc: 59.80
2025-11-26 09:59:55,020 Running Cost 0.32 Days 

