2025-11-26 02:25:30,805 PyTorch Version: 2.6.0
2025-11-26 02:25:30,825 GPU List: ['NVIDIA L40S']
2025-11-26 02:25:30,828 num_classes: 100
2025-11-26 02:25:30,828 epochs: 100
2025-11-26 02:25:30,828 grad_clip: 5.0
2025-11-26 02:25:30,828 log_frequency: 100
2025-11-26 02:25:30,828 model: {'name': 'ResNet18', 'num_classes': 100}
2025-11-26 02:25:30,829 criterion: {'name': 'CrossEntropyLoss'}
2025-11-26 02:25:30,829 optimizer: {'name': 'SGD', 'lr': 0.01, 'weight_decay': 5e-05, 'momentum': 0.9}
2025-11-26 02:25:30,829 scheduler: {'name': 'CosineAnnealingLR', 'T_max': 100, 'eta_min': 0.0}
2025-11-26 02:25:30,829 dataset: {'name': 'DatasetGenerator', 'train_batch_size': 128, 'eval_batch_size': 128}
2025-11-26 02:25:30,834 seed: 0
2025-11-26 02:25:30,834 version: resnet18
2025-11-26 02:25:30,834 exp_name: experiment/classwise/model_training2025-11-26 02:25:30.802267
2025-11-26 02:25:30,834 config_path: configs/imagenet-mini
2025-11-26 02:25:30,834 load_model: False
2025-11-26 02:25:30,834 data_parallel: False
2025-11-26 02:25:30,834 train: True
2025-11-26 02:25:30,834 save_frequency: -1
2025-11-26 02:25:30,834 train_face: False
2025-11-26 02:25:30,834 train_portion: 1.0
2025-11-26 02:25:30,834 train_batch_size: 32
2025-11-26 02:25:30,834 eval_batch_size: 32
2025-11-26 02:25:30,834 num_of_workers: 6
2025-11-26 02:25:30,834 train_data_type: ImageNetMini
2025-11-26 02:25:30,834 test_data_type: ImageNetMini
2025-11-26 02:25:30,834 train_data_path: ../datasets
2025-11-26 02:25:30,834 test_data_path: ../datasets
2025-11-26 02:25:30,834 perturb_type: classwise
2025-11-26 02:25:30,834 patch_location: center
2025-11-26 02:25:30,834 poison_rate: 1.0
2025-11-26 02:25:30,834 perturb_tensor_filepath: 
2025-11-26 02:25:30,834 generator_filepath:./LSP/cifar10_samplewise_saved_perturbation.pt
2025-11-26 02:25:30,834 use_generator: False
2025-11-26 02:25:30,834 gue: False
2025-11-26 02:25:30,834 filter_type: low
2025-11-26 02:25:30,834 cutoff: 0.5
2025-11-26 02:25:30,834 img_denoise: 70
2025-11-26 02:25:30,835 jpeg_defense: True
2025-11-26 02:25:46,277 Training Dataset: Dataset ImageNetMini
    Number of datapoints: 25878
    Root location: ../datasets/ImageNet
    Split: train
    StandardTransform
Transform: Compose(
               Resize(size=224, interpolation=bilinear, max_size=None, antialias=True)
               RandomResizedCrop(size=(224, 224), scale=(0.08, 1.0), ratio=(0.75, 1.3333), interpolation=bilinear, antialias=True)
               RandomHorizontalFlip(p=0.5)
               ColorJitter(brightness=(0.6, 1.4), contrast=(0.6, 1.4), saturation=(0.6, 1.4), hue=(-0.2, 0.2))
               ToTensor()
           )
2025-11-26 02:25:46,278 Test Dataset: Dataset ImageNetMini
    Number of datapoints: 1000
    Root location: ../datasets/ImageNet
    Split: val
    StandardTransform
Transform: Compose(
               Resize(size=224, interpolation=bilinear, max_size=None, antialias=True)
               CenterCrop(size=(224, 224))
               ToTensor()
           )
2025-11-26 02:25:46,280 param size = 11.220132MB
2025-11-26 02:25:46,281 
2025-11-26 02:25:46,281 ====================Training Epoch 0====================
train_dataset
2025-11-26 02:25:49,745 epoch=0	global_step=0	acc=0.0000	acc_avg=0.0000	loss=4.5809	loss_avg=4.5809	lr=0.0100	|gn|=10.5908	time=0.38it/s
2025-11-26 02:26:22,568 epoch=0	global_step=100	acc=0.0000	acc_avg=0.0176	loss=4.6457	loss_avg=4.7198	lr=0.0100	|gn|=2.4962	time=3.46it/s
2025-11-26 02:26:55,573 epoch=0	global_step=200	acc=0.0312	acc_avg=0.0185	loss=4.8810	loss_avg=4.6749	lr=0.0100	|gn|=3.4891	time=3.45it/s
2025-11-26 02:27:28,615 epoch=0	global_step=300	acc=0.0000	acc_avg=0.0196	loss=4.7787	loss_avg=4.6423	lr=0.0100	|gn|=2.3310	time=3.45it/s
2025-11-26 02:28:01,786 epoch=0	global_step=400	acc=0.0000	acc_avg=0.0196	loss=4.6170	loss_avg=4.6179	lr=0.0100	|gn|=2.8620	time=3.45it/s
2025-11-26 02:28:34,851 epoch=0	global_step=500	acc=0.0625	acc_avg=0.0208	loss=4.3859	loss_avg=4.6000	lr=0.0100	|gn|=2.2384	time=3.45it/s
2025-11-26 02:29:07,997 epoch=0	global_step=600	acc=0.0312	acc_avg=0.0228	loss=4.5710	loss_avg=4.5829	lr=0.0100	|gn|=2.2507	time=3.45it/s
2025-11-26 02:29:41,048 epoch=0	global_step=700	acc=0.0312	acc_avg=0.0239	loss=4.5350	loss_avg=4.5655	lr=0.0100	|gn|=2.7224	time=3.45it/s
2025-11-26 02:30:14,170 epoch=0	global_step=800	acc=0.0625	acc_avg=0.0254	loss=4.3362	loss_avg=4.5469	lr=0.0100	|gn|=2.3896	time=3.44it/s
2025-11-26 02:30:16,516 ====================Eval Epoch 0====================
2025-11-26 02:30:19,347 epoch=0	global_step=31	acc=0.0000	acc_avg=0.0370	acc5=0.0000	acc5_avg=0.1360	loss=4.7864	loss_avg=5.3418	time=3.22it/s
2025-11-26 02:30:19,347 Eval Loss:5.3418	Eval acc: 3.70
2025-11-26 02:30:19,348 
2025-11-26 02:30:19,348 ====================Training Epoch 1====================
2025-11-26 02:30:50,859 epoch=1	global_step=900	acc=0.0312	acc_avg=0.0323	loss=4.3836	loss_avg=4.4253	lr=0.0100	|gn|=1.7232	time=3.44it/s
2025-11-26 02:31:24,115 epoch=1	global_step=1000	acc=0.0938	acc_avg=0.0329	loss=4.4479	loss_avg=4.4246	lr=0.0100	|gn|=1.7004	time=3.44it/s
2025-11-26 02:31:57,249 epoch=1	global_step=1100	acc=0.0625	acc_avg=0.0324	loss=4.2590	loss_avg=4.4249	lr=0.0100	|gn|=1.7562	time=3.45it/s
2025-11-26 02:32:30,412 epoch=1	global_step=1200	acc=0.0000	acc_avg=0.0329	loss=4.3146	loss_avg=4.4156	lr=0.0100	|gn|=2.2887	time=3.45it/s
2025-11-26 02:33:03,522 epoch=1	global_step=1300	acc=0.0625	acc_avg=0.0338	loss=4.5708	loss_avg=4.4119	lr=0.0100	|gn|=2.0958	time=3.45it/s
2025-11-26 02:33:36,689 epoch=1	global_step=1400	acc=0.0312	acc_avg=0.0337	loss=4.6019	loss_avg=4.4097	lr=0.0100	|gn|=1.7288	time=3.45it/s
2025-11-26 02:34:09,832 epoch=1	global_step=1500	acc=0.0312	acc_avg=0.0352	loss=4.3981	loss_avg=4.4032	lr=0.0100	|gn|=1.9224	time=3.45it/s
2025-11-26 02:34:42,956 epoch=1	global_step=1600	acc=0.0312	acc_avg=0.0351	loss=4.3594	loss_avg=4.3971	lr=0.0100	|gn|=1.7679	time=3.45it/s
2025-11-26 02:34:47,967 ====================Eval Epoch 1====================
2025-11-26 02:34:50,535 epoch=1	global_step=31	acc=0.0000	acc_avg=0.0470	acc5=0.0000	acc5_avg=0.1950	loss=4.4622	loss_avg=4.4246	time=78.63it/s
2025-11-26 02:34:50,535 Eval Loss:4.4246	Eval acc: 4.70
2025-11-26 02:34:50,535 
2025-11-26 02:34:50,535 ====================Training Epoch 2====================
2025-11-26 02:35:19,339 epoch=2	global_step=1700	acc=0.0000	acc_avg=0.0419	loss=4.3544	loss_avg=4.3373	lr=0.0100	|gn|=1.7897	time=3.45it/s
2025-11-26 02:35:52,527 epoch=2	global_step=1800	acc=0.0000	acc_avg=0.0446	loss=4.5542	loss_avg=4.3290	lr=0.0100	|gn|=2.3901	time=3.45it/s
2025-11-26 02:36:25,650 epoch=2	global_step=1900	acc=0.0000	acc_avg=0.0441	loss=4.2308	loss_avg=4.3263	lr=0.0100	|gn|=1.7434	time=3.45it/s
2025-11-26 02:36:58,809 epoch=2	global_step=2000	acc=0.0625	acc_avg=0.0415	loss=4.3952	loss_avg=4.3332	lr=0.0100	|gn|=1.4161	time=3.45it/s
2025-11-26 02:37:31,921 epoch=2	global_step=2100	acc=0.0312	acc_avg=0.0417	loss=4.4691	loss_avg=4.3310	lr=0.0100	|gn|=1.4591	time=3.45it/s
2025-11-26 02:38:05,060 epoch=2	global_step=2200	acc=0.0000	acc_avg=0.0424	loss=4.6475	loss_avg=4.3323	lr=0.0100	|gn|=1.8167	time=3.45it/s
2025-11-26 02:38:38,196 epoch=2	global_step=2300	acc=0.0000	acc_avg=0.0426	loss=4.2827	loss_avg=4.3299	lr=0.0100	|gn|=1.7007	time=3.45it/s
2025-11-26 02:39:11,313 epoch=2	global_step=2400	acc=0.0312	acc_avg=0.0433	loss=4.3178	loss_avg=4.3293	lr=0.0100	|gn|=1.7990	time=3.45it/s
2025-11-26 02:39:18,972 ====================Eval Epoch 2====================
2025-11-26 02:39:21,540 epoch=2	global_step=31	acc=0.0000	acc_avg=0.0520	acc5=0.0000	acc5_avg=0.1910	loss=4.3620	loss_avg=4.3898	time=78.71it/s
2025-11-26 02:39:21,540 Eval Loss:4.3898	Eval acc: 5.20
2025-11-26 02:39:21,541 
2025-11-26 02:39:21,541 ====================Training Epoch 3====================
2025-11-26 02:39:47,735 epoch=3	global_step=2500	acc=0.0312	acc_avg=0.0430	loss=4.4297	loss_avg=4.3128	lr=0.0100	|gn|=1.7029	time=3.45it/s
2025-11-26 02:40:20,870 epoch=3	global_step=2600	acc=0.0312	acc_avg=0.0484	loss=4.2587	loss_avg=4.2937	lr=0.0100	|gn|=1.7152	time=3.45it/s
2025-11-26 02:40:54,038 epoch=3	global_step=2700	acc=0.0938	acc_avg=0.0499	loss=4.2145	loss_avg=4.2973	lr=0.0100	|gn|=1.7206	time=3.45it/s
2025-11-26 02:41:27,199 epoch=3	global_step=2800	acc=0.0625	acc_avg=0.0489	loss=4.3622	loss_avg=4.2997	lr=0.0100	|gn|=2.7651	time=3.45it/s
2025-11-26 02:42:00,314 epoch=3	global_step=2900	acc=0.0000	acc_avg=0.0495	loss=4.3796	loss_avg=4.2932	lr=0.0100	|gn|=1.9257	time=3.45it/s
2025-11-26 02:42:33,466 epoch=3	global_step=3000	acc=0.0312	acc_avg=0.0501	loss=4.4380	loss_avg=4.2868	lr=0.0100	|gn|=1.7868	time=3.45it/s
2025-11-26 02:43:06,578 epoch=3	global_step=3100	acc=0.0312	acc_avg=0.0493	loss=4.3177	loss_avg=4.2817	lr=0.0100	|gn|=1.9753	time=3.45it/s
2025-11-26 02:43:39,729 epoch=3	global_step=3200	acc=0.1562	acc_avg=0.0496	loss=4.1691	loss_avg=4.2764	lr=0.0100	|gn|=1.8393	time=3.45it/s
2025-11-26 02:43:50,043 ====================Eval Epoch 3====================
2025-11-26 02:43:52,582 epoch=3	global_step=31	acc=0.0000	acc_avg=0.0550	acc5=0.2500	acc5_avg=0.2380	loss=3.7870	loss_avg=4.1796	time=78.44it/s
2025-11-26 02:43:52,582 Eval Loss:4.1796	Eval acc: 5.50
2025-11-26 02:43:52,583 
2025-11-26 02:43:52,583 ====================Training Epoch 4====================
2025-11-26 02:44:16,063 epoch=4	global_step=3300	acc=0.0625	acc_avg=0.0444	loss=4.3491	loss_avg=4.2509	lr=0.0100	|gn|=2.0550	time=3.45it/s
2025-11-26 02:44:49,215 epoch=4	global_step=3400	acc=0.0625	acc_avg=0.0533	loss=4.1245	loss_avg=4.2241	lr=0.0100	|gn|=2.1987	time=3.45it/s
2025-11-26 02:45:22,402 epoch=4	global_step=3500	acc=0.0312	acc_avg=0.0544	loss=4.2750	loss_avg=4.2287	lr=0.0100	|gn|=2.6817	time=3.45it/s
2025-11-26 02:45:55,656 epoch=4	global_step=3600	acc=0.1250	acc_avg=0.0533	loss=3.9616	loss_avg=4.2276	lr=0.0100	|gn|=1.9934	time=3.45it/s
2025-11-26 02:46:28,902 epoch=4	global_step=3700	acc=0.0625	acc_avg=0.0529	loss=4.0120	loss_avg=4.2241	lr=0.0100	|gn|=2.8490	time=3.45it/s
2025-11-26 02:47:02,073 epoch=4	global_step=3800	acc=0.0625	acc_avg=0.0531	loss=4.1176	loss_avg=4.2251	lr=0.0100	|gn|=2.3340	time=3.45it/s
2025-11-26 02:47:35,256 epoch=4	global_step=3900	acc=0.0312	acc_avg=0.0543	loss=4.0724	loss_avg=4.2175	lr=0.0100	|gn|=2.1031	time=3.45it/s
2025-11-26 02:48:08,383 epoch=4	global_step=4000	acc=0.0312	acc_avg=0.0544	loss=4.1441	loss_avg=4.2152	lr=0.0100	|gn|=2.3211	time=3.45it/s
2025-11-26 02:48:21,339 ====================Eval Epoch 4====================
2025-11-26 02:48:23,881 epoch=4	global_step=31	acc=0.0000	acc_avg=0.0810	acc5=0.2500	acc5_avg=0.2440	loss=4.0103	loss_avg=4.1142	time=78.57it/s
2025-11-26 02:48:23,881 Eval Loss:4.1142	Eval acc: 8.10
2025-11-26 02:48:23,882 
2025-11-26 02:48:23,882 ====================Training Epoch 5====================
2025-11-26 02:48:44,717 epoch=5	global_step=4100	acc=0.0000	acc_avg=0.0666	loss=4.2940	loss_avg=4.1589	lr=0.0099	|gn|=1.9233	time=3.45it/s
2025-11-26 02:49:17,843 epoch=5	global_step=4200	acc=0.1875	acc_avg=0.0650	loss=3.8099	loss_avg=4.1715	lr=0.0099	|gn|=1.9852	time=3.45it/s
2025-11-26 02:49:51,009 epoch=5	global_step=4300	acc=0.0625	acc_avg=0.0639	loss=4.3462	loss_avg=4.1539	lr=0.0099	|gn|=2.7341	time=3.45it/s
2025-11-26 02:50:24,149 epoch=5	global_step=4400	acc=0.0000	acc_avg=0.0635	loss=3.9881	loss_avg=4.1591	lr=0.0099	|gn|=2.5051	time=3.44it/s
2025-11-26 02:50:57,328 epoch=5	global_step=4500	acc=0.0312	acc_avg=0.0624	loss=4.1800	loss_avg=4.1603	lr=0.0099	|gn|=2.0630	time=3.45it/s
2025-11-26 02:51:30,469 epoch=5	global_step=4600	acc=0.0938	acc_avg=0.0622	loss=4.1762	loss_avg=4.1589	lr=0.0099	|gn|=2.4408	time=3.43it/s
2025-11-26 02:52:03,628 epoch=5	global_step=4700	acc=0.0625	acc_avg=0.0632	loss=3.9086	loss_avg=4.1528	lr=0.0099	|gn|=2.5163	time=3.45it/s
2025-11-26 02:52:36,787 epoch=5	global_step=4800	acc=0.0000	acc_avg=0.0636	loss=4.2965	loss_avg=4.1468	lr=0.0099	|gn|=2.1130	time=3.45it/s
2025-11-26 02:52:52,407 ====================Eval Epoch 5====================
2025-11-26 02:52:54,934 epoch=5	global_step=31	acc=0.0000	acc_avg=0.0760	acc5=0.3750	acc5_avg=0.2430	loss=3.9065	loss_avg=4.1778	time=78.33it/s
2025-11-26 02:52:54,935 Eval Loss:4.1778	Eval acc: 7.60
2025-11-26 02:52:54,935 
2025-11-26 02:52:54,935 ====================Training Epoch 6====================
2025-11-26 02:53:13,101 epoch=6	global_step=4900	acc=0.0625	acc_avg=0.0772	loss=4.1558	loss_avg=4.0773	lr=0.0099	|gn|=2.3510	time=3.45it/s
2025-11-26 02:53:46,289 epoch=6	global_step=5000	acc=0.1250	acc_avg=0.0715	loss=3.9871	loss_avg=4.0857	lr=0.0099	|gn|=2.5647	time=3.45it/s
2025-11-26 02:54:19,414 epoch=6	global_step=5100	acc=0.1562	acc_avg=0.0720	loss=3.9257	loss_avg=4.0808	lr=0.0099	|gn|=2.2716	time=3.45it/s
2025-11-26 02:54:52,586 epoch=6	global_step=5200	acc=0.0938	acc_avg=0.0761	loss=3.9092	loss_avg=4.0683	lr=0.0099	|gn|=2.8768	time=3.45it/s
2025-11-26 02:55:25,743 epoch=6	global_step=5300	acc=0.0312	acc_avg=0.0757	loss=4.1318	loss_avg=4.0688	lr=0.0099	|gn|=2.7228	time=3.45it/s
2025-11-26 02:55:58,875 epoch=6	global_step=5400	acc=0.0625	acc_avg=0.0770	loss=4.3018	loss_avg=4.0650	lr=0.0099	|gn|=2.3981	time=3.45it/s
2025-11-26 02:56:32,016 epoch=6	global_step=5500	acc=0.1875	acc_avg=0.0775	loss=4.2568	loss_avg=4.0644	lr=0.0099	|gn|=2.4844	time=3.45it/s
2025-11-26 02:57:05,128 epoch=6	global_step=5600	acc=0.1562	acc_avg=0.0787	loss=3.6830	loss_avg=4.0633	lr=0.0099	|gn|=2.2850	time=3.44it/s
2025-11-26 02:57:23,439 ====================Eval Epoch 6====================
2025-11-26 02:57:26,012 epoch=6	global_step=31	acc=0.0000	acc_avg=0.1260	acc5=0.2500	acc5_avg=0.2930	loss=4.2967	loss_avg=4.0409	time=78.28it/s
2025-11-26 02:57:26,012 Eval Loss:4.0409	Eval acc: 12.60
2025-11-26 02:57:26,012 
2025-11-26 02:57:26,012 ====================Training Epoch 7====================
2025-11-26 02:57:41,654 epoch=7	global_step=5700	acc=0.0938	acc_avg=0.0861	loss=3.8654	loss_avg=3.9908	lr=0.0099	|gn|=2.2380	time=3.45it/s
2025-11-26 02:58:14,809 epoch=7	global_step=5800	acc=0.1562	acc_avg=0.0888	loss=3.5487	loss_avg=3.9952	lr=0.0099	|gn|=2.4947	time=3.45it/s
2025-11-26 02:58:47,989 epoch=7	global_step=5900	acc=0.1250	acc_avg=0.0921	loss=3.7170	loss_avg=3.9882	lr=0.0099	|gn|=2.2547	time=3.44it/s
2025-11-26 02:59:21,169 epoch=7	global_step=6000	acc=0.0000	acc_avg=0.0912	loss=4.3388	loss_avg=3.9853	lr=0.0099	|gn|=2.8535	time=3.45it/s
2025-11-26 02:59:54,324 epoch=7	global_step=6100	acc=0.1250	acc_avg=0.0923	loss=3.6531	loss_avg=3.9801	lr=0.0099	|gn|=2.4449	time=3.44it/s
2025-11-26 03:00:27,473 epoch=7	global_step=6200	acc=0.0938	acc_avg=0.0922	loss=3.9464	loss_avg=3.9782	lr=0.0099	|gn|=2.7819	time=3.44it/s
2025-11-26 03:01:00,604 epoch=7	global_step=6300	acc=0.1250	acc_avg=0.0942	loss=4.1675	loss_avg=3.9717	lr=0.0099	|gn|=2.7740	time=3.45it/s
2025-11-26 03:01:33,816 epoch=7	global_step=6400	acc=0.0625	acc_avg=0.0956	loss=3.9084	loss_avg=3.9652	lr=0.0099	|gn|=3.7909	time=3.45it/s
2025-11-26 03:01:54,737 ====================Eval Epoch 7====================
2025-11-26 03:01:57,292 epoch=7	global_step=31	acc=0.1250	acc_avg=0.1170	acc5=0.6250	acc5_avg=0.3320	loss=3.2807	loss_avg=3.8538	time=78.37it/s
2025-11-26 03:01:57,292 Eval Loss:3.8538	Eval acc: 11.70
2025-11-26 03:01:57,292 
2025-11-26 03:01:57,293 ====================Training Epoch 8====================
2025-11-26 03:02:10,204 epoch=8	global_step=6500	acc=0.0000	acc_avg=0.0997	loss=3.8980	loss_avg=3.8755	lr=0.0098	|gn|=3.3653	time=3.45it/s
2025-11-26 03:02:43,404 epoch=8	global_step=6600	acc=0.1250	acc_avg=0.1054	loss=3.9273	loss_avg=3.8790	lr=0.0098	|gn|=2.6778	time=3.45it/s
2025-11-26 03:03:16,544 epoch=8	global_step=6700	acc=0.0625	acc_avg=0.1081	loss=4.2576	loss_avg=3.8808	lr=0.0098	|gn|=2.8342	time=3.45it/s
2025-11-26 03:03:49,874 epoch=8	global_step=6800	acc=0.0625	acc_avg=0.1072	loss=3.8456	loss_avg=3.8795	lr=0.0098	|gn|=2.8270	time=3.45it/s
2025-11-26 03:04:23,014 epoch=8	global_step=6900	acc=0.0625	acc_avg=0.1068	loss=4.0640	loss_avg=3.8797	lr=0.0098	|gn|=3.0860	time=3.44it/s
2025-11-26 03:04:56,171 epoch=8	global_step=7000	acc=0.0938	acc_avg=0.1071	loss=3.7353	loss_avg=3.8770	lr=0.0098	|gn|=3.2494	time=3.45it/s
2025-11-26 03:05:29,335 epoch=8	global_step=7100	acc=0.2188	acc_avg=0.1093	loss=3.4420	loss_avg=3.8725	lr=0.0098	|gn|=2.8423	time=3.44it/s
2025-11-26 03:06:02,458 epoch=8	global_step=7200	acc=0.2188	acc_avg=0.1096	loss=3.9793	loss_avg=3.8663	lr=0.0098	|gn|=3.1092	time=3.45it/s
2025-11-26 03:06:26,081 ====================Eval Epoch 8====================
2025-11-26 03:06:28,622 epoch=8	global_step=31	acc=0.0000	acc_avg=0.1500	acc5=0.2500	acc5_avg=0.3810	loss=3.9024	loss_avg=3.7287	time=78.22it/s
2025-11-26 03:06:28,622 Eval Loss:3.7287	Eval acc: 15.00
2025-11-26 03:06:28,623 
2025-11-26 03:06:28,623 ====================Training Epoch 9====================
2025-11-26 03:06:38,840 epoch=9	global_step=7300	acc=0.0938	acc_avg=0.1336	loss=4.0888	loss_avg=3.8889	lr=0.0098	|gn|=2.7648	time=3.45it/s
2025-11-26 03:07:12,018 epoch=9	global_step=7400	acc=0.0938	acc_avg=0.1330	loss=3.6444	loss_avg=3.7753	lr=0.0098	|gn|=3.0832	time=3.45it/s
2025-11-26 03:07:45,211 epoch=9	global_step=7500	acc=0.1250	acc_avg=0.1279	loss=3.6909	loss_avg=3.7841	lr=0.0098	|gn|=3.3462	time=3.45it/s
2025-11-26 03:08:18,350 epoch=9	global_step=7600	acc=0.0312	acc_avg=0.1269	loss=4.1277	loss_avg=3.7815	lr=0.0098	|gn|=3.1639	time=3.45it/s
2025-11-26 03:08:51,515 epoch=9	global_step=7700	acc=0.0625	acc_avg=0.1260	loss=3.9573	loss_avg=3.7779	lr=0.0098	|gn|=3.5812	time=3.45it/s
2025-11-26 03:09:24,691 epoch=9	global_step=7800	acc=0.1875	acc_avg=0.1261	loss=3.8844	loss_avg=3.7738	lr=0.0098	|gn|=3.0627	time=3.45it/s
2025-11-26 03:09:57,845 epoch=9	global_step=7900	acc=0.0312	acc_avg=0.1265	loss=4.3470	loss_avg=3.7672	lr=0.0098	|gn|=3.1966	time=3.45it/s
2025-11-26 03:10:31,031 epoch=9	global_step=8000	acc=0.1562	acc_avg=0.1268	loss=3.8092	loss_avg=3.7665	lr=0.0098	|gn|=2.9482	time=3.45it/s
2025-11-26 03:10:57,242 ====================Eval Epoch 9====================
2025-11-26 03:10:59,780 epoch=9	global_step=31	acc=0.0000	acc_avg=0.1190	acc5=0.1250	acc5_avg=0.3390	loss=4.0455	loss_avg=3.8611	time=78.38it/s
2025-11-26 03:10:59,780 Eval Loss:3.8611	Eval acc: 11.90
2025-11-26 03:10:59,780 
2025-11-26 03:10:59,780 ====================Training Epoch 10====================
2025-11-26 03:11:07,373 epoch=10	global_step=8100	acc=0.2500	acc_avg=0.1399	loss=3.4368	loss_avg=3.6818	lr=0.0098	|gn|=3.4285	time=3.45it/s
2025-11-26 03:11:40,568 epoch=10	global_step=8200	acc=0.1562	acc_avg=0.1402	loss=3.3908	loss_avg=3.6783	lr=0.0098	|gn|=2.9548	time=3.44it/s
2025-11-26 03:12:13,719 epoch=10	global_step=8300	acc=0.0938	acc_avg=0.1349	loss=3.8022	loss_avg=3.6905	lr=0.0098	|gn|=3.1258	time=3.45it/s
2025-11-26 03:12:46,885 epoch=10	global_step=8400	acc=0.1875	acc_avg=0.1366	loss=3.8246	loss_avg=3.6824	lr=0.0098	|gn|=3.6551	time=3.44it/s
2025-11-26 03:13:20,039 epoch=10	global_step=8500	acc=0.2188	acc_avg=0.1391	loss=3.2759	loss_avg=3.6727	lr=0.0098	|gn|=3.1373	time=3.45it/s
2025-11-26 03:13:53,202 epoch=10	global_step=8600	acc=0.1875	acc_avg=0.1391	loss=3.2634	loss_avg=3.6696	lr=0.0098	|gn|=2.9379	time=3.45it/s
2025-11-26 03:14:26,383 epoch=10	global_step=8700	acc=0.1875	acc_avg=0.1399	loss=3.4239	loss_avg=3.6676	lr=0.0098	|gn|=3.3988	time=3.45it/s
2025-11-26 03:14:59,531 epoch=10	global_step=8800	acc=0.1875	acc_avg=0.1415	loss=3.7884	loss_avg=3.6660	lr=0.0098	|gn|=2.9557	time=3.45it/s
2025-11-26 03:15:28,436 ====================Eval Epoch 10====================
2025-11-26 03:15:30,969 epoch=10	global_step=31	acc=0.2500	acc_avg=0.1780	acc5=0.8750	acc5_avg=0.4340	loss=2.5994	loss_avg=3.5023	time=78.56it/s
2025-11-26 03:15:30,969 Eval Loss:3.5023	Eval acc: 17.80
2025-11-26 03:15:30,969 
2025-11-26 03:15:30,969 ====================Training Epoch 11====================
2025-11-26 03:15:35,891 epoch=11	global_step=8900	acc=0.2188	acc_avg=0.1611	loss=3.6509	loss_avg=3.5511	lr=0.0097	|gn|=2.8527	time=3.44it/s
2025-11-26 03:16:09,083 epoch=11	global_step=9000	acc=0.1562	acc_avg=0.1643	loss=3.5809	loss_avg=3.5886	lr=0.0097	|gn|=3.2692	time=3.44it/s
2025-11-26 03:16:42,281 epoch=11	global_step=9100	acc=0.1875	acc_avg=0.1526	loss=3.3980	loss_avg=3.6115	lr=0.0097	|gn|=3.0667	time=3.43it/s
2025-11-26 03:17:15,503 epoch=11	global_step=9200	acc=0.2188	acc_avg=0.1577	loss=3.6338	loss_avg=3.6078	lr=0.0097	|gn|=3.3670	time=3.44it/s
2025-11-26 03:17:48,676 epoch=11	global_step=9300	acc=0.2188	acc_avg=0.1603	loss=3.5232	loss_avg=3.5886	lr=0.0097	|gn|=2.7845	time=3.44it/s
2025-11-26 03:18:21,865 epoch=11	global_step=9400	acc=0.0938	acc_avg=0.1583	loss=3.9429	loss_avg=3.5890	lr=0.0097	|gn|=3.7726	time=3.44it/s
2025-11-26 03:18:55,045 epoch=11	global_step=9500	acc=0.2188	acc_avg=0.1593	loss=3.4131	loss_avg=3.5835	lr=0.0097	|gn|=3.3607	time=3.44it/s
2025-11-26 03:19:28,220 epoch=11	global_step=9600	acc=0.1875	acc_avg=0.1596	loss=3.5756	loss_avg=3.5783	lr=0.0097	|gn|=2.8165	time=3.45it/s
2025-11-26 03:19:59,753 ====================Eval Epoch 11====================
2025-11-26 03:20:02,312 epoch=11	global_step=31	acc=0.1250	acc_avg=0.1630	acc5=0.5000	acc5_avg=0.4300	loss=2.7272	loss_avg=3.6599	time=78.24it/s
2025-11-26 03:20:02,312 Eval Loss:3.6599	Eval acc: 16.30
2025-11-26 03:20:02,312 
2025-11-26 03:20:02,312 ====================Training Epoch 12====================
2025-11-26 03:20:04,582 epoch=12	global_step=9700	acc=0.2188	acc_avg=0.2250	loss=3.4263	loss_avg=3.3535	lr=0.0096	|gn|=3.2101	time=3.45it/s
2025-11-26 03:20:37,718 epoch=12	global_step=9800	acc=0.2500	acc_avg=0.1699	loss=3.1842	loss_avg=3.5136	lr=0.0096	|gn|=2.5426	time=3.45it/s
2025-11-26 03:21:10,961 epoch=12	global_step=9900	acc=0.1250	acc_avg=0.1726	loss=3.5372	loss_avg=3.5076	lr=0.0096	|gn|=3.1638	time=3.44it/s
2025-11-26 03:21:44,137 epoch=12	global_step=10000	acc=0.1562	acc_avg=0.1727	loss=3.6823	loss_avg=3.5125	lr=0.0096	|gn|=3.0882	time=3.45it/s
2025-11-26 03:22:17,248 epoch=12	global_step=10100	acc=0.0938	acc_avg=0.1742	loss=3.6943	loss_avg=3.5084	lr=0.0096	|gn|=3.1556	time=3.45it/s
2025-11-26 03:22:50,319 epoch=12	global_step=10200	acc=0.2188	acc_avg=0.1739	loss=3.5031	loss_avg=3.5128	lr=0.0096	|gn|=3.3828	time=3.45it/s
2025-11-26 03:23:23,410 epoch=12	global_step=10300	acc=0.1562	acc_avg=0.1750	loss=3.1663	loss_avg=3.5065	lr=0.0096	|gn|=3.1087	time=3.45it/s
2025-11-26 03:23:56,475 epoch=12	global_step=10400	acc=0.1562	acc_avg=0.1771	loss=3.6543	loss_avg=3.4994	lr=0.0096	|gn|=3.3760	time=3.44it/s
2025-11-26 03:24:29,571 epoch=12	global_step=10500	acc=0.1562	acc_avg=0.1779	loss=3.1283	loss_avg=3.4940	lr=0.0096	|gn|=3.4241	time=3.45it/s
2025-11-26 03:24:30,626 ====================Eval Epoch 12====================
2025-11-26 03:24:33,172 epoch=12	global_step=31	acc=0.2500	acc_avg=0.2230	acc5=0.5000	acc5_avg=0.4560	loss=3.1032	loss_avg=3.4465	time=78.58it/s
2025-11-26 03:24:33,172 Eval Loss:3.4465	Eval acc: 22.30
2025-11-26 03:24:33,173 
2025-11-26 03:24:33,173 ====================Training Epoch 13====================
2025-11-26 03:25:05,884 epoch=13	global_step=10600	acc=0.2500	acc_avg=0.1707	loss=3.3919	loss_avg=3.4665	lr=0.0096	|gn|=3.4556	time=3.45it/s
2025-11-26 03:25:38,954 epoch=13	global_step=10700	acc=0.1562	acc_avg=0.1810	loss=3.7734	loss_avg=3.4455	lr=0.0096	|gn|=3.1511	time=3.45it/s
2025-11-26 03:26:12,081 epoch=13	global_step=10800	acc=0.1875	acc_avg=0.1853	loss=3.5849	loss_avg=3.4376	lr=0.0096	|gn|=3.2277	time=3.44it/s
2025-11-26 03:26:45,154 epoch=13	global_step=10900	acc=0.1562	acc_avg=0.1876	loss=3.4258	loss_avg=3.4194	lr=0.0096	|gn|=3.5729	time=3.45it/s
2025-11-26 03:27:18,254 epoch=13	global_step=11000	acc=0.1250	acc_avg=0.1898	loss=3.5604	loss_avg=3.4161	lr=0.0096	|gn|=3.7460	time=3.45it/s
2025-11-26 03:27:51,343 epoch=13	global_step=11100	acc=0.0938	acc_avg=0.1896	loss=3.6041	loss_avg=3.4136	lr=0.0096	|gn|=3.1657	time=3.44it/s
2025-11-26 03:28:24,461 epoch=13	global_step=11200	acc=0.2500	acc_avg=0.1887	loss=3.6829	loss_avg=3.4112	lr=0.0096	|gn|=3.5834	time=3.45it/s
2025-11-26 03:28:57,529 epoch=13	global_step=11300	acc=0.0938	acc_avg=0.1893	loss=3.9097	loss_avg=3.4129	lr=0.0096	|gn|=3.5266	time=3.44it/s
2025-11-26 03:29:01,234 ====================Eval Epoch 13====================
2025-11-26 03:29:03,773 epoch=13	global_step=31	acc=0.0000	acc_avg=0.1860	acc5=0.2500	acc5_avg=0.4640	loss=4.7753	loss_avg=3.6656	time=78.36it/s
2025-11-26 03:29:03,774 Eval Loss:3.6656	Eval acc: 18.60
2025-11-26 03:29:03,774 
2025-11-26 03:29:03,774 ====================Training Epoch 14====================
2025-11-26 03:29:33,862 epoch=14	global_step=11400	acc=0.1875	acc_avg=0.2103	loss=3.2257	loss_avg=3.2899	lr=0.0095	|gn|=3.3315	time=3.45it/s
2025-11-26 03:30:06,959 epoch=14	global_step=11500	acc=0.1562	acc_avg=0.2103	loss=3.2235	loss_avg=3.3168	lr=0.0095	|gn|=3.0348	time=3.45it/s
2025-11-26 03:30:40,107 epoch=14	global_step=11600	acc=0.2812	acc_avg=0.2088	loss=3.0988	loss_avg=3.3165	lr=0.0095	|gn|=3.3956	time=3.45it/s
2025-11-26 03:31:13,198 epoch=14	global_step=11700	acc=0.1562	acc_avg=0.2068	loss=3.6240	loss_avg=3.3223	lr=0.0095	|gn|=3.5366	time=3.45it/s
2025-11-26 03:31:46,296 epoch=14	global_step=11800	acc=0.2188	acc_avg=0.2081	loss=3.3368	loss_avg=3.3245	lr=0.0095	|gn|=3.3217	time=3.45it/s
2025-11-26 03:32:19,466 epoch=14	global_step=11900	acc=0.2188	acc_avg=0.2089	loss=3.4100	loss_avg=3.3176	lr=0.0095	|gn|=3.3823	time=3.45it/s
2025-11-26 03:32:52,560 epoch=14	global_step=12000	acc=0.1562	acc_avg=0.2082	loss=3.5519	loss_avg=3.3185	lr=0.0095	|gn|=3.7796	time=3.45it/s
2025-11-26 03:33:25,646 epoch=14	global_step=12100	acc=0.2188	acc_avg=0.2082	loss=3.1126	loss_avg=3.3181	lr=0.0095	|gn|=3.2309	time=3.45it/s
2025-11-26 03:33:32,009 ====================Eval Epoch 14====================
2025-11-26 03:33:34,554 epoch=14	global_step=31	acc=0.2500	acc_avg=0.2450	acc5=0.5000	acc5_avg=0.5290	loss=3.2193	loss_avg=3.1526	time=78.19it/s
2025-11-26 03:33:34,554 Eval Loss:3.1526	Eval acc: 24.50
2025-11-26 03:33:34,555 
2025-11-26 03:33:34,555 ====================Training Epoch 15====================
2025-11-26 03:34:02,058 epoch=15	global_step=12200	acc=0.2812	acc_avg=0.2095	loss=3.0711	loss_avg=3.2527	lr=0.0095	|gn|=3.3171	time=3.45it/s
2025-11-26 03:34:35,134 epoch=15	global_step=12300	acc=0.3125	acc_avg=0.2105	loss=3.0676	loss_avg=3.2575	lr=0.0095	|gn|=3.4865	time=3.45it/s
2025-11-26 03:35:08,193 epoch=15	global_step=12400	acc=0.2188	acc_avg=0.2151	loss=2.9410	loss_avg=3.2606	lr=0.0095	|gn|=3.0943	time=3.45it/s
2025-11-26 03:35:41,236 epoch=15	global_step=12500	acc=0.2500	acc_avg=0.2160	loss=2.9386	loss_avg=3.2584	lr=0.0095	|gn|=3.6597	time=3.45it/s
2025-11-26 03:36:14,315 epoch=15	global_step=12600	acc=0.1875	acc_avg=0.2182	loss=3.4521	loss_avg=3.2598	lr=0.0095	|gn|=3.5633	time=3.45it/s
2025-11-26 03:36:47,363 epoch=15	global_step=12700	acc=0.2500	acc_avg=0.2184	loss=3.2828	loss_avg=3.2540	lr=0.0095	|gn|=3.4682	time=3.45it/s
2025-11-26 03:37:20,458 epoch=15	global_step=12800	acc=0.1562	acc_avg=0.2201	loss=3.4275	loss_avg=3.2537	lr=0.0095	|gn|=3.2878	time=3.45it/s
2025-11-26 03:37:53,523 epoch=15	global_step=12900	acc=0.2500	acc_avg=0.2205	loss=3.0136	loss_avg=3.2527	lr=0.0095	|gn|=3.3715	time=3.45it/s
2025-11-26 03:38:02,510 ====================Eval Epoch 15====================
2025-11-26 03:38:05,032 epoch=15	global_step=31	acc=0.1250	acc_avg=0.2390	acc5=0.6250	acc5_avg=0.5300	loss=3.5185	loss_avg=3.1844	time=78.06it/s
2025-11-26 03:38:05,033 Eval Loss:3.1844	Eval acc: 23.90
2025-11-26 03:38:05,033 
2025-11-26 03:38:05,033 ====================Training Epoch 16====================
2025-11-26 03:38:29,808 epoch=16	global_step=13000	acc=0.2812	acc_avg=0.2419	loss=2.8851	loss_avg=3.1612	lr=0.0094	|gn|=3.4812	time=3.45it/s
2025-11-26 03:39:02,905 epoch=16	global_step=13100	acc=0.2500	acc_avg=0.2379	loss=3.7131	loss_avg=3.1854	lr=0.0094	|gn|=3.8899	time=3.44it/s
2025-11-26 03:39:36,029 epoch=16	global_step=13200	acc=0.2812	acc_avg=0.2403	loss=2.9883	loss_avg=3.1873	lr=0.0094	|gn|=3.1387	time=3.45it/s
2025-11-26 03:40:09,074 epoch=16	global_step=13300	acc=0.1562	acc_avg=0.2373	loss=3.2036	loss_avg=3.1947	lr=0.0094	|gn|=3.7458	time=3.44it/s
2025-11-26 03:40:42,175 epoch=16	global_step=13400	acc=0.3125	acc_avg=0.2355	loss=3.0024	loss_avg=3.1944	lr=0.0094	|gn|=3.3597	time=3.45it/s
2025-11-26 03:41:15,239 epoch=16	global_step=13500	acc=0.2188	acc_avg=0.2363	loss=3.0675	loss_avg=3.1884	lr=0.0094	|gn|=3.5112	time=3.45it/s
2025-11-26 03:41:48,325 epoch=16	global_step=13600	acc=0.2812	acc_avg=0.2372	loss=2.6501	loss_avg=3.1832	lr=0.0094	|gn|=3.0264	time=3.44it/s
2025-11-26 03:42:21,424 epoch=16	global_step=13700	acc=0.2500	acc_avg=0.2381	loss=3.1664	loss_avg=3.1779	lr=0.0094	|gn|=3.7025	time=3.45it/s
2025-11-26 03:42:33,063 ====================Eval Epoch 16====================
2025-11-26 03:42:35,602 epoch=16	global_step=31	acc=0.0000	acc_avg=0.2530	acc5=0.3750	acc5_avg=0.5510	loss=4.1175	loss_avg=3.0790	time=78.29it/s
2025-11-26 03:42:35,602 Eval Loss:3.0790	Eval acc: 25.30
2025-11-26 03:42:35,603 
2025-11-26 03:42:35,603 ====================Training Epoch 17====================
2025-11-26 03:42:57,779 epoch=17	global_step=13800	acc=0.1562	acc_avg=0.2356	loss=2.8552	loss_avg=3.1898	lr=0.0093	|gn|=3.1050	time=3.45it/s
2025-11-26 03:43:30,893 epoch=17	global_step=13900	acc=0.1562	acc_avg=0.2498	loss=3.2564	loss_avg=3.1294	lr=0.0093	|gn|=3.3710	time=3.44it/s
2025-11-26 03:44:03,976 epoch=17	global_step=14000	acc=0.2188	acc_avg=0.2529	loss=2.9593	loss_avg=3.1023	lr=0.0093	|gn|=3.8009	time=3.45it/s
2025-11-26 03:44:37,090 epoch=17	global_step=14100	acc=0.3438	acc_avg=0.2537	loss=2.8078	loss_avg=3.0979	lr=0.0093	|gn|=3.5541	time=3.44it/s
2025-11-26 03:45:10,264 epoch=17	global_step=14200	acc=0.1562	acc_avg=0.2534	loss=3.7711	loss_avg=3.0982	lr=0.0093	|gn|=3.4922	time=3.44it/s
2025-11-26 03:45:43,333 epoch=17	global_step=14300	acc=0.1562	acc_avg=0.2540	loss=3.4115	loss_avg=3.1048	lr=0.0093	|gn|=3.7228	time=3.45it/s
2025-11-26 03:46:16,505 epoch=17	global_step=14400	acc=0.2188	acc_avg=0.2552	loss=3.2291	loss_avg=3.0986	lr=0.0093	|gn|=4.3243	time=3.44it/s
2025-11-26 03:46:49,626 epoch=17	global_step=14500	acc=0.2188	acc_avg=0.2556	loss=3.1114	loss_avg=3.0939	lr=0.0093	|gn|=3.5712	time=3.44it/s
2025-11-26 03:47:03,909 ====================Eval Epoch 17====================
2025-11-26 03:47:06,421 epoch=17	global_step=31	acc=0.2500	acc_avg=0.2450	acc5=0.6250	acc5_avg=0.5430	loss=2.8513	loss_avg=3.2797	time=78.21it/s
2025-11-26 03:47:06,422 Eval Loss:3.2797	Eval acc: 24.50
2025-11-26 03:47:06,422 
2025-11-26 03:47:06,422 ====================Training Epoch 18====================
2025-11-26 03:47:25,893 epoch=18	global_step=14600	acc=0.3438	acc_avg=0.2473	loss=2.9674	loss_avg=3.0423	lr=0.0092	|gn|=3.4775	time=3.45it/s
2025-11-26 03:47:59,011 epoch=18	global_step=14700	acc=0.1562	acc_avg=0.2586	loss=3.3743	loss_avg=3.0508	lr=0.0092	|gn|=4.2244	time=3.44it/s
2025-11-26 03:48:32,157 epoch=18	global_step=14800	acc=0.3125	acc_avg=0.2661	loss=2.6262	loss_avg=3.0195	lr=0.0092	|gn|=3.3270	time=3.45it/s
2025-11-26 03:49:05,276 epoch=18	global_step=14900	acc=0.2500	acc_avg=0.2697	loss=3.3920	loss_avg=3.0126	lr=0.0092	|gn|=3.6739	time=3.45it/s
2025-11-26 03:49:38,407 epoch=18	global_step=15000	acc=0.2812	acc_avg=0.2678	loss=3.2154	loss_avg=3.0183	lr=0.0092	|gn|=3.6461	time=3.44it/s
2025-11-26 03:50:11,525 epoch=18	global_step=15100	acc=0.2188	acc_avg=0.2676	loss=3.1094	loss_avg=3.0232	lr=0.0092	|gn|=3.7857	time=3.45it/s
2025-11-26 03:50:44,618 epoch=18	global_step=15200	acc=0.1875	acc_avg=0.2666	loss=3.3392	loss_avg=3.0279	lr=0.0092	|gn|=3.7671	time=3.45it/s
2025-11-26 03:51:17,708 epoch=18	global_step=15300	acc=0.1562	acc_avg=0.2663	loss=3.0653	loss_avg=3.0278	lr=0.0092	|gn|=3.5496	time=3.45it/s
2025-11-26 03:51:34,656 ====================Eval Epoch 18====================
2025-11-26 03:51:37,217 epoch=18	global_step=31	acc=0.2500	acc_avg=0.2950	acc5=0.3750	acc5_avg=0.5930	loss=3.4589	loss_avg=2.8939	time=78.29it/s
2025-11-26 03:51:37,217 Eval Loss:2.8939	Eval acc: 29.50
2025-11-26 03:51:37,217 
2025-11-26 03:51:37,218 ====================Training Epoch 19====================
2025-11-26 03:51:54,104 epoch=19	global_step=15400	acc=0.2812	acc_avg=0.2915	loss=2.8034	loss_avg=2.9245	lr=0.0091	|gn|=3.8219	time=3.45it/s
2025-11-26 03:52:27,227 epoch=19	global_step=15500	acc=0.2500	acc_avg=0.2796	loss=2.7431	loss_avg=2.9833	lr=0.0091	|gn|=3.5920	time=3.44it/s
2025-11-26 03:53:00,343 epoch=19	global_step=15600	acc=0.2500	acc_avg=0.2865	loss=3.1228	loss_avg=2.9619	lr=0.0091	|gn|=4.0912	time=3.45it/s
2025-11-26 03:53:33,518 epoch=19	global_step=15700	acc=0.2500	acc_avg=0.2832	loss=3.2240	loss_avg=2.9609	lr=0.0091	|gn|=3.9238	time=3.44it/s
2025-11-26 03:54:06,628 epoch=19	global_step=15800	acc=0.2812	acc_avg=0.2785	loss=2.8903	loss_avg=2.9728	lr=0.0091	|gn|=3.4692	time=3.44it/s
2025-11-26 03:54:39,742 epoch=19	global_step=15900	acc=0.2812	acc_avg=0.2778	loss=2.7414	loss_avg=2.9682	lr=0.0091	|gn|=4.4917	time=3.44it/s
2025-11-26 03:55:12,935 epoch=19	global_step=16000	acc=0.3125	acc_avg=0.2802	loss=2.7935	loss_avg=2.9591	lr=0.0091	|gn|=3.9642	time=3.45it/s
2025-11-26 03:55:46,049 epoch=19	global_step=16100	acc=0.3125	acc_avg=0.2825	loss=2.4069	loss_avg=2.9593	lr=0.0091	|gn|=3.5185	time=3.44it/s
2025-11-26 03:56:05,642 ====================Eval Epoch 19====================
2025-11-26 03:56:08,191 epoch=19	global_step=31	acc=0.2500	acc_avg=0.3010	acc5=0.8750	acc5_avg=0.6240	loss=2.4440	loss_avg=2.7925	time=78.30it/s
2025-11-26 03:56:08,191 Eval Loss:2.7925	Eval acc: 30.10
2025-11-26 03:56:08,192 
2025-11-26 03:56:08,192 ====================Training Epoch 20====================
2025-11-26 03:56:22,350 epoch=20	global_step=16200	acc=0.2812	acc_avg=0.3056	loss=2.7402	loss_avg=2.8729	lr=0.0090	|gn|=3.6734	time=3.45it/s
2025-11-26 03:56:55,430 epoch=20	global_step=16300	acc=0.2500	acc_avg=0.2906	loss=2.8943	loss_avg=2.8934	lr=0.0090	|gn|=3.5761	time=3.45it/s
2025-11-26 03:57:28,523 epoch=20	global_step=16400	acc=0.2812	acc_avg=0.2902	loss=2.8103	loss_avg=2.9029	lr=0.0090	|gn|=4.4377	time=3.44it/s
2025-11-26 03:58:01,586 epoch=20	global_step=16500	acc=0.3125	acc_avg=0.2929	loss=3.3755	loss_avg=2.8947	lr=0.0090	|gn|=4.2604	time=3.45it/s
2025-11-26 03:58:34,695 epoch=20	global_step=16600	acc=0.4688	acc_avg=0.2961	loss=2.7636	loss_avg=2.8822	lr=0.0090	|gn|=3.4585	time=3.44it/s
2025-11-26 03:59:07,753 epoch=20	global_step=16700	acc=0.1562	acc_avg=0.2941	loss=3.1456	loss_avg=2.8811	lr=0.0090	|gn|=4.3250	time=3.45it/s
2025-11-26 03:59:40,840 epoch=20	global_step=16800	acc=0.2188	acc_avg=0.2938	loss=2.9059	loss_avg=2.8857	lr=0.0090	|gn|=4.2713	time=3.45it/s
2025-11-26 04:00:13,886 epoch=20	global_step=16900	acc=0.2188	acc_avg=0.2941	loss=3.0117	loss_avg=2.8861	lr=0.0090	|gn|=4.1616	time=3.45it/s
2025-11-26 04:00:36,127 ====================Eval Epoch 20====================
2025-11-26 04:00:38,659 epoch=20	global_step=31	acc=0.2500	acc_avg=0.3010	acc5=0.7500	acc5_avg=0.6180	loss=2.7297	loss_avg=2.8259	time=78.44it/s
2025-11-26 04:00:38,659 Eval Loss:2.8259	Eval acc: 30.10
2025-11-26 04:00:38,660 
2025-11-26 04:00:38,660 ====================Training Epoch 21====================
2025-11-26 04:00:50,224 epoch=21	global_step=17000	acc=0.2812	acc_avg=0.3078	loss=2.7253	loss_avg=2.8541	lr=0.0090	|gn|=3.7972	time=3.45it/s
2025-11-26 04:01:23,309 epoch=21	global_step=17100	acc=0.2812	acc_avg=0.3080	loss=2.9495	loss_avg=2.8483	lr=0.0090	|gn|=3.9727	time=3.45it/s
2025-11-26 04:01:56,385 epoch=21	global_step=17200	acc=0.4062	acc_avg=0.3075	loss=2.4858	loss_avg=2.8398	lr=0.0090	|gn|=3.7049	time=3.45it/s
2025-11-26 04:02:29,488 epoch=21	global_step=17300	acc=0.1875	acc_avg=0.3078	loss=2.8360	loss_avg=2.8348	lr=0.0090	|gn|=3.7944	time=3.45it/s
2025-11-26 04:03:02,608 epoch=21	global_step=17400	acc=0.2188	acc_avg=0.3082	loss=3.0647	loss_avg=2.8226	lr=0.0090	|gn|=4.3371	time=3.45it/s
2025-11-26 04:03:35,679 epoch=21	global_step=17500	acc=0.3125	acc_avg=0.3095	loss=2.5706	loss_avg=2.8153	lr=0.0090	|gn|=3.4130	time=3.44it/s
2025-11-26 04:04:08,794 epoch=21	global_step=17600	acc=0.4375	acc_avg=0.3110	loss=2.2288	loss_avg=2.8038	lr=0.0090	|gn|=4.0665	time=3.45it/s
2025-11-26 04:04:41,898 epoch=21	global_step=17700	acc=0.1875	acc_avg=0.3123	loss=3.0484	loss_avg=2.8029	lr=0.0090	|gn|=3.9161	time=3.45it/s
2025-11-26 04:05:06,810 ====================Eval Epoch 21====================
2025-11-26 04:05:09,369 epoch=21	global_step=31	acc=0.2500	acc_avg=0.3240	acc5=0.7500	acc5_avg=0.6070	loss=2.7643	loss_avg=2.9808	time=78.53it/s
2025-11-26 04:05:09,370 Eval Loss:2.9808	Eval acc: 32.40
2025-11-26 04:05:09,372 
2025-11-26 04:05:09,372 ====================Training Epoch 22====================
2025-11-26 04:05:18,191 epoch=22	global_step=17800	acc=0.4062	acc_avg=0.3450	loss=2.7565	loss_avg=2.7267	lr=0.0089	|gn|=3.5385	time=3.45it/s
2025-11-26 04:05:51,235 epoch=22	global_step=17900	acc=0.1875	acc_avg=0.3197	loss=3.0415	loss_avg=2.7852	lr=0.0089	|gn|=4.0091	time=3.45it/s
2025-11-26 04:06:24,304 epoch=22	global_step=18000	acc=0.3125	acc_avg=0.3236	loss=2.3342	loss_avg=2.7662	lr=0.0089	|gn|=3.5911	time=3.45it/s
2025-11-26 04:06:57,349 epoch=22	global_step=18100	acc=0.3750	acc_avg=0.3230	loss=2.7633	loss_avg=2.7652	lr=0.0089	|gn|=3.5603	time=3.43it/s
2025-11-26 04:07:30,630 epoch=22	global_step=18200	acc=0.3125	acc_avg=0.3270	loss=2.9886	loss_avg=2.7477	lr=0.0089	|gn|=4.4038	time=3.45it/s
2025-11-26 04:08:03,727 epoch=22	global_step=18300	acc=0.3125	acc_avg=0.3271	loss=2.7267	loss_avg=2.7515	lr=0.0089	|gn|=3.8394	time=3.45it/s
2025-11-26 04:08:36,761 epoch=22	global_step=18400	acc=0.3438	acc_avg=0.3266	loss=2.8288	loss_avg=2.7461	lr=0.0089	|gn|=3.4844	time=3.45it/s
2025-11-26 04:09:09,837 epoch=22	global_step=18500	acc=0.4688	acc_avg=0.3275	loss=2.4358	loss_avg=2.7446	lr=0.0089	|gn|=3.8205	time=3.45it/s
2025-11-26 04:09:37,295 ====================Eval Epoch 22====================
2025-11-26 04:09:39,815 epoch=22	global_step=31	acc=0.1250	acc_avg=0.3460	acc5=0.7500	acc5_avg=0.6130	loss=2.6693	loss_avg=2.7326	time=78.60it/s
2025-11-26 04:09:39,815 Eval Loss:2.7326	Eval acc: 34.60
2025-11-26 04:09:39,816 
2025-11-26 04:09:39,816 ====================Training Epoch 23====================
2025-11-26 04:09:46,037 epoch=23	global_step=18600	acc=0.2812	acc_avg=0.3768	loss=3.0268	loss_avg=2.5365	lr=0.0088	|gn|=4.8108	time=3.45it/s
2025-11-26 04:10:19,081 epoch=23	global_step=18700	acc=0.3750	acc_avg=0.3360	loss=2.3542	loss_avg=2.6967	lr=0.0088	|gn|=3.4924	time=3.45it/s
2025-11-26 04:10:52,114 epoch=23	global_step=18800	acc=0.3438	acc_avg=0.3367	loss=2.6508	loss_avg=2.6761	lr=0.0088	|gn|=3.6845	time=3.45it/s
2025-11-26 04:11:25,192 epoch=23	global_step=18900	acc=0.3750	acc_avg=0.3387	loss=2.5268	loss_avg=2.6869	lr=0.0088	|gn|=4.0024	time=3.45it/s
2025-11-26 04:11:58,227 epoch=23	global_step=19000	acc=0.4375	acc_avg=0.3342	loss=2.7373	loss_avg=2.6950	lr=0.0088	|gn|=4.1096	time=3.45it/s
2025-11-26 04:12:31,318 epoch=23	global_step=19100	acc=0.1562	acc_avg=0.3334	loss=2.7875	loss_avg=2.6994	lr=0.0088	|gn|=4.1454	time=3.44it/s
2025-11-26 04:13:04,400 epoch=23	global_step=19200	acc=0.4062	acc_avg=0.3337	loss=3.3645	loss_avg=2.6974	lr=0.0088	|gn|=4.9142	time=3.44it/s
2025-11-26 04:13:37,459 epoch=23	global_step=19300	acc=0.3125	acc_avg=0.3336	loss=2.9949	loss_avg=2.6979	lr=0.0088	|gn|=3.8006	time=3.45it/s
2025-11-26 04:14:07,662 ====================Eval Epoch 23====================
2025-11-26 04:14:10,194 epoch=23	global_step=31	acc=0.1250	acc_avg=0.3380	acc5=0.6250	acc5_avg=0.6250	loss=2.8624	loss_avg=2.8006	time=78.19it/s
2025-11-26 04:14:10,194 Eval Loss:2.8006	Eval acc: 33.80
2025-11-26 04:14:10,194 
2025-11-26 04:14:10,195 ====================Training Epoch 24====================
2025-11-26 04:14:13,779 epoch=24	global_step=19400	acc=0.2500	acc_avg=0.3507	loss=2.7213	loss_avg=2.6652	lr=0.0086	|gn|=4.5025	time=3.44it/s
2025-11-26 04:14:46,910 epoch=24	global_step=19500	acc=0.3125	acc_avg=0.3581	loss=2.3778	loss_avg=2.6018	lr=0.0086	|gn|=3.6352	time=3.45it/s
2025-11-26 04:15:20,021 epoch=24	global_step=19600	acc=0.2812	acc_avg=0.3491	loss=2.8911	loss_avg=2.6362	lr=0.0086	|gn|=4.2152	time=3.45it/s
2025-11-26 04:15:53,071 epoch=24	global_step=19700	acc=0.2188	acc_avg=0.3490	loss=2.6409	loss_avg=2.6404	lr=0.0086	|gn|=3.8432	time=3.45it/s
2025-11-26 04:16:26,165 epoch=24	global_step=19800	acc=0.4688	acc_avg=0.3512	loss=2.0090	loss_avg=2.6305	lr=0.0086	|gn|=4.1316	time=3.45it/s
2025-11-26 04:16:59,223 epoch=24	global_step=19900	acc=0.1562	acc_avg=0.3514	loss=3.6350	loss_avg=2.6288	lr=0.0086	|gn|=4.6775	time=3.45it/s
2025-11-26 04:17:32,318 epoch=24	global_step=20000	acc=0.2500	acc_avg=0.3507	loss=3.1411	loss_avg=2.6321	lr=0.0086	|gn|=4.8784	time=3.45it/s
2025-11-26 04:18:05,390 epoch=24	global_step=20100	acc=0.4375	acc_avg=0.3515	loss=2.2814	loss_avg=2.6319	lr=0.0086	|gn|=3.8103	time=3.45it/s
2025-11-26 04:18:38,213 ====================Eval Epoch 24====================
2025-11-26 04:18:40,723 epoch=24	global_step=31	acc=0.3750	acc_avg=0.3510	acc5=0.7500	acc5_avg=0.6610	loss=2.1572	loss_avg=2.6317	time=78.29it/s
2025-11-26 04:18:40,724 Eval Loss:2.6317	Eval acc: 35.10
2025-11-26 04:18:40,724 
2025-11-26 04:18:40,724 ====================Training Epoch 25====================
2025-11-26 04:18:41,648 epoch=25	global_step=20200	acc=0.2500	acc_avg=0.2500	loss=2.9057	loss_avg=2.9057	lr=0.0085	|gn|=3.5529	time=3.44it/s
2025-11-26 04:19:14,768 epoch=25	global_step=20300	acc=0.2188	acc_avg=0.3605	loss=3.2899	loss_avg=2.5751	lr=0.0085	|gn|=4.6584	time=3.44it/s
2025-11-26 04:19:47,879 epoch=25	global_step=20400	acc=0.5312	acc_avg=0.3598	loss=2.0191	loss_avg=2.5946	lr=0.0085	|gn|=3.5431	time=3.45it/s
2025-11-26 04:20:20,939 epoch=25	global_step=20500	acc=0.3125	acc_avg=0.3589	loss=2.7149	loss_avg=2.5863	lr=0.0085	|gn|=4.0253	time=3.45it/s
2025-11-26 04:20:54,071 epoch=25	global_step=20600	acc=0.3438	acc_avg=0.3596	loss=2.6754	loss_avg=2.5865	lr=0.0085	|gn|=4.2244	time=3.45it/s
2025-11-26 04:21:27,131 epoch=25	global_step=20700	acc=0.3125	acc_avg=0.3605	loss=2.5766	loss_avg=2.5904	lr=0.0085	|gn|=4.1467	time=3.45it/s
2025-11-26 04:22:00,234 epoch=25	global_step=20800	acc=0.2500	acc_avg=0.3602	loss=2.6412	loss_avg=2.5868	lr=0.0085	|gn|=4.1480	time=3.45it/s
2025-11-26 04:22:33,295 epoch=25	global_step=20900	acc=0.3438	acc_avg=0.3616	loss=2.2800	loss_avg=2.5852	lr=0.0085	|gn|=3.7084	time=3.45it/s
2025-11-26 04:23:06,387 epoch=25	global_step=21000	acc=0.2500	acc_avg=0.3601	loss=2.7543	loss_avg=2.5880	lr=0.0085	|gn|=4.3840	time=3.44it/s
2025-11-26 04:23:08,767 ====================Eval Epoch 25====================
2025-11-26 04:23:11,334 epoch=25	global_step=31	acc=0.3750	acc_avg=0.3500	acc5=0.8750	acc5_avg=0.6540	loss=1.8201	loss_avg=2.8085	time=78.45it/s
2025-11-26 04:23:11,334 Eval Loss:2.8085	Eval acc: 35.00
2025-11-26 04:23:11,335 
2025-11-26 04:23:11,335 ====================Training Epoch 26====================
2025-11-26 04:23:42,726 epoch=26	global_step=21100	acc=0.3750	acc_avg=0.3851	loss=2.3560	loss_avg=2.5024	lr=0.0084	|gn|=3.8053	time=3.45it/s
2025-11-26 04:24:15,795 epoch=26	global_step=21200	acc=0.4062	acc_avg=0.3810	loss=2.2327	loss_avg=2.5048	lr=0.0084	|gn|=3.7065	time=3.45it/s
2025-11-26 04:24:48,880 epoch=26	global_step=21300	acc=0.4375	acc_avg=0.3781	loss=2.3459	loss_avg=2.4988	lr=0.0084	|gn|=3.7655	time=3.45it/s
2025-11-26 04:25:21,978 epoch=26	global_step=21400	acc=0.4375	acc_avg=0.3810	loss=2.6153	loss_avg=2.4929	lr=0.0084	|gn|=4.3155	time=3.45it/s
2025-11-26 04:25:55,087 epoch=26	global_step=21500	acc=0.2188	acc_avg=0.3760	loss=2.6904	loss_avg=2.5059	lr=0.0084	|gn|=4.0795	time=3.45it/s
2025-11-26 04:26:28,183 epoch=26	global_step=21600	acc=0.4375	acc_avg=0.3764	loss=1.8800	loss_avg=2.5035	lr=0.0084	|gn|=3.4131	time=3.44it/s
2025-11-26 04:27:01,281 epoch=26	global_step=21700	acc=0.3438	acc_avg=0.3757	loss=2.2626	loss_avg=2.5084	lr=0.0084	|gn|=3.6217	time=3.45it/s
2025-11-26 04:27:34,346 epoch=26	global_step=21800	acc=0.4375	acc_avg=0.3748	loss=2.6480	loss_avg=2.5104	lr=0.0084	|gn|=3.9172	time=3.45it/s
2025-11-26 04:27:39,381 ====================Eval Epoch 26====================
2025-11-26 04:27:41,939 epoch=26	global_step=31	acc=0.3750	acc_avg=0.3820	acc5=0.8750	acc5_avg=0.6470	loss=2.1111	loss_avg=2.6722	time=78.10it/s
2025-11-26 04:27:41,939 Eval Loss:2.6722	Eval acc: 38.20
2025-11-26 04:27:41,941 
2025-11-26 04:27:41,941 ====================Training Epoch 27====================
2025-11-26 04:28:10,625 epoch=27	global_step=21900	acc=0.5000	acc_avg=0.3816	loss=2.2399	loss_avg=2.4837	lr=0.0083	|gn|=4.3283	time=3.45it/s
2025-11-26 04:28:43,698 epoch=27	global_step=22000	acc=0.2812	acc_avg=0.3811	loss=2.8202	loss_avg=2.4787	lr=0.0083	|gn|=4.2866	time=3.45it/s
2025-11-26 04:29:16,772 epoch=27	global_step=22100	acc=0.3438	acc_avg=0.3843	loss=2.5143	loss_avg=2.4685	lr=0.0083	|gn|=4.4224	time=3.45it/s
2025-11-26 04:29:49,857 epoch=27	global_step=22200	acc=0.2812	acc_avg=0.3855	loss=2.4255	loss_avg=2.4602	lr=0.0083	|gn|=4.6751	time=3.45it/s
2025-11-26 04:30:22,927 epoch=27	global_step=22300	acc=0.5000	acc_avg=0.3841	loss=2.1148	loss_avg=2.4624	lr=0.0083	|gn|=3.7855	time=3.44it/s
2025-11-26 04:30:56,004 epoch=27	global_step=22400	acc=0.2500	acc_avg=0.3814	loss=2.9689	loss_avg=2.4730	lr=0.0083	|gn|=4.7553	time=3.44it/s
2025-11-26 04:31:29,099 epoch=27	global_step=22500	acc=0.2812	acc_avg=0.3818	loss=2.7097	loss_avg=2.4716	lr=0.0083	|gn|=4.1748	time=3.45it/s
2025-11-26 04:32:02,165 epoch=27	global_step=22600	acc=0.3750	acc_avg=0.3830	loss=2.6888	loss_avg=2.4652	lr=0.0083	|gn|=3.8947	time=3.45it/s
2025-11-26 04:32:09,857 ====================Eval Epoch 27====================
2025-11-26 04:32:12,385 epoch=27	global_step=31	acc=0.6250	acc_avg=0.3770	acc5=1.0000	acc5_avg=0.6820	loss=1.4428	loss_avg=2.4799	time=78.24it/s
2025-11-26 04:32:12,385 Eval Loss:2.4799	Eval acc: 37.70
2025-11-26 04:32:12,386 
2025-11-26 04:32:12,386 ====================Training Epoch 28====================
2025-11-26 04:32:38,440 epoch=28	global_step=22700	acc=0.5625	acc_avg=0.4014	loss=2.2827	loss_avg=2.4174	lr=0.0082	|gn|=3.9063	time=3.44it/s
2025-11-26 04:33:11,573 epoch=28	global_step=22800	acc=0.4375	acc_avg=0.3914	loss=2.5814	loss_avg=2.4291	lr=0.0082	|gn|=4.2094	time=3.45it/s
2025-11-26 04:33:44,640 epoch=28	global_step=22900	acc=0.3438	acc_avg=0.3956	loss=2.5605	loss_avg=2.4188	lr=0.0082	|gn|=4.6110	time=3.43it/s
2025-11-26 04:34:17,746 epoch=28	global_step=23000	acc=0.4375	acc_avg=0.3932	loss=2.3710	loss_avg=2.4335	lr=0.0082	|gn|=4.0301	time=3.45it/s
2025-11-26 04:34:50,818 epoch=28	global_step=23100	acc=0.3125	acc_avg=0.3921	loss=2.3378	loss_avg=2.4363	lr=0.0082	|gn|=3.7339	time=3.44it/s
2025-11-26 04:35:23,971 epoch=28	global_step=23200	acc=0.4375	acc_avg=0.3936	loss=2.2803	loss_avg=2.4233	lr=0.0082	|gn|=3.9748	time=3.45it/s
2025-11-26 04:35:57,061 epoch=28	global_step=23300	acc=0.5000	acc_avg=0.3945	loss=2.2169	loss_avg=2.4256	lr=0.0082	|gn|=3.9209	time=3.45it/s
2025-11-26 04:36:30,142 epoch=28	global_step=23400	acc=0.3125	acc_avg=0.3960	loss=2.9259	loss_avg=2.4198	lr=0.0082	|gn|=5.0291	time=3.45it/s
2025-11-26 04:36:40,461 ====================Eval Epoch 28====================
2025-11-26 04:36:43,011 epoch=28	global_step=31	acc=0.5000	acc_avg=0.4020	acc5=0.8750	acc5_avg=0.6670	loss=1.6965	loss_avg=2.7773	time=78.47it/s
2025-11-26 04:36:43,012 Eval Loss:2.7773	Eval acc: 40.20
2025-11-26 04:36:43,012 
2025-11-26 04:36:43,012 ====================Training Epoch 29====================
2025-11-26 04:37:06,445 epoch=29	global_step=23500	acc=0.4062	acc_avg=0.4035	loss=2.5802	loss_avg=2.3775	lr=0.0081	|gn|=4.5414	time=3.45it/s
2025-11-26 04:37:39,523 epoch=29	global_step=23600	acc=0.4062	acc_avg=0.4179	loss=2.5497	loss_avg=2.3461	lr=0.0081	|gn|=4.4552	time=3.45it/s
2025-11-26 04:38:12,624 epoch=29	global_step=23700	acc=0.3750	acc_avg=0.4115	loss=2.2094	loss_avg=2.3463	lr=0.0081	|gn|=3.9559	time=3.45it/s
2025-11-26 04:38:45,702 epoch=29	global_step=23800	acc=0.2188	acc_avg=0.4101	loss=3.0010	loss_avg=2.3598	lr=0.0081	|gn|=5.2451	time=3.45it/s
2025-11-26 04:39:18,786 epoch=29	global_step=23900	acc=0.4375	acc_avg=0.4102	loss=2.1033	loss_avg=2.3622	lr=0.0081	|gn|=4.0080	time=3.45it/s
2025-11-26 04:39:51,842 epoch=29	global_step=24000	acc=0.4062	acc_avg=0.4100	loss=2.3735	loss_avg=2.3578	lr=0.0081	|gn|=3.9311	time=3.45it/s
2025-11-26 04:40:24,993 epoch=29	global_step=24100	acc=0.4375	acc_avg=0.4098	loss=2.5285	loss_avg=2.3605	lr=0.0081	|gn|=4.3648	time=3.45it/s
2025-11-26 04:40:58,043 epoch=29	global_step=24200	acc=0.3438	acc_avg=0.4114	loss=2.3255	loss_avg=2.3601	lr=0.0081	|gn|=4.1222	time=3.45it/s
2025-11-26 04:41:10,997 ====================Eval Epoch 29====================
2025-11-26 04:41:13,546 epoch=29	global_step=31	acc=0.2500	acc_avg=0.3770	acc5=1.0000	acc5_avg=0.6680	loss=2.0213	loss_avg=2.6628	time=78.27it/s
2025-11-26 04:41:13,546 Eval Loss:2.6628	Eval acc: 37.70
2025-11-26 04:41:13,548 
2025-11-26 04:41:13,548 ====================Training Epoch 30====================
2025-11-26 04:41:34,561 epoch=30	global_step=24300	acc=0.4375	acc_avg=0.4247	loss=2.2708	loss_avg=2.2669	lr=0.0079	|gn|=5.0170	time=3.45it/s
2025-11-26 04:42:07,679 epoch=30	global_step=24400	acc=0.5312	acc_avg=0.4196	loss=1.8058	loss_avg=2.2954	lr=0.0079	|gn|=4.0474	time=3.45it/s
2025-11-26 04:42:40,732 epoch=30	global_step=24500	acc=0.5625	acc_avg=0.4150	loss=2.1173	loss_avg=2.3069	lr=0.0079	|gn|=4.1453	time=3.45it/s
2025-11-26 04:43:13,833 epoch=30	global_step=24600	acc=0.3750	acc_avg=0.4186	loss=2.5034	loss_avg=2.3049	lr=0.0079	|gn|=4.7338	time=3.44it/s
2025-11-26 04:43:46,889 epoch=30	global_step=24700	acc=0.4688	acc_avg=0.4159	loss=2.4611	loss_avg=2.3117	lr=0.0079	|gn|=4.2541	time=3.45it/s
2025-11-26 04:44:19,959 epoch=30	global_step=24800	acc=0.3438	acc_avg=0.4167	loss=2.7036	loss_avg=2.3114	lr=0.0079	|gn|=4.5120	time=3.45it/s
2025-11-26 04:44:53,067 epoch=30	global_step=24900	acc=0.3750	acc_avg=0.4173	loss=2.4533	loss_avg=2.3087	lr=0.0079	|gn|=4.2546	time=3.45it/s
2025-11-26 04:45:26,134 epoch=30	global_step=25000	acc=0.5625	acc_avg=0.4164	loss=2.0242	loss_avg=2.3141	lr=0.0079	|gn|=3.7217	time=3.45it/s
2025-11-26 04:45:41,766 ====================Eval Epoch 30====================
2025-11-26 04:45:44,272 epoch=30	global_step=31	acc=0.1250	acc_avg=0.4210	acc5=0.7500	acc5_avg=0.7070	loss=2.5648	loss_avg=2.3602	time=78.36it/s
2025-11-26 04:45:44,272 Eval Loss:2.3602	Eval acc: 42.10
2025-11-26 04:45:44,272 
2025-11-26 04:45:44,272 ====================Training Epoch 31====================
2025-11-26 04:46:02,380 epoch=31	global_step=25100	acc=0.4062	acc_avg=0.4310	loss=2.0686	loss_avg=2.2714	lr=0.0078	|gn|=3.9173	time=3.45it/s
2025-11-26 04:46:35,513 epoch=31	global_step=25200	acc=0.5000	acc_avg=0.4287	loss=2.1898	loss_avg=2.2725	lr=0.0078	|gn|=3.9261	time=3.45it/s
2025-11-26 04:47:08,566 epoch=31	global_step=25300	acc=0.5000	acc_avg=0.4310	loss=2.3271	loss_avg=2.2672	lr=0.0078	|gn|=4.2410	time=3.45it/s
2025-11-26 04:47:41,653 epoch=31	global_step=25400	acc=0.4688	acc_avg=0.4280	loss=2.1154	loss_avg=2.2602	lr=0.0078	|gn|=4.1855	time=3.45it/s
2025-11-26 04:48:14,687 epoch=31	global_step=25500	acc=0.5000	acc_avg=0.4275	loss=1.9907	loss_avg=2.2638	lr=0.0078	|gn|=4.1060	time=3.45it/s
2025-11-26 04:48:47,767 epoch=31	global_step=25600	acc=0.4375	acc_avg=0.4256	loss=2.0400	loss_avg=2.2688	lr=0.0078	|gn|=4.1745	time=3.45it/s
2025-11-26 04:49:20,809 epoch=31	global_step=25700	acc=0.3438	acc_avg=0.4245	loss=2.9794	loss_avg=2.2758	lr=0.0078	|gn|=4.7940	time=3.45it/s
2025-11-26 04:49:53,906 epoch=31	global_step=25800	acc=0.5625	acc_avg=0.4250	loss=1.7542	loss_avg=2.2729	lr=0.0078	|gn|=3.3714	time=3.45it/s
2025-11-26 04:50:12,133 ====================Eval Epoch 31====================
2025-11-26 04:50:14,660 epoch=31	global_step=31	acc=0.3750	acc_avg=0.4320	acc5=0.6250	acc5_avg=0.7340	loss=2.7411	loss_avg=2.3685	time=78.37it/s
2025-11-26 04:50:14,660 Eval Loss:2.3685	Eval acc: 43.20
2025-11-26 04:50:14,661 
2025-11-26 04:50:14,661 ====================Training Epoch 32====================
2025-11-26 04:50:30,131 epoch=32	global_step=25900	acc=0.4688	acc_avg=0.4507	loss=2.0606	loss_avg=2.1760	lr=0.0077	|gn|=4.6287	time=3.45it/s
2025-11-26 04:51:03,220 epoch=32	global_step=26000	acc=0.4062	acc_avg=0.4448	loss=2.2259	loss_avg=2.1829	lr=0.0077	|gn|=4.3265	time=3.45it/s
2025-11-26 04:51:36,304 epoch=32	global_step=26100	acc=0.3438	acc_avg=0.4413	loss=2.7177	loss_avg=2.1930	lr=0.0077	|gn|=4.6296	time=3.45it/s
2025-11-26 04:52:09,437 epoch=32	global_step=26200	acc=0.3438	acc_avg=0.4423	loss=2.4985	loss_avg=2.1946	lr=0.0077	|gn|=4.9328	time=3.45it/s
2025-11-26 04:52:42,511 epoch=32	global_step=26300	acc=0.3750	acc_avg=0.4405	loss=2.4072	loss_avg=2.2077	lr=0.0077	|gn|=4.8142	time=3.44it/s
2025-11-26 04:53:15,629 epoch=32	global_step=26400	acc=0.4062	acc_avg=0.4368	loss=1.9748	loss_avg=2.2205	lr=0.0077	|gn|=4.7242	time=3.45it/s
2025-11-26 04:53:48,695 epoch=32	global_step=26500	acc=0.4062	acc_avg=0.4359	loss=2.1400	loss_avg=2.2203	lr=0.0077	|gn|=4.6652	time=3.45it/s
2025-11-26 04:54:21,799 epoch=32	global_step=26600	acc=0.4062	acc_avg=0.4372	loss=2.1707	loss_avg=2.2183	lr=0.0077	|gn|=4.4244	time=3.45it/s
2025-11-26 04:54:42,675 ====================Eval Epoch 32====================
2025-11-26 04:54:45,206 epoch=32	global_step=31	acc=0.1250	acc_avg=0.4390	acc5=1.0000	acc5_avg=0.7280	loss=2.5579	loss_avg=2.6535	time=78.22it/s
2025-11-26 04:54:45,206 Eval Loss:2.6535	Eval acc: 43.90
2025-11-26 04:54:45,206 
2025-11-26 04:54:45,206 ====================Training Epoch 33====================
2025-11-26 04:54:58,052 epoch=33	global_step=26700	acc=0.4375	acc_avg=0.4603	loss=2.1253	loss_avg=2.0915	lr=0.0075	|gn|=4.4755	time=3.44it/s
2025-11-26 04:55:31,117 epoch=33	global_step=26800	acc=0.3438	acc_avg=0.4489	loss=2.1344	loss_avg=2.1573	lr=0.0075	|gn|=3.9764	time=3.45it/s
2025-11-26 04:56:04,175 epoch=33	global_step=26900	acc=0.3125	acc_avg=0.4488	loss=2.0087	loss_avg=2.1601	lr=0.0075	|gn|=4.1537	time=3.45it/s
2025-11-26 04:56:37,295 epoch=33	global_step=27000	acc=0.4688	acc_avg=0.4468	loss=2.5245	loss_avg=2.1623	lr=0.0075	|gn|=4.6304	time=3.45it/s
2025-11-26 04:57:10,357 epoch=33	global_step=27100	acc=0.4375	acc_avg=0.4436	loss=2.1037	loss_avg=2.1694	lr=0.0075	|gn|=3.9200	time=3.45it/s
2025-11-26 04:57:43,553 epoch=33	global_step=27200	acc=0.3750	acc_avg=0.4459	loss=2.3421	loss_avg=2.1605	lr=0.0075	|gn|=4.6407	time=3.45it/s
2025-11-26 04:58:16,752 epoch=33	global_step=27300	acc=0.4062	acc_avg=0.4456	loss=2.5029	loss_avg=2.1674	lr=0.0075	|gn|=4.9798	time=3.45it/s
2025-11-26 04:58:49,938 epoch=33	global_step=27400	acc=0.5625	acc_avg=0.4464	loss=1.8273	loss_avg=2.1628	lr=0.0075	|gn|=4.0498	time=3.45it/s
2025-11-26 04:59:13,506 ====================Eval Epoch 33====================
2025-11-26 04:59:16,051 epoch=33	global_step=31	acc=0.2500	acc_avg=0.4480	acc5=0.7500	acc5_avg=0.7250	loss=2.5810	loss_avg=2.3949	time=77.85it/s
2025-11-26 04:59:16,051 Eval Loss:2.3949	Eval acc: 44.80
2025-11-26 04:59:16,051 
2025-11-26 04:59:16,052 ====================Training Epoch 34====================
2025-11-26 04:59:26,287 epoch=34	global_step=27500	acc=0.2500	acc_avg=0.4612	loss=2.7099	loss_avg=2.1061	lr=0.0074	|gn|=5.0985	time=3.45it/s
2025-11-26 04:59:59,457 epoch=34	global_step=27600	acc=0.5625	acc_avg=0.4661	loss=1.9842	loss_avg=2.1030	lr=0.0074	|gn|=4.7689	time=3.45it/s
2025-11-26 05:00:32,652 epoch=34	global_step=27700	acc=0.3750	acc_avg=0.4678	loss=2.2815	loss_avg=2.0986	lr=0.0074	|gn|=4.5559	time=3.45it/s
2025-11-26 05:01:05,771 epoch=34	global_step=27800	acc=0.4062	acc_avg=0.4647	loss=2.2600	loss_avg=2.1058	lr=0.0074	|gn|=4.7008	time=3.45it/s
2025-11-26 05:01:38,938 epoch=34	global_step=27900	acc=0.4062	acc_avg=0.4673	loss=2.4068	loss_avg=2.1037	lr=0.0074	|gn|=4.8390	time=3.45it/s
2025-11-26 05:02:12,066 epoch=34	global_step=28000	acc=0.3750	acc_avg=0.4644	loss=2.1819	loss_avg=2.1119	lr=0.0074	|gn|=4.1950	time=3.45it/s
2025-11-26 05:02:45,262 epoch=34	global_step=28100	acc=0.4688	acc_avg=0.4631	loss=2.1773	loss_avg=2.1163	lr=0.0074	|gn|=4.5838	time=3.45it/s
2025-11-26 05:03:18,386 epoch=34	global_step=28200	acc=0.5312	acc_avg=0.4624	loss=1.6626	loss_avg=2.1194	lr=0.0074	|gn|=3.6578	time=3.45it/s
2025-11-26 05:03:44,658 ====================Eval Epoch 34====================
2025-11-26 05:03:47,202 epoch=34	global_step=31	acc=0.2500	acc_avg=0.4880	acc5=0.6250	acc5_avg=0.7690	loss=2.5401	loss_avg=2.0104	time=78.09it/s
2025-11-26 05:03:47,202 Eval Loss:2.0104	Eval acc: 48.80
2025-11-26 05:03:47,202 
2025-11-26 05:03:47,203 ====================Training Epoch 35====================
2025-11-26 05:03:54,761 epoch=35	global_step=28300	acc=0.5312	acc_avg=0.4554	loss=1.7982	loss_avg=2.1273	lr=0.0073	|gn|=4.2517	time=3.45it/s
2025-11-26 05:04:27,889 epoch=35	global_step=28400	acc=0.3438	acc_avg=0.4646	loss=2.1620	loss_avg=2.0967	lr=0.0073	|gn|=4.7079	time=3.45it/s
2025-11-26 05:05:01,070 epoch=35	global_step=28500	acc=0.4062	acc_avg=0.4676	loss=2.2126	loss_avg=2.0875	lr=0.0073	|gn|=4.8543	time=3.45it/s
2025-11-26 05:05:34,203 epoch=35	global_step=28600	acc=0.4375	acc_avg=0.4635	loss=2.4968	loss_avg=2.0985	lr=0.0073	|gn|=4.4928	time=3.45it/s
2025-11-26 05:06:07,331 epoch=35	global_step=28700	acc=0.5312	acc_avg=0.4650	loss=1.6057	loss_avg=2.0914	lr=0.0073	|gn|=4.1072	time=3.45it/s
2025-11-26 05:06:40,475 epoch=35	global_step=28800	acc=0.5000	acc_avg=0.4659	loss=1.9219	loss_avg=2.0916	lr=0.0073	|gn|=3.8526	time=3.45it/s
2025-11-26 05:07:13,588 epoch=35	global_step=28900	acc=0.4062	acc_avg=0.4661	loss=2.2119	loss_avg=2.0924	lr=0.0073	|gn|=4.8710	time=3.45it/s
2025-11-26 05:07:46,722 epoch=35	global_step=29000	acc=0.5000	acc_avg=0.4663	loss=2.2355	loss_avg=2.0938	lr=0.0073	|gn|=4.3689	time=3.44it/s
2025-11-26 05:08:15,582 ====================Eval Epoch 35====================
2025-11-26 05:08:18,130 epoch=35	global_step=31	acc=0.1250	acc_avg=0.4780	acc5=0.8750	acc5_avg=0.7680	loss=2.7966	loss_avg=2.1182	time=78.05it/s
2025-11-26 05:08:18,130 Eval Loss:2.1182	Eval acc: 47.80
2025-11-26 05:08:18,131 
2025-11-26 05:08:18,131 ====================Training Epoch 36====================
2025-11-26 05:08:23,116 epoch=36	global_step=29100	acc=0.4375	acc_avg=0.4784	loss=2.0291	loss_avg=1.9931	lr=0.0071	|gn|=4.4985	time=3.45it/s
2025-11-26 05:08:56,287 epoch=36	global_step=29200	acc=0.5625	acc_avg=0.4748	loss=1.5712	loss_avg=2.0264	lr=0.0071	|gn|=3.7436	time=3.45it/s
2025-11-26 05:09:29,413 epoch=36	global_step=29300	acc=0.4688	acc_avg=0.4789	loss=2.2285	loss_avg=2.0403	lr=0.0071	|gn|=4.7326	time=3.45it/s
2025-11-26 05:10:02,569 epoch=36	global_step=29400	acc=0.5000	acc_avg=0.4754	loss=1.9492	loss_avg=2.0377	lr=0.0071	|gn|=4.5343	time=3.45it/s
2025-11-26 05:10:35,702 epoch=36	global_step=29500	acc=0.6875	acc_avg=0.4741	loss=1.4769	loss_avg=2.0341	lr=0.0071	|gn|=3.7727	time=3.45it/s
2025-11-26 05:11:08,821 epoch=36	global_step=29600	acc=0.5625	acc_avg=0.4726	loss=1.6517	loss_avg=2.0441	lr=0.0071	|gn|=4.0977	time=3.45it/s
2025-11-26 05:11:41,970 epoch=36	global_step=29700	acc=0.5000	acc_avg=0.4728	loss=2.1586	loss_avg=2.0386	lr=0.0071	|gn|=4.5164	time=3.44it/s
2025-11-26 05:12:15,113 epoch=36	global_step=29800	acc=0.3438	acc_avg=0.4750	loss=2.1710	loss_avg=2.0341	lr=0.0071	|gn|=4.8466	time=3.45it/s
2025-11-26 05:12:46,637 ====================Eval Epoch 36====================
2025-11-26 05:12:49,214 epoch=36	global_step=31	acc=0.2500	acc_avg=0.4880	acc5=1.0000	acc5_avg=0.7390	loss=2.2624	loss_avg=2.3466	time=78.07it/s
2025-11-26 05:12:49,214 Eval Loss:2.3466	Eval acc: 48.80
2025-11-26 05:12:49,215 
2025-11-26 05:12:49,215 ====================Training Epoch 37====================
2025-11-26 05:12:51,480 epoch=37	global_step=29900	acc=0.4062	acc_avg=0.4500	loss=1.9483	loss_avg=1.9910	lr=0.0070	|gn|=4.6360	time=3.45it/s
2025-11-26 05:13:24,581 epoch=37	global_step=30000	acc=0.5000	acc_avg=0.4789	loss=1.8947	loss_avg=2.0123	lr=0.0070	|gn|=4.4833	time=3.45it/s
2025-11-26 05:13:57,764 epoch=37	global_step=30100	acc=0.4688	acc_avg=0.4841	loss=1.7363	loss_avg=1.9916	lr=0.0070	|gn|=4.2680	time=3.45it/s
2025-11-26 05:14:30,899 epoch=37	global_step=30200	acc=0.5312	acc_avg=0.4821	loss=1.8132	loss_avg=2.0085	lr=0.0070	|gn|=4.0568	time=3.45it/s
2025-11-26 05:15:04,046 epoch=37	global_step=30300	acc=0.5000	acc_avg=0.4830	loss=2.1553	loss_avg=2.0021	lr=0.0070	|gn|=4.3400	time=3.45it/s
2025-11-26 05:15:37,167 epoch=37	global_step=30400	acc=0.5000	acc_avg=0.4832	loss=1.8642	loss_avg=1.9996	lr=0.0070	|gn|=4.3341	time=3.45it/s
2025-11-26 05:16:10,298 epoch=37	global_step=30500	acc=0.5938	acc_avg=0.4843	loss=1.4708	loss_avg=1.9965	lr=0.0070	|gn|=3.5164	time=3.45it/s
2025-11-26 05:16:43,382 epoch=37	global_step=30600	acc=0.5312	acc_avg=0.4823	loss=1.7254	loss_avg=2.0081	lr=0.0070	|gn|=3.7953	time=3.45it/s
2025-11-26 05:17:16,489 epoch=37	global_step=30700	acc=0.5938	acc_avg=0.4826	loss=1.7291	loss_avg=2.0085	lr=0.0070	|gn|=4.2977	time=3.45it/s
2025-11-26 05:17:17,538 ====================Eval Epoch 37====================
2025-11-26 05:17:20,103 epoch=37	global_step=31	acc=0.1250	acc_avg=0.5010	acc5=1.0000	acc5_avg=0.7830	loss=2.5196	loss_avg=2.0138	time=78.33it/s
2025-11-26 05:17:20,103 Eval Loss:2.0138	Eval acc: 50.10
2025-11-26 05:17:20,104 
2025-11-26 05:17:20,104 ====================Training Epoch 38====================
2025-11-26 05:17:52,858 epoch=38	global_step=30800	acc=0.6250	acc_avg=0.5035	loss=1.4638	loss_avg=1.9237	lr=0.0068	|gn|=4.0773	time=3.45it/s
2025-11-26 05:18:25,964 epoch=38	global_step=30900	acc=0.4375	acc_avg=0.5005	loss=2.4261	loss_avg=1.9277	lr=0.0068	|gn|=5.2438	time=3.45it/s
2025-11-26 05:18:59,085 epoch=38	global_step=31000	acc=0.4688	acc_avg=0.4996	loss=2.0591	loss_avg=1.9309	lr=0.0068	|gn|=5.0483	time=3.45it/s
2025-11-26 05:19:32,265 epoch=38	global_step=31100	acc=0.5000	acc_avg=0.5008	loss=1.7594	loss_avg=1.9352	lr=0.0068	|gn|=4.8715	time=3.45it/s
2025-11-26 05:20:05,367 epoch=38	global_step=31200	acc=0.5938	acc_avg=0.4982	loss=2.0024	loss_avg=1.9434	lr=0.0068	|gn|=5.2856	time=3.44it/s
2025-11-26 05:20:38,659 epoch=38	global_step=31300	acc=0.4688	acc_avg=0.4975	loss=2.0056	loss_avg=1.9523	lr=0.0068	|gn|=4.3706	time=3.45it/s
2025-11-26 05:21:11,764 epoch=38	global_step=31400	acc=0.5938	acc_avg=0.4967	loss=1.5303	loss_avg=1.9574	lr=0.0068	|gn|=4.1183	time=3.45it/s
2025-11-26 05:21:44,923 epoch=38	global_step=31500	acc=0.4375	acc_avg=0.4973	loss=2.1344	loss_avg=1.9599	lr=0.0068	|gn|=4.3014	time=3.45it/s
2025-11-26 05:21:48,643 ====================Eval Epoch 38====================
2025-11-26 05:21:51,176 epoch=38	global_step=31	acc=0.1250	acc_avg=0.5060	acc5=0.6250	acc5_avg=0.7620	loss=2.5301	loss_avg=2.3523	time=78.77it/s
2025-11-26 05:21:51,176 Eval Loss:2.3523	Eval acc: 50.60
2025-11-26 05:21:51,176 
2025-11-26 05:21:51,176 ====================Training Epoch 39====================
2025-11-26 05:22:21,250 epoch=39	global_step=31600	acc=0.4375	acc_avg=0.5056	loss=2.2643	loss_avg=1.9049	lr=0.0067	|gn|=4.6232	time=3.45it/s
2025-11-26 05:22:54,385 epoch=39	global_step=31700	acc=0.5625	acc_avg=0.5078	loss=1.8256	loss_avg=1.9471	lr=0.0067	|gn|=4.1552	time=3.45it/s
2025-11-26 05:23:27,515 epoch=39	global_step=31800	acc=0.3750	acc_avg=0.5142	loss=2.4675	loss_avg=1.9234	lr=0.0067	|gn|=6.1835	time=3.45it/s
2025-11-26 05:24:00,608 epoch=39	global_step=31900	acc=0.4375	acc_avg=0.5135	loss=1.9313	loss_avg=1.9238	lr=0.0067	|gn|=4.9108	time=3.45it/s
2025-11-26 05:24:33,794 epoch=39	global_step=32000	acc=0.4688	acc_avg=0.5081	loss=2.2937	loss_avg=1.9282	lr=0.0067	|gn|=5.0244	time=3.45it/s
2025-11-26 05:25:06,895 epoch=39	global_step=32100	acc=0.5625	acc_avg=0.5091	loss=1.5385	loss_avg=1.9201	lr=0.0067	|gn|=4.1282	time=3.45it/s
2025-11-26 05:25:39,989 epoch=39	global_step=32200	acc=0.3438	acc_avg=0.5076	loss=2.7736	loss_avg=1.9218	lr=0.0067	|gn|=6.3097	time=3.45it/s
2025-11-26 05:26:13,132 epoch=39	global_step=32300	acc=0.4375	acc_avg=0.5055	loss=2.0142	loss_avg=1.9233	lr=0.0067	|gn|=4.6577	time=3.45it/s
2025-11-26 05:26:19,468 ====================Eval Epoch 39====================
2025-11-26 05:26:21,995 epoch=39	global_step=31	acc=0.5000	acc_avg=0.4960	acc5=1.0000	acc5_avg=0.7450	loss=1.9699	loss_avg=2.3561	time=78.21it/s
2025-11-26 05:26:21,995 Eval Loss:2.3561	Eval acc: 49.60
2025-11-26 05:26:21,996 
2025-11-26 05:26:21,996 ====================Training Epoch 40====================
2025-11-26 05:26:49,435 epoch=40	global_step=32400	acc=0.4062	acc_avg=0.5193	loss=2.2355	loss_avg=1.8547	lr=0.0065	|gn|=4.6917	time=3.45it/s
2025-11-26 05:27:22,524 epoch=40	global_step=32500	acc=0.6562	acc_avg=0.5147	loss=1.6111	loss_avg=1.8850	lr=0.0065	|gn|=3.9726	time=3.45it/s
2025-11-26 05:27:55,607 epoch=40	global_step=32600	acc=0.4375	acc_avg=0.5159	loss=2.2860	loss_avg=1.8924	lr=0.0065	|gn|=5.1914	time=3.45it/s
2025-11-26 05:28:28,731 epoch=40	global_step=32700	acc=0.5312	acc_avg=0.5107	loss=1.8004	loss_avg=1.9071	lr=0.0065	|gn|=3.7787	time=3.45it/s
2025-11-26 05:29:01,787 epoch=40	global_step=32800	acc=0.3750	acc_avg=0.5116	loss=2.0800	loss_avg=1.8973	lr=0.0065	|gn|=4.8075	time=3.45it/s
2025-11-26 05:29:34,882 epoch=40	global_step=32900	acc=0.4375	acc_avg=0.5119	loss=1.9531	loss_avg=1.8949	lr=0.0065	|gn|=4.6204	time=3.45it/s
2025-11-26 05:30:07,948 epoch=40	global_step=33000	acc=0.5625	acc_avg=0.5125	loss=1.9615	loss_avg=1.8927	lr=0.0065	|gn|=4.4179	time=3.45it/s
2025-11-26 05:30:41,068 epoch=40	global_step=33100	acc=0.5000	acc_avg=0.5133	loss=1.8958	loss_avg=1.8886	lr=0.0065	|gn|=4.7058	time=3.45it/s
2025-11-26 05:30:50,077 ====================Eval Epoch 40====================
2025-11-26 05:30:52,640 epoch=40	global_step=31	acc=0.1250	acc_avg=0.5020	acc5=0.6250	acc5_avg=0.7480	loss=3.3982	loss_avg=2.2879	time=78.36it/s
2025-11-26 05:30:52,640 Eval Loss:2.2879	Eval acc: 50.20
2025-11-26 05:30:52,641 
2025-11-26 05:30:52,641 ====================Training Epoch 41====================
2025-11-26 05:31:17,409 epoch=41	global_step=33200	acc=0.5000	acc_avg=0.5402	loss=1.9095	loss_avg=1.8121	lr=0.0064	|gn|=4.8470	time=3.45it/s
2025-11-26 05:31:50,557 epoch=41	global_step=33300	acc=0.5312	acc_avg=0.5296	loss=1.5453	loss_avg=1.8170	lr=0.0064	|gn|=3.6706	time=3.45it/s
2025-11-26 05:32:23,716 epoch=41	global_step=33400	acc=0.5625	acc_avg=0.5300	loss=1.7085	loss_avg=1.8189	lr=0.0064	|gn|=4.7854	time=3.45it/s
2025-11-26 05:32:56,865 epoch=41	global_step=33500	acc=0.6562	acc_avg=0.5261	loss=1.1762	loss_avg=1.8198	lr=0.0064	|gn|=4.1179	time=3.45it/s
2025-11-26 05:33:29,980 epoch=41	global_step=33600	acc=0.4688	acc_avg=0.5231	loss=1.8941	loss_avg=1.8354	lr=0.0064	|gn|=5.0924	time=3.45it/s
2025-11-26 05:34:03,086 epoch=41	global_step=33700	acc=0.5625	acc_avg=0.5229	loss=1.6376	loss_avg=1.8396	lr=0.0064	|gn|=4.2459	time=3.45it/s
2025-11-26 05:34:36,215 epoch=41	global_step=33800	acc=0.5625	acc_avg=0.5228	loss=1.6232	loss_avg=1.8416	lr=0.0064	|gn|=4.7999	time=3.45it/s
2025-11-26 05:35:09,291 epoch=41	global_step=33900	acc=0.5312	acc_avg=0.5217	loss=1.7950	loss_avg=1.8482	lr=0.0064	|gn|=4.8321	time=3.45it/s
2025-11-26 05:35:20,931 ====================Eval Epoch 41====================
2025-11-26 05:35:23,431 epoch=41	global_step=31	acc=0.2500	acc_avg=0.5180	acc5=0.8750	acc5_avg=0.7800	loss=2.2030	loss_avg=1.9643	time=78.28it/s
2025-11-26 05:35:23,431 Eval Loss:1.9643	Eval acc: 51.80
2025-11-26 05:35:23,432 
2025-11-26 05:35:23,432 ====================Training Epoch 42====================
2025-11-26 05:35:45,549 epoch=42	global_step=34000	acc=0.6250	acc_avg=0.5437	loss=1.7866	loss_avg=1.7491	lr=0.0062	|gn|=4.8355	time=3.45it/s
2025-11-26 05:36:18,728 epoch=42	global_step=34100	acc=0.6250	acc_avg=0.5345	loss=1.6268	loss_avg=1.8064	lr=0.0062	|gn|=4.1660	time=3.45it/s
2025-11-26 05:36:51,866 epoch=42	global_step=34200	acc=0.3750	acc_avg=0.5290	loss=1.9127	loss_avg=1.8266	lr=0.0062	|gn|=4.9278	time=3.45it/s
2025-11-26 05:37:25,027 epoch=42	global_step=34300	acc=0.2812	acc_avg=0.5287	loss=2.9485	loss_avg=1.8264	lr=0.0062	|gn|=6.4728	time=3.45it/s
2025-11-26 05:37:58,139 epoch=42	global_step=34400	acc=0.4375	acc_avg=0.5294	loss=2.0383	loss_avg=1.8181	lr=0.0062	|gn|=5.0751	time=3.45it/s
2025-11-26 05:38:31,259 epoch=42	global_step=34500	acc=0.5312	acc_avg=0.5277	loss=1.7586	loss_avg=1.8266	lr=0.0062	|gn|=4.4427	time=3.45it/s
2025-11-26 05:39:04,441 epoch=42	global_step=34600	acc=0.5625	acc_avg=0.5266	loss=1.5227	loss_avg=1.8295	lr=0.0062	|gn|=4.5362	time=3.45it/s
2025-11-26 05:39:37,530 epoch=42	global_step=34700	acc=0.3750	acc_avg=0.5270	loss=1.8544	loss_avg=1.8279	lr=0.0062	|gn|=5.0734	time=3.45it/s
2025-11-26 05:39:51,809 ====================Eval Epoch 42====================
2025-11-26 05:39:54,332 epoch=42	global_step=31	acc=0.2500	acc_avg=0.5350	acc5=0.7500	acc5_avg=0.7780	loss=2.2913	loss_avg=2.7489	time=78.23it/s
2025-11-26 05:39:54,333 Eval Loss:2.7489	Eval acc: 53.50
2025-11-26 05:39:54,333 
2025-11-26 05:39:54,333 ====================Training Epoch 43====================
2025-11-26 05:40:13,803 epoch=43	global_step=34800	acc=0.6875	acc_avg=0.5570	loss=1.3717	loss_avg=1.7337	lr=0.0061	|gn|=4.3213	time=3.45it/s
2025-11-26 05:40:47,087 epoch=43	global_step=34900	acc=0.4375	acc_avg=0.5504	loss=2.1355	loss_avg=1.7566	lr=0.0061	|gn|=5.1573	time=3.45it/s
2025-11-26 05:41:20,250 epoch=43	global_step=35000	acc=0.5312	acc_avg=0.5423	loss=1.4789	loss_avg=1.7689	lr=0.0061	|gn|=3.7075	time=3.45it/s
2025-11-26 05:41:53,309 epoch=43	global_step=35100	acc=0.5312	acc_avg=0.5400	loss=1.8062	loss_avg=1.7843	lr=0.0061	|gn|=4.5608	time=3.45it/s
2025-11-26 05:42:26,418 epoch=43	global_step=35200	acc=0.3750	acc_avg=0.5386	loss=2.3912	loss_avg=1.7907	lr=0.0061	|gn|=6.5058	time=3.45it/s
2025-11-26 05:42:59,486 epoch=43	global_step=35300	acc=0.7188	acc_avg=0.5351	loss=1.6253	loss_avg=1.7951	lr=0.0061	|gn|=4.3956	time=3.45it/s
2025-11-26 05:43:32,549 epoch=43	global_step=35400	acc=0.4375	acc_avg=0.5350	loss=2.3643	loss_avg=1.7960	lr=0.0061	|gn|=5.0252	time=3.45it/s
2025-11-26 05:44:05,644 epoch=43	global_step=35500	acc=0.4688	acc_avg=0.5351	loss=1.7357	loss_avg=1.7954	lr=0.0061	|gn|=5.4373	time=3.45it/s
2025-11-26 05:44:22,548 ====================Eval Epoch 43====================
2025-11-26 05:44:25,094 epoch=43	global_step=31	acc=0.2500	acc_avg=0.5330	acc5=1.0000	acc5_avg=0.7830	loss=1.7428	loss_avg=2.2625	time=78.18it/s
2025-11-26 05:44:25,095 Eval Loss:2.2625	Eval acc: 53.30
2025-11-26 05:44:25,095 
2025-11-26 05:44:25,095 ====================Training Epoch 44====================
2025-11-26 05:44:41,939 epoch=44	global_step=35600	acc=0.5625	acc_avg=0.5325	loss=1.4885	loss_avg=1.7755	lr=0.0059	|gn|=4.9517	time=3.45it/s
2025-11-26 05:45:15,013 epoch=44	global_step=35700	acc=0.7188	acc_avg=0.5417	loss=1.1254	loss_avg=1.7503	lr=0.0059	|gn|=4.0382	time=3.45it/s
2025-11-26 05:45:48,205 epoch=44	global_step=35800	acc=0.4062	acc_avg=0.5452	loss=1.8877	loss_avg=1.7442	lr=0.0059	|gn|=5.7983	time=3.45it/s
2025-11-26 05:46:21,324 epoch=44	global_step=35900	acc=0.6250	acc_avg=0.5408	loss=1.5965	loss_avg=1.7545	lr=0.0059	|gn|=4.7707	time=3.45it/s
2025-11-26 05:46:54,487 epoch=44	global_step=36000	acc=0.4688	acc_avg=0.5427	loss=2.1660	loss_avg=1.7534	lr=0.0059	|gn|=6.5527	time=3.45it/s
2025-11-26 05:47:27,635 epoch=44	global_step=36100	acc=0.6562	acc_avg=0.5462	loss=1.3418	loss_avg=1.7452	lr=0.0059	|gn|=4.9752	time=3.45it/s
2025-11-26 05:48:00,846 epoch=44	global_step=36200	acc=0.5625	acc_avg=0.5461	loss=1.5179	loss_avg=1.7434	lr=0.0059	|gn|=4.7728	time=3.45it/s
2025-11-26 05:48:33,947 epoch=44	global_step=36300	acc=0.5000	acc_avg=0.5461	loss=1.9046	loss_avg=1.7472	lr=0.0059	|gn|=5.0667	time=3.45it/s
2025-11-26 05:48:53,524 ====================Eval Epoch 44====================
2025-11-26 05:48:56,071 epoch=44	global_step=31	acc=0.2500	acc_avg=0.5340	acc5=0.8750	acc5_avg=0.7760	loss=2.1703	loss_avg=1.9760	time=78.13it/s
2025-11-26 05:48:56,071 Eval Loss:1.9760	Eval acc: 53.40
2025-11-26 05:48:56,072 
2025-11-26 05:48:56,072 ====================Training Epoch 45====================
2025-11-26 05:49:10,253 epoch=45	global_step=36400	acc=0.6250	acc_avg=0.5526	loss=1.4784	loss_avg=1.7182	lr=0.0058	|gn|=4.2095	time=3.45it/s
2025-11-26 05:49:43,347 epoch=45	global_step=36500	acc=0.3750	acc_avg=0.5590	loss=1.7865	loss_avg=1.6841	lr=0.0058	|gn|=5.1795	time=3.45it/s
2025-11-26 05:50:16,462 epoch=45	global_step=36600	acc=0.6250	acc_avg=0.5600	loss=1.6542	loss_avg=1.6854	lr=0.0058	|gn|=5.0109	time=3.45it/s
2025-11-26 05:50:49,593 epoch=45	global_step=36700	acc=0.6562	acc_avg=0.5569	loss=1.0960	loss_avg=1.7072	lr=0.0058	|gn|=4.9726	time=3.45it/s
2025-11-26 05:51:22,711 epoch=45	global_step=36800	acc=0.4688	acc_avg=0.5567	loss=2.0310	loss_avg=1.7050	lr=0.0058	|gn|=6.6154	time=3.45it/s
2025-11-26 05:51:55,808 epoch=45	global_step=36900	acc=0.5625	acc_avg=0.5555	loss=1.4667	loss_avg=1.7077	lr=0.0058	|gn|=4.4506	time=3.45it/s
2025-11-26 05:52:28,983 epoch=45	global_step=37000	acc=0.5312	acc_avg=0.5560	loss=1.8043	loss_avg=1.7033	lr=0.0058	|gn|=4.5983	time=3.45it/s
2025-11-26 05:53:02,177 epoch=45	global_step=37100	acc=0.5938	acc_avg=0.5541	loss=1.3998	loss_avg=1.7082	lr=0.0058	|gn|=4.4456	time=3.45it/s
2025-11-26 05:53:24,496 ====================Eval Epoch 45====================
2025-11-26 05:53:27,004 epoch=45	global_step=31	acc=0.2500	acc_avg=0.5370	acc5=1.0000	acc5_avg=0.7930	loss=1.9511	loss_avg=2.1422	time=78.25it/s
2025-11-26 05:53:27,004 Eval Loss:2.1422	Eval acc: 53.70
2025-11-26 05:53:27,005 
2025-11-26 05:53:27,005 ====================Training Epoch 46====================
2025-11-26 05:53:38,599 epoch=46	global_step=37200	acc=0.5938	acc_avg=0.5900	loss=1.8892	loss_avg=1.6193	lr=0.0056	|gn|=5.3761	time=3.45it/s
2025-11-26 05:54:11,864 epoch=46	global_step=37300	acc=0.6562	acc_avg=0.5747	loss=1.2605	loss_avg=1.6299	lr=0.0056	|gn|=4.0681	time=3.45it/s
2025-11-26 05:54:45,227 epoch=46	global_step=37400	acc=0.5625	acc_avg=0.5714	loss=1.4943	loss_avg=1.6371	lr=0.0056	|gn|=4.7266	time=3.45it/s
2025-11-26 05:55:18,655 epoch=46	global_step=37500	acc=0.4375	acc_avg=0.5694	loss=1.7229	loss_avg=1.6423	lr=0.0056	|gn|=5.2039	time=3.45it/s
2025-11-26 05:55:51,976 epoch=46	global_step=37600	acc=0.4062	acc_avg=0.5689	loss=1.9292	loss_avg=1.6496	lr=0.0056	|gn|=5.4174	time=3.45it/s
2025-11-26 05:56:25,397 epoch=46	global_step=37700	acc=0.4062	acc_avg=0.5689	loss=1.7179	loss_avg=1.6585	lr=0.0056	|gn|=5.4426	time=3.44it/s
2025-11-26 05:56:58,706 epoch=46	global_step=37800	acc=0.5938	acc_avg=0.5674	loss=1.3131	loss_avg=1.6695	lr=0.0056	|gn|=4.7103	time=3.45it/s
2025-11-26 05:57:31,960 epoch=46	global_step=37900	acc=0.4062	acc_avg=0.5653	loss=2.0116	loss_avg=1.6749	lr=0.0056	|gn|=5.6798	time=3.45it/s
2025-11-26 05:57:56,925 ====================Eval Epoch 46====================
2025-11-26 05:57:59,476 epoch=46	global_step=31	acc=0.6250	acc_avg=0.5490	acc5=0.8750	acc5_avg=0.7770	loss=1.4535	loss_avg=2.7086	time=77.84it/s
2025-11-26 05:57:59,476 Eval Loss:2.7086	Eval acc: 54.90
2025-11-26 05:57:59,477 
2025-11-26 05:57:59,477 ====================Training Epoch 47====================
2025-11-26 05:58:08,440 epoch=47	global_step=38000	acc=0.6250	acc_avg=0.5962	loss=1.5104	loss_avg=1.5565	lr=0.0055	|gn|=4.4656	time=3.45it/s
2025-11-26 05:58:41,680 epoch=47	global_step=38100	acc=0.6562	acc_avg=0.5845	loss=1.2274	loss_avg=1.5749	lr=0.0055	|gn|=4.2781	time=3.45it/s
2025-11-26 05:59:14,962 epoch=47	global_step=38200	acc=0.6250	acc_avg=0.5813	loss=1.4664	loss_avg=1.6040	lr=0.0055	|gn|=5.1915	time=3.45it/s
2025-11-26 05:59:48,178 epoch=47	global_step=38300	acc=0.5000	acc_avg=0.5767	loss=1.5907	loss_avg=1.6126	lr=0.0055	|gn|=5.3687	time=3.45it/s
2025-11-26 06:00:21,480 epoch=47	global_step=38400	acc=0.4062	acc_avg=0.5758	loss=2.0170	loss_avg=1.6207	lr=0.0055	|gn|=6.5455	time=3.45it/s
2025-11-26 06:00:54,775 epoch=47	global_step=38500	acc=0.5312	acc_avg=0.5732	loss=1.5605	loss_avg=1.6258	lr=0.0055	|gn|=5.6657	time=3.45it/s
2025-11-26 06:01:28,048 epoch=47	global_step=38600	acc=0.6875	acc_avg=0.5715	loss=1.2977	loss_avg=1.6350	lr=0.0055	|gn|=4.7024	time=3.45it/s
2025-11-26 06:02:01,223 epoch=47	global_step=38700	acc=0.6250	acc_avg=0.5707	loss=1.9305	loss_avg=1.6401	lr=0.0055	|gn|=5.7213	time=3.45it/s
2025-11-26 06:02:28,810 ====================Eval Epoch 47====================
2025-11-26 06:02:31,373 epoch=47	global_step=31	acc=0.3750	acc_avg=0.5420	acc5=1.0000	acc5_avg=0.7640	loss=1.2965	loss_avg=2.2686	time=77.89it/s
2025-11-26 06:02:31,373 Eval Loss:2.2686	Eval acc: 54.20
2025-11-26 06:02:31,374 
2025-11-26 06:02:31,375 ====================Training Epoch 48====================
2025-11-26 06:02:37,633 epoch=48	global_step=38800	acc=0.5312	acc_avg=0.6011	loss=1.6421	loss_avg=1.4893	lr=0.0053	|gn|=5.2798	time=3.45it/s
2025-11-26 06:03:10,847 epoch=48	global_step=38900	acc=0.5938	acc_avg=0.5823	loss=1.2898	loss_avg=1.5826	lr=0.0053	|gn|=4.5019	time=3.45it/s
2025-11-26 06:03:44,105 epoch=48	global_step=39000	acc=0.5625	acc_avg=0.5772	loss=1.8539	loss_avg=1.6082	lr=0.0053	|gn|=5.2058	time=3.45it/s
2025-11-26 06:04:17,305 epoch=48	global_step=39100	acc=0.7188	acc_avg=0.5812	loss=1.4277	loss_avg=1.5959	lr=0.0053	|gn|=5.3449	time=3.45it/s
2025-11-26 06:04:50,544 epoch=48	global_step=39200	acc=0.4062	acc_avg=0.5808	loss=2.1504	loss_avg=1.6044	lr=0.0053	|gn|=5.7294	time=3.45it/s
2025-11-26 06:05:23,694 epoch=48	global_step=39300	acc=0.5000	acc_avg=0.5812	loss=1.8585	loss_avg=1.6067	lr=0.0053	|gn|=5.1681	time=3.45it/s
2025-11-26 06:05:56,902 epoch=48	global_step=39400	acc=0.6250	acc_avg=0.5792	loss=1.3352	loss_avg=1.6100	lr=0.0053	|gn|=4.8727	time=3.45it/s
2025-11-26 06:06:30,086 epoch=48	global_step=39500	acc=0.5625	acc_avg=0.5796	loss=1.6904	loss_avg=1.6071	lr=0.0053	|gn|=5.3512	time=3.45it/s
2025-11-26 06:07:00,496 ====================Eval Epoch 48====================
2025-11-26 06:07:02,996 epoch=48	global_step=31	acc=0.2500	acc_avg=0.5550	acc5=0.6250	acc5_avg=0.7860	loss=2.4067	loss_avg=2.0416	time=78.13it/s
2025-11-26 06:07:02,996 Eval Loss:2.0416	Eval acc: 55.50
2025-11-26 06:07:02,997 
2025-11-26 06:07:02,997 ====================Training Epoch 49====================
2025-11-26 06:07:06,605 epoch=49	global_step=39600	acc=0.5938	acc_avg=0.5833	loss=1.6782	loss_avg=1.5600	lr=0.0052	|gn|=5.7009	time=3.45it/s
2025-11-26 06:07:39,895 epoch=49	global_step=39700	acc=0.5938	acc_avg=0.5969	loss=1.4445	loss_avg=1.4989	lr=0.0052	|gn|=5.5400	time=3.45it/s
2025-11-26 06:08:13,079 epoch=49	global_step=39800	acc=0.5625	acc_avg=0.5933	loss=1.9259	loss_avg=1.5329	lr=0.0052	|gn|=5.7281	time=3.45it/s
2025-11-26 06:08:46,224 epoch=49	global_step=39900	acc=0.4375	acc_avg=0.5888	loss=1.9260	loss_avg=1.5385	lr=0.0052	|gn|=6.3491	time=3.45it/s
2025-11-26 06:09:19,367 epoch=49	global_step=40000	acc=0.6250	acc_avg=0.5834	loss=1.4185	loss_avg=1.5614	lr=0.0052	|gn|=4.8542	time=3.45it/s
2025-11-26 06:09:52,527 epoch=49	global_step=40100	acc=0.5625	acc_avg=0.5814	loss=1.8624	loss_avg=1.5733	lr=0.0052	|gn|=6.1920	time=3.45it/s
2025-11-26 06:10:25,830 epoch=49	global_step=40200	acc=0.6250	acc_avg=0.5819	loss=1.6469	loss_avg=1.5758	lr=0.0052	|gn|=5.7131	time=3.45it/s
2025-11-26 06:10:58,998 epoch=49	global_step=40300	acc=0.5312	acc_avg=0.5822	loss=2.1362	loss_avg=1.5800	lr=0.0052	|gn|=5.7994	time=3.45it/s
2025-11-26 06:11:31,926 ====================Eval Epoch 49====================
2025-11-26 06:11:34,467 epoch=49	global_step=31	acc=0.3750	acc_avg=0.5660	acc5=1.0000	acc5_avg=0.7940	loss=1.6410	loss_avg=4.3759	time=78.19it/s
2025-11-26 06:11:34,467 Eval Loss:4.3759	Eval acc: 56.60
2025-11-26 06:11:34,468 
2025-11-26 06:11:34,468 ====================Training Epoch 50====================
2025-11-26 06:11:35,459 epoch=50	global_step=40400	acc=0.4688	acc_avg=0.4688	loss=1.5934	loss_avg=1.5934	lr=0.0050	|gn|=5.4527	time=3.44it/s
2025-11-26 06:12:08,628 epoch=50	global_step=40500	acc=0.5625	acc_avg=0.6002	loss=1.7599	loss_avg=1.5362	lr=0.0050	|gn|=5.5252	time=3.45it/s
2025-11-26 06:12:41,871 epoch=50	global_step=40600	acc=0.6250	acc_avg=0.5908	loss=1.3238	loss_avg=1.5435	lr=0.0050	|gn|=4.6059	time=3.45it/s
2025-11-26 06:13:14,991 epoch=50	global_step=40700	acc=0.5625	acc_avg=0.5869	loss=1.3412	loss_avg=1.5526	lr=0.0050	|gn|=4.5735	time=3.45it/s
2025-11-26 06:13:48,204 epoch=50	global_step=40800	acc=0.5312	acc_avg=0.5852	loss=1.6975	loss_avg=1.5630	lr=0.0050	|gn|=6.5411	time=3.45it/s
2025-11-26 06:14:21,433 epoch=50	global_step=40900	acc=0.6250	acc_avg=0.5865	loss=1.5862	loss_avg=1.5616	lr=0.0050	|gn|=5.5032	time=3.45it/s
2025-11-26 06:14:54,751 epoch=50	global_step=41000	acc=0.6562	acc_avg=0.5852	loss=1.1305	loss_avg=1.5617	lr=0.0050	|gn|=4.0369	time=3.45it/s
2025-11-26 06:15:27,857 epoch=50	global_step=41100	acc=0.8125	acc_avg=0.5875	loss=1.0260	loss_avg=1.5578	lr=0.0050	|gn|=4.0907	time=3.45it/s
2025-11-26 06:16:01,016 epoch=50	global_step=41200	acc=0.6562	acc_avg=0.5877	loss=1.4465	loss_avg=1.5601	lr=0.0050	|gn|=4.2654	time=3.45it/s
2025-11-26 06:16:03,387 ====================Eval Epoch 50====================
2025-11-26 06:16:05,923 epoch=50	global_step=31	acc=0.3750	acc_avg=0.5670	acc5=0.7500	acc5_avg=0.7850	loss=1.8619	loss_avg=1.8849	time=78.25it/s
2025-11-26 06:16:05,924 Eval Loss:1.8849	Eval acc: 56.70
2025-11-26 06:16:05,924 
2025-11-26 06:16:05,924 ====================Training Epoch 51====================
2025-11-26 06:16:37,321 epoch=51	global_step=41300	acc=0.5625	acc_avg=0.6065	loss=1.5079	loss_avg=1.4828	lr=0.0048	|gn|=4.4637	time=3.45it/s
2025-11-26 06:17:10,444 epoch=51	global_step=41400	acc=0.5625	acc_avg=0.5993	loss=1.4829	loss_avg=1.5084	lr=0.0048	|gn|=5.5723	time=3.45it/s
2025-11-26 06:17:43,712 epoch=51	global_step=41500	acc=0.6250	acc_avg=0.6009	loss=1.6417	loss_avg=1.4966	lr=0.0048	|gn|=6.4069	time=3.45it/s
2025-11-26 06:18:16,931 epoch=51	global_step=41600	acc=0.6250	acc_avg=0.6007	loss=1.4542	loss_avg=1.4992	lr=0.0048	|gn|=4.9874	time=3.45it/s
2025-11-26 06:18:50,159 epoch=51	global_step=41700	acc=0.5625	acc_avg=0.5998	loss=1.7411	loss_avg=1.5093	lr=0.0048	|gn|=5.4728	time=3.45it/s
2025-11-26 06:19:23,314 epoch=51	global_step=41800	acc=0.5938	acc_avg=0.6011	loss=1.6251	loss_avg=1.5058	lr=0.0048	|gn|=5.5075	time=3.45it/s
2025-11-26 06:19:56,382 epoch=51	global_step=41900	acc=0.5938	acc_avg=0.6024	loss=1.4791	loss_avg=1.5092	lr=0.0048	|gn|=5.6777	time=3.45it/s
2025-11-26 06:20:29,540 epoch=51	global_step=42000	acc=0.4375	acc_avg=0.5994	loss=2.0093	loss_avg=1.5224	lr=0.0048	|gn|=6.0745	time=3.45it/s
2025-11-26 06:20:34,571 ====================Eval Epoch 51====================
2025-11-26 06:20:37,128 epoch=51	global_step=31	acc=0.5000	acc_avg=0.5570	acc5=0.8750	acc5_avg=0.8050	loss=1.3555	loss_avg=1.9922	time=78.35it/s
2025-11-26 06:20:37,129 Eval Loss:1.9922	Eval acc: 55.70
2025-11-26 06:20:37,129 
2025-11-26 06:20:37,129 ====================Training Epoch 52====================
2025-11-26 06:21:05,965 epoch=52	global_step=42100	acc=0.6250	acc_avg=0.6059	loss=1.1786	loss_avg=1.4611	lr=0.0047	|gn|=4.5269	time=3.45it/s
2025-11-26 06:21:39,198 epoch=52	global_step=42200	acc=0.6875	acc_avg=0.6035	loss=1.2001	loss_avg=1.4790	lr=0.0047	|gn|=4.5851	time=3.45it/s
2025-11-26 06:22:12,509 epoch=52	global_step=42300	acc=0.5625	acc_avg=0.6050	loss=1.6578	loss_avg=1.4761	lr=0.0047	|gn|=5.2395	time=3.45it/s
2025-11-26 06:22:45,796 epoch=52	global_step=42400	acc=0.6875	acc_avg=0.6024	loss=1.1610	loss_avg=1.4849	lr=0.0047	|gn|=5.0319	time=3.45it/s
2025-11-26 06:23:19,040 epoch=52	global_step=42500	acc=0.5312	acc_avg=0.6006	loss=1.8194	loss_avg=1.4958	lr=0.0047	|gn|=5.8775	time=3.45it/s
2025-11-26 06:23:52,261 epoch=52	global_step=42600	acc=0.6250	acc_avg=0.6009	loss=1.4952	loss_avg=1.5016	lr=0.0047	|gn|=6.2055	time=3.45it/s
2025-11-26 06:24:25,445 epoch=52	global_step=42700	acc=0.4062	acc_avg=0.5989	loss=1.8304	loss_avg=1.5082	lr=0.0047	|gn|=5.9605	time=3.45it/s
2025-11-26 06:24:58,680 epoch=52	global_step=42800	acc=0.6250	acc_avg=0.5990	loss=1.2682	loss_avg=1.5083	lr=0.0047	|gn|=5.2912	time=3.44it/s
2025-11-26 06:25:06,354 ====================Eval Epoch 52====================
2025-11-26 06:25:08,886 epoch=52	global_step=31	acc=0.2500	acc_avg=0.5570	acc5=1.0000	acc5_avg=0.7960	loss=1.4509	loss_avg=3.7508	time=78.53it/s
2025-11-26 06:25:08,886 Eval Loss:3.7508	Eval acc: 55.70
2025-11-26 06:25:08,887 
2025-11-26 06:25:08,887 ====================Training Epoch 53====================
2025-11-26 06:25:35,017 epoch=53	global_step=42900	acc=0.7188	acc_avg=0.6120	loss=1.2082	loss_avg=1.4482	lr=0.0045	|gn|=5.1850	time=3.45it/s
2025-11-26 06:26:08,098 epoch=53	global_step=43000	acc=0.5938	acc_avg=0.6107	loss=1.4698	loss_avg=1.4414	lr=0.0045	|gn|=5.6804	time=3.45it/s
2025-11-26 06:26:41,189 epoch=53	global_step=43100	acc=0.6875	acc_avg=0.6115	loss=1.1621	loss_avg=1.4548	lr=0.0045	|gn|=4.6739	time=3.45it/s
2025-11-26 06:27:14,230 epoch=53	global_step=43200	acc=0.5938	acc_avg=0.6146	loss=1.4965	loss_avg=1.4491	lr=0.0045	|gn|=4.8637	time=3.45it/s
2025-11-26 06:27:47,291 epoch=53	global_step=43300	acc=0.5312	acc_avg=0.6144	loss=1.5099	loss_avg=1.4543	lr=0.0045	|gn|=6.5496	time=3.45it/s
2025-11-26 06:28:20,328 epoch=53	global_step=43400	acc=0.5312	acc_avg=0.6149	loss=1.7390	loss_avg=1.4530	lr=0.0045	|gn|=5.5788	time=3.45it/s
2025-11-26 06:28:53,362 epoch=53	global_step=43500	acc=0.6562	acc_avg=0.6144	loss=1.3684	loss_avg=1.4556	lr=0.0045	|gn|=5.7272	time=3.45it/s
2025-11-26 06:29:26,650 epoch=53	global_step=43600	acc=0.6562	acc_avg=0.6136	loss=1.7256	loss_avg=1.4590	lr=0.0045	|gn|=5.9700	time=3.45it/s
2025-11-26 06:29:36,934 ====================Eval Epoch 53====================
2025-11-26 06:29:39,468 epoch=53	global_step=31	acc=0.2500	acc_avg=0.5580	acc5=1.0000	acc5_avg=0.8080	loss=2.1036	loss_avg=1.9848	time=78.40it/s
2025-11-26 06:29:39,468 Eval Loss:1.9848	Eval acc: 55.80
2025-11-26 06:29:39,469 
2025-11-26 06:29:39,469 ====================Training Epoch 54====================
2025-11-26 06:30:02,882 epoch=54	global_step=43700	acc=0.7188	acc_avg=0.6069	loss=1.1363	loss_avg=1.4605	lr=0.0044	|gn|=5.7869	time=3.45it/s
2025-11-26 06:30:35,975 epoch=54	global_step=43800	acc=0.6875	acc_avg=0.6130	loss=1.2189	loss_avg=1.4479	lr=0.0044	|gn|=4.6508	time=3.45it/s
2025-11-26 06:31:09,181 epoch=54	global_step=43900	acc=0.5938	acc_avg=0.6213	loss=1.2568	loss_avg=1.4194	lr=0.0044	|gn|=5.3834	time=3.45it/s
2025-11-26 06:31:42,347 epoch=54	global_step=44000	acc=0.6250	acc_avg=0.6218	loss=1.5749	loss_avg=1.4309	lr=0.0044	|gn|=5.2730	time=3.45it/s
2025-11-26 06:32:15,422 epoch=54	global_step=44100	acc=0.6875	acc_avg=0.6229	loss=1.3496	loss_avg=1.4254	lr=0.0044	|gn|=4.6029	time=3.45it/s
2025-11-26 06:32:48,441 epoch=54	global_step=44200	acc=0.6875	acc_avg=0.6229	loss=0.9745	loss_avg=1.4267	lr=0.0044	|gn|=4.8055	time=3.44it/s
2025-11-26 06:33:21,515 epoch=54	global_step=44300	acc=0.5625	acc_avg=0.6226	loss=1.4222	loss_avg=1.4268	lr=0.0044	|gn|=5.1996	time=3.45it/s
2025-11-26 06:33:54,568 epoch=54	global_step=44400	acc=0.6562	acc_avg=0.6204	loss=1.5641	loss_avg=1.4326	lr=0.0044	|gn|=5.6865	time=3.45it/s
2025-11-26 06:34:07,564 ====================Eval Epoch 54====================
2025-11-26 06:34:10,135 epoch=54	global_step=31	acc=0.5000	acc_avg=0.5780	acc5=0.8750	acc5_avg=0.8050	loss=1.4541	loss_avg=2.2032	time=78.17it/s
2025-11-26 06:34:10,136 Eval Loss:2.2032	Eval acc: 57.80
2025-11-26 06:34:10,136 
2025-11-26 06:34:10,136 ====================Training Epoch 55====================
2025-11-26 06:34:31,530 epoch=55	global_step=44500	acc=0.5938	acc_avg=0.6363	loss=1.5218	loss_avg=1.3908	lr=0.0042	|gn|=5.9680	time=3.45it/s
2025-11-26 06:35:05,852 epoch=55	global_step=44600	acc=0.5625	acc_avg=0.6306	loss=1.6434	loss_avg=1.3883	lr=0.0042	|gn|=5.6923	time=3.45it/s
2025-11-26 06:35:39,991 epoch=55	global_step=44700	acc=0.5938	acc_avg=0.6221	loss=1.5916	loss_avg=1.4145	lr=0.0042	|gn|=6.4133	time=3.45it/s
2025-11-26 06:36:14,200 epoch=55	global_step=44800	acc=0.6250	acc_avg=0.6231	loss=1.8819	loss_avg=1.4210	lr=0.0042	|gn|=6.0271	time=3.45it/s
2025-11-26 06:36:48,286 epoch=55	global_step=44900	acc=0.7188	acc_avg=0.6264	loss=1.3344	loss_avg=1.4181	lr=0.0042	|gn|=5.9021	time=3.45it/s
2025-11-26 06:37:22,350 epoch=55	global_step=45000	acc=0.7188	acc_avg=0.6234	loss=1.3134	loss_avg=1.4253	lr=0.0042	|gn|=4.8115	time=3.45it/s
2025-11-26 06:37:56,518 epoch=55	global_step=45100	acc=0.6562	acc_avg=0.6242	loss=1.3352	loss_avg=1.4155	lr=0.0042	|gn|=6.1124	time=3.45it/s
2025-11-26 06:38:30,720 epoch=55	global_step=45200	acc=0.5312	acc_avg=0.6218	loss=1.7544	loss_avg=1.4226	lr=0.0042	|gn|=5.7959	time=3.45it/s
2025-11-26 06:38:46,776 ====================Eval Epoch 55====================
2025-11-26 06:38:49,314 epoch=55	global_step=31	acc=0.6250	acc_avg=0.5680	acc5=0.8750	acc5_avg=0.7990	loss=1.2135	loss_avg=7.9691	time=78.27it/s
2025-11-26 06:38:49,314 Eval Loss:7.9691	Eval acc: 56.80
2025-11-26 06:38:49,314 
2025-11-26 06:38:49,315 ====================Training Epoch 56====================
2025-11-26 06:39:07,690 epoch=56	global_step=45300	acc=0.6562	acc_avg=0.6309	loss=1.4474	loss_avg=1.3839	lr=0.0041	|gn|=5.1109	time=3.45it/s
2025-11-26 06:39:40,747 epoch=56	global_step=45400	acc=0.5938	acc_avg=0.6401	loss=1.7345	loss_avg=1.3558	lr=0.0041	|gn|=5.9954	time=3.45it/s
2025-11-26 06:40:13,926 epoch=56	global_step=45500	acc=0.5938	acc_avg=0.6360	loss=1.5097	loss_avg=1.3595	lr=0.0041	|gn|=5.9903	time=3.45it/s
2025-11-26 06:40:46,935 epoch=56	global_step=45600	acc=0.7188	acc_avg=0.6324	loss=0.9949	loss_avg=1.3740	lr=0.0041	|gn|=4.9823	time=3.45it/s
2025-11-26 06:41:20,147 epoch=56	global_step=45700	acc=0.5938	acc_avg=0.6349	loss=1.5964	loss_avg=1.3733	lr=0.0041	|gn|=5.7478	time=3.45it/s
2025-11-26 06:41:53,202 epoch=56	global_step=45800	acc=0.5625	acc_avg=0.6347	loss=1.7618	loss_avg=1.3743	lr=0.0041	|gn|=5.8946	time=3.45it/s
2025-11-26 06:42:26,528 epoch=56	global_step=45900	acc=0.6562	acc_avg=0.6355	loss=1.2034	loss_avg=1.3798	lr=0.0041	|gn|=4.6760	time=3.45it/s
2025-11-26 06:42:59,943 epoch=56	global_step=46000	acc=0.7812	acc_avg=0.6350	loss=1.0217	loss_avg=1.3851	lr=0.0041	|gn|=4.8640	time=3.45it/s
2025-11-26 06:43:18,354 ====================Eval Epoch 56====================
2025-11-26 06:43:20,888 epoch=56	global_step=31	acc=0.3750	acc_avg=0.5660	acc5=0.8750	acc5_avg=0.7980	loss=1.6144	loss_avg=3.5163	time=78.46it/s
2025-11-26 06:43:20,889 Eval Loss:3.5163	Eval acc: 56.60
2025-11-26 06:43:20,889 
2025-11-26 06:43:20,889 ====================Training Epoch 57====================
2025-11-26 06:43:36,329 epoch=57	global_step=46100	acc=0.4688	acc_avg=0.6403	loss=1.5079	loss_avg=1.3491	lr=0.0039	|gn|=6.0474	time=3.45it/s
2025-11-26 06:44:09,352 epoch=57	global_step=46200	acc=0.7812	acc_avg=0.6392	loss=0.7987	loss_avg=1.3483	lr=0.0039	|gn|=5.3085	time=3.45it/s
2025-11-26 06:44:42,405 epoch=57	global_step=46300	acc=0.7500	acc_avg=0.6411	loss=0.9147	loss_avg=1.3418	lr=0.0039	|gn|=4.1562	time=3.45it/s
2025-11-26 06:45:15,518 epoch=57	global_step=46400	acc=0.6250	acc_avg=0.6412	loss=1.4834	loss_avg=1.3503	lr=0.0039	|gn|=5.5102	time=3.45it/s
2025-11-26 06:45:48,941 epoch=57	global_step=46500	acc=0.6250	acc_avg=0.6414	loss=1.2722	loss_avg=1.3458	lr=0.0039	|gn|=5.6650	time=3.45it/s
2025-11-26 06:46:22,088 epoch=57	global_step=46600	acc=0.6562	acc_avg=0.6394	loss=1.1473	loss_avg=1.3507	lr=0.0039	|gn|=4.9812	time=3.45it/s
2025-11-26 06:46:55,272 epoch=57	global_step=46700	acc=0.6562	acc_avg=0.6403	loss=1.3493	loss_avg=1.3496	lr=0.0039	|gn|=5.1403	time=3.45it/s
2025-11-26 06:47:28,597 epoch=57	global_step=46800	acc=0.5000	acc_avg=0.6380	loss=1.9861	loss_avg=1.3589	lr=0.0039	|gn|=6.7273	time=3.45it/s
2025-11-26 06:47:49,696 ====================Eval Epoch 57====================
2025-11-26 06:47:52,234 epoch=57	global_step=31	acc=0.6250	acc_avg=0.5560	acc5=0.8750	acc5_avg=0.7980	loss=2.0752	loss_avg=10.8018	time=78.42it/s
2025-11-26 06:47:52,234 Eval Loss:10.8018	Eval acc: 55.60
2025-11-26 06:47:52,235 
2025-11-26 06:47:52,235 ====================Training Epoch 58====================
2025-11-26 06:48:05,214 epoch=58	global_step=46900	acc=0.6562	acc_avg=0.6723	loss=0.9933	loss_avg=1.1984	lr=0.0038	|gn|=5.4399	time=3.45it/s
2025-11-26 06:48:38,456 epoch=58	global_step=47000	acc=0.7188	acc_avg=0.6526	loss=1.1716	loss_avg=1.3214	lr=0.0038	|gn|=5.4328	time=3.45it/s
2025-11-26 06:49:11,722 epoch=58	global_step=47100	acc=0.7500	acc_avg=0.6469	loss=1.1389	loss_avg=1.3358	lr=0.0038	|gn|=5.6587	time=3.45it/s
2025-11-26 06:49:44,927 epoch=58	global_step=47200	acc=0.7188	acc_avg=0.6491	loss=1.0232	loss_avg=1.3265	lr=0.0038	|gn|=4.7793	time=3.45it/s
2025-11-26 06:50:18,090 epoch=58	global_step=47300	acc=0.7188	acc_avg=0.6449	loss=1.1221	loss_avg=1.3421	lr=0.0038	|gn|=5.1458	time=3.45it/s
2025-11-26 06:50:51,399 epoch=58	global_step=47400	acc=0.7500	acc_avg=0.6437	loss=1.1316	loss_avg=1.3473	lr=0.0038	|gn|=5.0655	time=3.45it/s
2025-11-26 06:51:24,681 epoch=58	global_step=47500	acc=0.6562	acc_avg=0.6435	loss=1.5668	loss_avg=1.3478	lr=0.0038	|gn|=5.8023	time=3.45it/s
2025-11-26 06:51:57,826 epoch=58	global_step=47600	acc=0.7500	acc_avg=0.6425	loss=1.2260	loss_avg=1.3539	lr=0.0038	|gn|=6.0788	time=3.45it/s
2025-11-26 06:52:21,335 ====================Eval Epoch 58====================
2025-11-26 06:52:23,863 epoch=58	global_step=31	acc=0.3750	acc_avg=0.5790	acc5=1.0000	acc5_avg=0.8120	loss=1.7358	loss_avg=2.0684	time=77.96it/s
2025-11-26 06:52:23,863 Eval Loss:2.0684	Eval acc: 57.90
2025-11-26 06:52:23,863 
2025-11-26 06:52:23,864 ====================Training Epoch 59====================
2025-11-26 06:52:34,083 epoch=59	global_step=47700	acc=0.7188	acc_avg=0.6487	loss=1.2853	loss_avg=1.3113	lr=0.0036	|gn|=5.0972	time=3.45it/s
2025-11-26 06:53:07,130 epoch=59	global_step=47800	acc=0.5625	acc_avg=0.6584	loss=1.5612	loss_avg=1.2800	lr=0.0036	|gn|=5.8507	time=3.45it/s
2025-11-26 06:53:40,300 epoch=59	global_step=47900	acc=0.6875	acc_avg=0.6608	loss=1.3248	loss_avg=1.2705	lr=0.0036	|gn|=6.7399	time=3.45it/s
2025-11-26 06:54:13,988 epoch=59	global_step=48000	acc=0.7500	acc_avg=0.6597	loss=0.8428	loss_avg=1.2797	lr=0.0036	|gn|=4.1928	time=3.45it/s
2025-11-26 06:54:47,207 epoch=59	global_step=48100	acc=0.6875	acc_avg=0.6557	loss=1.1684	loss_avg=1.2924	lr=0.0036	|gn|=4.6798	time=3.45it/s
2025-11-26 06:55:20,388 epoch=59	global_step=48200	acc=0.6250	acc_avg=0.6542	loss=1.2807	loss_avg=1.2985	lr=0.0036	|gn|=5.2094	time=3.45it/s
2025-11-26 06:55:53,484 epoch=59	global_step=48300	acc=0.7188	acc_avg=0.6539	loss=1.2432	loss_avg=1.3041	lr=0.0036	|gn|=6.0209	time=3.45it/s
2025-11-26 06:56:26,704 epoch=59	global_step=48400	acc=0.8125	acc_avg=0.6522	loss=0.8819	loss_avg=1.3048	lr=0.0036	|gn|=4.5671	time=3.45it/s
2025-11-26 06:56:52,972 ====================Eval Epoch 59====================
2025-11-26 06:56:55,488 epoch=59	global_step=31	acc=0.6250	acc_avg=0.5670	acc5=1.0000	acc5_avg=0.8100	loss=1.0026	loss_avg=3.0823	time=78.38it/s
2025-11-26 06:56:55,488 Eval Loss:3.0823	Eval acc: 56.70
2025-11-26 06:56:55,489 
2025-11-26 06:56:55,489 ====================Training Epoch 60====================
2025-11-26 06:57:03,089 epoch=60	global_step=48500	acc=0.6875	acc_avg=0.6741	loss=1.1603	loss_avg=1.2318	lr=0.0035	|gn|=5.2800	time=3.45it/s
2025-11-26 06:57:36,333 epoch=60	global_step=48600	acc=0.8125	acc_avg=0.6632	loss=0.8395	loss_avg=1.2588	lr=0.0035	|gn|=5.0842	time=3.45it/s
2025-11-26 06:58:09,485 epoch=60	global_step=48700	acc=0.8125	acc_avg=0.6625	loss=0.8993	loss_avg=1.2570	lr=0.0035	|gn|=4.3192	time=3.45it/s
2025-11-26 06:58:42,635 epoch=60	global_step=48800	acc=0.6875	acc_avg=0.6614	loss=1.2744	loss_avg=1.2614	lr=0.0035	|gn|=5.3588	time=3.45it/s
2025-11-26 06:59:15,777 epoch=60	global_step=48900	acc=0.7188	acc_avg=0.6587	loss=1.1783	loss_avg=1.2760	lr=0.0035	|gn|=5.2893	time=3.45it/s
2025-11-26 06:59:49,046 epoch=60	global_step=49000	acc=0.6875	acc_avg=0.6574	loss=1.4553	loss_avg=1.2790	lr=0.0035	|gn|=5.7957	time=3.45it/s
2025-11-26 07:00:22,276 epoch=60	global_step=49100	acc=0.5938	acc_avg=0.6578	loss=1.4205	loss_avg=1.2799	lr=0.0035	|gn|=5.6771	time=3.45it/s
2025-11-26 07:00:55,537 epoch=60	global_step=49200	acc=0.6250	acc_avg=0.6562	loss=1.7734	loss_avg=1.2880	lr=0.0035	|gn|=6.9048	time=3.45it/s
2025-11-26 07:01:24,396 ====================Eval Epoch 60====================
2025-11-26 07:01:26,939 epoch=60	global_step=31	acc=0.5000	acc_avg=0.5870	acc5=0.8750	acc5_avg=0.8030	loss=1.5409	loss_avg=4.7671	time=78.40it/s
2025-11-26 07:01:26,939 Eval Loss:4.7671	Eval acc: 58.70
2025-11-26 07:01:26,942 
2025-11-26 07:01:26,942 ====================Training Epoch 61====================
2025-11-26 07:01:31,893 epoch=61	global_step=49300	acc=0.6562	acc_avg=0.6322	loss=0.9511	loss_avg=1.3134	lr=0.0033	|gn|=4.9648	time=3.45it/s
2025-11-26 07:02:04,982 epoch=61	global_step=49400	acc=0.7812	acc_avg=0.6704	loss=0.8365	loss_avg=1.2258	lr=0.0033	|gn|=5.4702	time=3.45it/s
2025-11-26 07:02:38,109 epoch=61	global_step=49500	acc=0.6875	acc_avg=0.6706	loss=1.4597	loss_avg=1.2346	lr=0.0033	|gn|=6.7983	time=3.45it/s
2025-11-26 07:03:11,235 epoch=61	global_step=49600	acc=0.5625	acc_avg=0.6668	loss=1.4772	loss_avg=1.2438	lr=0.0033	|gn|=6.6024	time=3.45it/s
2025-11-26 07:03:44,368 epoch=61	global_step=49700	acc=0.7500	acc_avg=0.6628	loss=0.8819	loss_avg=1.2612	lr=0.0033	|gn|=5.4584	time=3.45it/s
2025-11-26 07:04:17,597 epoch=61	global_step=49800	acc=0.6250	acc_avg=0.6628	loss=1.3601	loss_avg=1.2632	lr=0.0033	|gn|=6.7093	time=3.45it/s
2025-11-26 07:04:50,791 epoch=61	global_step=49900	acc=0.7188	acc_avg=0.6638	loss=1.0641	loss_avg=1.2591	lr=0.0033	|gn|=4.4691	time=3.45it/s
2025-11-26 07:05:23,828 epoch=61	global_step=50000	acc=0.6875	acc_avg=0.6627	loss=1.2039	loss_avg=1.2620	lr=0.0033	|gn|=5.3030	time=3.45it/s
2025-11-26 07:05:55,409 ====================Eval Epoch 61====================
2025-11-26 07:05:57,924 epoch=61	global_step=31	acc=0.3750	acc_avg=0.5840	acc5=1.0000	acc5_avg=0.7930	loss=1.7975	loss_avg=2.1942	time=78.49it/s
2025-11-26 07:05:57,924 Eval Loss:2.1942	Eval acc: 58.40
2025-11-26 07:05:57,924 
2025-11-26 07:05:57,924 ====================Training Epoch 62====================
2025-11-26 07:06:00,243 epoch=62	global_step=50100	acc=0.5312	acc_avg=0.6750	loss=1.4661	loss_avg=1.2704	lr=0.0032	|gn|=6.8497	time=3.45it/s
2025-11-26 07:06:33,373 epoch=62	global_step=50200	acc=0.5625	acc_avg=0.6792	loss=1.6100	loss_avg=1.2127	lr=0.0032	|gn|=5.5739	time=3.45it/s
2025-11-26 07:07:06,654 epoch=62	global_step=50300	acc=0.6875	acc_avg=0.6668	loss=1.4422	loss_avg=1.2532	lr=0.0032	|gn|=6.0512	time=3.45it/s
2025-11-26 07:07:39,763 epoch=62	global_step=50400	acc=0.6875	acc_avg=0.6668	loss=1.1690	loss_avg=1.2525	lr=0.0032	|gn|=5.5296	time=3.45it/s
2025-11-26 07:08:12,806 epoch=62	global_step=50500	acc=0.6250	acc_avg=0.6700	loss=1.1718	loss_avg=1.2397	lr=0.0032	|gn|=5.2941	time=3.45it/s
2025-11-26 07:08:45,916 epoch=62	global_step=50600	acc=0.5000	acc_avg=0.6708	loss=2.1296	loss_avg=1.2363	lr=0.0032	|gn|=8.6883	time=3.45it/s
2025-11-26 07:09:19,153 epoch=62	global_step=50700	acc=0.5938	acc_avg=0.6695	loss=1.3591	loss_avg=1.2410	lr=0.0032	|gn|=6.0485	time=3.45it/s
2025-11-26 07:09:52,310 epoch=62	global_step=50800	acc=0.7500	acc_avg=0.6697	loss=1.3140	loss_avg=1.2403	lr=0.0032	|gn|=6.1403	time=3.45it/s
2025-11-26 07:10:25,401 epoch=62	global_step=50900	acc=0.7812	acc_avg=0.6688	loss=0.7813	loss_avg=1.2418	lr=0.0032	|gn|=4.8677	time=3.45it/s
2025-11-26 07:10:26,470 ====================Eval Epoch 62====================
2025-11-26 07:10:29,059 epoch=62	global_step=31	acc=0.3750	acc_avg=0.5790	acc5=0.7500	acc5_avg=0.7860	loss=1.9887	loss_avg=4.4953	time=78.05it/s
2025-11-26 07:10:29,059 Eval Loss:4.4953	Eval acc: 57.90
2025-11-26 07:10:29,060 
2025-11-26 07:10:29,060 ====================Training Epoch 63====================
2025-11-26 07:11:01,902 epoch=63	global_step=51000	acc=0.5312	acc_avg=0.6840	loss=1.4325	loss_avg=1.1738	lr=0.0030	|gn|=6.8460	time=3.45it/s
2025-11-26 07:11:35,147 epoch=63	global_step=51100	acc=0.8125	acc_avg=0.6797	loss=0.9089	loss_avg=1.1976	lr=0.0030	|gn|=5.2612	time=3.45it/s
2025-11-26 07:12:08,389 epoch=63	global_step=51200	acc=0.5938	acc_avg=0.6778	loss=1.6710	loss_avg=1.2003	lr=0.0030	|gn|=7.5140	time=3.45it/s
2025-11-26 07:12:41,508 epoch=63	global_step=51300	acc=0.7188	acc_avg=0.6763	loss=0.9298	loss_avg=1.1999	lr=0.0030	|gn|=5.4938	time=3.45it/s
2025-11-26 07:13:14,582 epoch=63	global_step=51400	acc=0.6562	acc_avg=0.6793	loss=1.3161	loss_avg=1.1870	lr=0.0030	|gn|=6.3444	time=3.45it/s
2025-11-26 07:13:47,644 epoch=63	global_step=51500	acc=0.5938	acc_avg=0.6771	loss=1.0479	loss_avg=1.1903	lr=0.0030	|gn|=6.2935	time=3.45it/s
2025-11-26 07:14:20,889 epoch=63	global_step=51600	acc=0.7500	acc_avg=0.6744	loss=1.0028	loss_avg=1.2003	lr=0.0030	|gn|=4.9749	time=3.45it/s
2025-11-26 07:14:54,060 epoch=63	global_step=51700	acc=0.8125	acc_avg=0.6726	loss=1.1335	loss_avg=1.2033	lr=0.0030	|gn|=5.9052	time=3.45it/s
2025-11-26 07:14:57,791 ====================Eval Epoch 63====================
2025-11-26 07:15:00,347 epoch=63	global_step=31	acc=0.3750	acc_avg=0.5880	acc5=0.8750	acc5_avg=0.7970	loss=1.9175	loss_avg=4.7258	time=78.18it/s
2025-11-26 07:15:00,347 Eval Loss:4.7258	Eval acc: 58.80
2025-11-26 07:15:00,348 
2025-11-26 07:15:00,348 ====================Training Epoch 64====================
2025-11-26 07:15:30,643 epoch=64	global_step=51800	acc=0.8438	acc_avg=0.6868	loss=0.9022	loss_avg=1.1811	lr=0.0029	|gn|=4.8817	time=3.45it/s
2025-11-26 07:16:03,862 epoch=64	global_step=51900	acc=0.6250	acc_avg=0.6839	loss=1.2083	loss_avg=1.1723	lr=0.0029	|gn|=7.0068	time=3.45it/s
2025-11-26 07:16:37,190 epoch=64	global_step=52000	acc=0.7188	acc_avg=0.6853	loss=1.1782	loss_avg=1.1782	lr=0.0029	|gn|=5.7627	time=3.45it/s
2025-11-26 07:17:10,370 epoch=64	global_step=52100	acc=0.5938	acc_avg=0.6860	loss=1.5811	loss_avg=1.1789	lr=0.0029	|gn|=6.3224	time=3.45it/s
2025-11-26 07:17:43,436 epoch=64	global_step=52200	acc=0.5938	acc_avg=0.6852	loss=1.7040	loss_avg=1.1793	lr=0.0029	|gn|=7.9320	time=3.45it/s
2025-11-26 07:18:16,551 epoch=64	global_step=52300	acc=0.6250	acc_avg=0.6874	loss=1.1961	loss_avg=1.1780	lr=0.0029	|gn|=7.0829	time=3.45it/s
2025-11-26 07:18:49,630 epoch=64	global_step=52400	acc=0.7812	acc_avg=0.6863	loss=0.7987	loss_avg=1.1809	lr=0.0029	|gn|=4.6255	time=3.45it/s
2025-11-26 07:19:22,816 epoch=64	global_step=52500	acc=0.5312	acc_avg=0.6858	loss=1.6138	loss_avg=1.1840	lr=0.0029	|gn|=7.6348	time=3.45it/s
2025-11-26 07:19:29,143 ====================Eval Epoch 64====================
2025-11-26 07:19:31,691 epoch=64	global_step=31	acc=0.5000	acc_avg=0.5950	acc5=0.8750	acc5_avg=0.8140	loss=1.4471	loss_avg=2.3459	time=78.24it/s
2025-11-26 07:19:31,691 Eval Loss:2.3459	Eval acc: 59.50
2025-11-26 07:19:31,692 
2025-11-26 07:19:31,692 ====================Training Epoch 65====================
2025-11-26 07:19:59,025 epoch=65	global_step=52600	acc=0.7500	acc_avg=0.7002	loss=1.4240	loss_avg=1.1325	lr=0.0027	|gn|=6.7507	time=3.45it/s
2025-11-26 07:20:32,503 epoch=65	global_step=52700	acc=0.8750	acc_avg=0.6880	loss=0.9591	loss_avg=1.1585	lr=0.0027	|gn|=4.4014	time=3.45it/s
2025-11-26 07:21:06,116 epoch=65	global_step=52800	acc=0.7188	acc_avg=0.6855	loss=0.8944	loss_avg=1.1745	lr=0.0027	|gn|=5.1766	time=3.45it/s
2025-11-26 07:21:39,510 epoch=65	global_step=52900	acc=0.6250	acc_avg=0.6894	loss=1.2952	loss_avg=1.1705	lr=0.0027	|gn|=5.1534	time=3.45it/s
2025-11-26 07:22:13,113 epoch=65	global_step=53000	acc=0.6875	acc_avg=0.6871	loss=1.0169	loss_avg=1.1739	lr=0.0027	|gn|=6.0672	time=3.45it/s
2025-11-26 07:22:46,654 epoch=65	global_step=53100	acc=0.7812	acc_avg=0.6876	loss=0.6686	loss_avg=1.1746	lr=0.0027	|gn|=4.0255	time=3.45it/s
2025-11-26 07:23:20,245 epoch=65	global_step=53200	acc=0.5938	acc_avg=0.6871	loss=1.3373	loss_avg=1.1758	lr=0.0027	|gn|=7.1196	time=3.45it/s
2025-11-26 07:23:53,547 epoch=65	global_step=53300	acc=0.7188	acc_avg=0.6881	loss=1.0292	loss_avg=1.1705	lr=0.0027	|gn|=5.6594	time=3.45it/s
2025-11-26 07:24:02,568 ====================Eval Epoch 65====================
2025-11-26 07:24:05,063 epoch=65	global_step=31	acc=0.6250	acc_avg=0.5790	acc5=1.0000	acc5_avg=0.8000	loss=1.2502	loss_avg=3.7494	time=78.31it/s
2025-11-26 07:24:05,063 Eval Loss:3.7494	Eval acc: 57.90
2025-11-26 07:24:05,064 
2025-11-26 07:24:05,064 ====================Training Epoch 66====================
2025-11-26 07:24:29,807 epoch=66	global_step=53400	acc=0.6875	acc_avg=0.6896	loss=1.2151	loss_avg=1.1519	lr=0.0026	|gn|=6.7245	time=3.45it/s
2025-11-26 07:25:02,868 epoch=66	global_step=53500	acc=0.8125	acc_avg=0.6949	loss=0.8749	loss_avg=1.1350	lr=0.0026	|gn|=4.3655	time=3.45it/s
2025-11-26 07:25:36,099 epoch=66	global_step=53600	acc=0.7188	acc_avg=0.6936	loss=0.8695	loss_avg=1.1531	lr=0.0026	|gn|=4.6254	time=3.45it/s
2025-11-26 07:26:09,354 epoch=66	global_step=53700	acc=0.7812	acc_avg=0.6946	loss=0.8308	loss_avg=1.1440	lr=0.0026	|gn|=5.0087	time=3.45it/s
2025-11-26 07:26:42,506 epoch=66	global_step=53800	acc=0.6250	acc_avg=0.6939	loss=1.1389	loss_avg=1.1434	lr=0.0026	|gn|=6.3968	time=3.45it/s
2025-11-26 07:27:15,797 epoch=66	global_step=53900	acc=0.5625	acc_avg=0.6897	loss=1.2135	loss_avg=1.1553	lr=0.0026	|gn|=7.2347	time=3.45it/s
2025-11-26 07:27:49,131 epoch=66	global_step=54000	acc=0.6250	acc_avg=0.6887	loss=1.3283	loss_avg=1.1612	lr=0.0026	|gn|=6.7377	time=3.45it/s
2025-11-26 07:28:22,284 epoch=66	global_step=54100	acc=0.6875	acc_avg=0.6891	loss=1.0006	loss_avg=1.1629	lr=0.0026	|gn|=5.5743	time=3.45it/s
2025-11-26 07:28:33,927 ====================Eval Epoch 66====================
2025-11-26 07:28:36,456 epoch=66	global_step=31	acc=0.5000	acc_avg=0.6050	acc5=0.8750	acc5_avg=0.8040	loss=1.5312	loss_avg=2.8721	time=78.40it/s
2025-11-26 07:28:36,456 Eval Loss:2.8721	Eval acc: 60.50
2025-11-26 07:28:36,457 
2025-11-26 07:28:36,457 ====================Training Epoch 67====================
2025-11-26 07:28:58,911 epoch=67	global_step=54200	acc=0.8125	acc_avg=0.7091	loss=0.9571	loss_avg=1.1504	lr=0.0025	|gn|=5.1546	time=3.45it/s
2025-11-26 07:29:32,162 epoch=67	global_step=54300	acc=0.6875	acc_avg=0.7097	loss=1.1694	loss_avg=1.1076	lr=0.0025	|gn|=6.0385	time=3.45it/s
2025-11-26 07:30:05,440 epoch=67	global_step=54400	acc=0.6562	acc_avg=0.7107	loss=1.3144	loss_avg=1.0985	lr=0.0025	|gn|=5.6655	time=3.45it/s
2025-11-26 07:30:38,605 epoch=67	global_step=54500	acc=0.6250	acc_avg=0.7103	loss=1.3437	loss_avg=1.1013	lr=0.0025	|gn|=6.1117	time=3.45it/s
2025-11-26 07:31:11,802 epoch=67	global_step=54600	acc=0.7500	acc_avg=0.7080	loss=0.9633	loss_avg=1.1095	lr=0.0025	|gn|=4.9881	time=3.45it/s
2025-11-26 07:31:44,867 epoch=67	global_step=54700	acc=0.8125	acc_avg=0.7084	loss=0.6290	loss_avg=1.1059	lr=0.0025	|gn|=4.3600	time=3.45it/s
2025-11-26 07:32:17,960 epoch=67	global_step=54800	acc=0.7500	acc_avg=0.7063	loss=0.9607	loss_avg=1.1087	lr=0.0025	|gn|=5.8388	time=3.45it/s
2025-11-26 07:32:51,175 epoch=67	global_step=54900	acc=0.6562	acc_avg=0.7058	loss=1.2538	loss_avg=1.1087	lr=0.0025	|gn|=5.8555	time=3.45it/s
2025-11-26 07:33:05,470 ====================Eval Epoch 67====================
2025-11-26 07:33:07,996 epoch=67	global_step=31	acc=0.3750	acc_avg=0.5820	acc5=0.8750	acc5_avg=0.7980	loss=1.6963	loss_avg=4.9966	time=78.19it/s
2025-11-26 07:33:07,997 Eval Loss:4.9966	Eval acc: 58.20
2025-11-26 07:33:07,997 
2025-11-26 07:33:07,997 ====================Training Epoch 68====================
2025-11-26 07:33:27,413 epoch=68	global_step=55000	acc=0.6562	acc_avg=0.7171	loss=1.3545	loss_avg=1.0491	lr=0.0023	|gn|=7.3599	time=3.45it/s
2025-11-26 07:34:00,472 epoch=68	global_step=55100	acc=0.6562	acc_avg=0.7197	loss=1.2072	loss_avg=1.0617	lr=0.0023	|gn|=6.4958	time=3.45it/s
2025-11-26 07:34:33,627 epoch=68	global_step=55200	acc=0.7188	acc_avg=0.7151	loss=1.1234	loss_avg=1.0714	lr=0.0023	|gn|=6.9656	time=3.45it/s
2025-11-26 07:35:06,840 epoch=68	global_step=55300	acc=0.7188	acc_avg=0.7179	loss=0.8631	loss_avg=1.0660	lr=0.0023	|gn|=5.3234	time=3.45it/s
2025-11-26 07:35:39,970 epoch=68	global_step=55400	acc=0.6562	acc_avg=0.7147	loss=1.1394	loss_avg=1.0753	lr=0.0023	|gn|=5.7017	time=3.45it/s
2025-11-26 07:36:13,246 epoch=68	global_step=55500	acc=0.5312	acc_avg=0.7104	loss=1.9233	loss_avg=1.0881	lr=0.0023	|gn|=7.4164	time=3.45it/s
2025-11-26 07:36:46,523 epoch=68	global_step=55600	acc=0.7188	acc_avg=0.7089	loss=1.3931	loss_avg=1.0951	lr=0.0023	|gn|=5.8892	time=3.45it/s
2025-11-26 07:37:19,683 epoch=68	global_step=55700	acc=0.6875	acc_avg=0.7080	loss=1.2490	loss_avg=1.0999	lr=0.0023	|gn|=6.2479	time=3.45it/s
2025-11-26 07:37:36,628 ====================Eval Epoch 68====================
2025-11-26 07:37:39,123 epoch=68	global_step=31	acc=0.6250	acc_avg=0.5910	acc5=0.8750	acc5_avg=0.7990	loss=1.5033	loss_avg=4.6944	time=78.22it/s
2025-11-26 07:37:39,123 Eval Loss:4.6944	Eval acc: 59.10
2025-11-26 07:37:39,124 
2025-11-26 07:37:39,124 ====================Training Epoch 69====================
2025-11-26 07:37:56,500 epoch=69	global_step=55800	acc=0.6250	acc_avg=0.7009	loss=1.3377	loss_avg=1.0996	lr=0.0022	|gn|=6.5512	time=3.45it/s
2025-11-26 07:38:30,615 epoch=69	global_step=55900	acc=0.6250	acc_avg=0.7018	loss=1.2591	loss_avg=1.0960	lr=0.0022	|gn|=6.4275	time=3.45it/s
2025-11-26 07:39:04,793 epoch=69	global_step=56000	acc=0.7812	acc_avg=0.7049	loss=0.7549	loss_avg=1.0894	lr=0.0022	|gn|=4.9673	time=3.45it/s
2025-11-26 07:39:38,933 epoch=69	global_step=56100	acc=0.8125	acc_avg=0.7056	loss=0.5985	loss_avg=1.0904	lr=0.0022	|gn|=4.5252	time=3.44it/s
2025-11-26 07:40:13,249 epoch=69	global_step=56200	acc=0.6562	acc_avg=0.7044	loss=1.3941	loss_avg=1.0958	lr=0.0022	|gn|=5.9127	time=3.45it/s
2025-11-26 07:40:47,623 epoch=69	global_step=56300	acc=0.8438	acc_avg=0.7059	loss=0.6861	loss_avg=1.0921	lr=0.0022	|gn|=4.9481	time=3.45it/s
2025-11-26 07:41:21,799 epoch=69	global_step=56400	acc=0.8438	acc_avg=0.7044	loss=0.5477	loss_avg=1.0957	lr=0.0022	|gn|=4.0574	time=3.45it/s
2025-11-26 07:41:55,953 epoch=69	global_step=56500	acc=0.8125	acc_avg=0.7039	loss=0.5913	loss_avg=1.0978	lr=0.0022	|gn|=4.5380	time=3.45it/s
2025-11-26 07:42:16,116 ====================Eval Epoch 69====================
2025-11-26 07:42:18,645 epoch=69	global_step=31	acc=0.5000	acc_avg=0.6040	acc5=0.8750	acc5_avg=0.8210	loss=1.8353	loss_avg=2.4421	time=78.36it/s
2025-11-26 07:42:18,646 Eval Loss:2.4421	Eval acc: 60.40
2025-11-26 07:42:18,647 
2025-11-26 07:42:18,647 ====================Training Epoch 70====================
2025-11-26 07:42:33,238 epoch=70	global_step=56600	acc=0.6562	acc_avg=0.7370	loss=1.3686	loss_avg=1.0020	lr=0.0021	|gn|=6.0767	time=3.45it/s
2025-11-26 07:43:07,546 epoch=70	global_step=56700	acc=0.6562	acc_avg=0.7287	loss=1.1442	loss_avg=1.0391	lr=0.0021	|gn|=6.2536	time=3.45it/s
2025-11-26 07:43:41,735 epoch=70	global_step=56800	acc=0.6875	acc_avg=0.7235	loss=1.1296	loss_avg=1.0488	lr=0.0021	|gn|=6.1735	time=3.45it/s
2025-11-26 07:44:15,836 epoch=70	global_step=56900	acc=0.8125	acc_avg=0.7220	loss=1.1243	loss_avg=1.0565	lr=0.0021	|gn|=5.7496	time=3.45it/s
2025-11-26 07:44:49,996 epoch=70	global_step=57000	acc=0.7188	acc_avg=0.7194	loss=1.0874	loss_avg=1.0658	lr=0.0021	|gn|=6.6009	time=3.45it/s
2025-11-26 07:45:24,268 epoch=70	global_step=57100	acc=0.6875	acc_avg=0.7178	loss=1.1043	loss_avg=1.0701	lr=0.0021	|gn|=6.1495	time=3.45it/s
2025-11-26 07:45:58,435 epoch=70	global_step=57200	acc=0.6250	acc_avg=0.7154	loss=1.2056	loss_avg=1.0748	lr=0.0021	|gn|=6.9833	time=3.45it/s
2025-11-26 07:46:32,648 epoch=70	global_step=57300	acc=0.6250	acc_avg=0.7144	loss=1.1648	loss_avg=1.0784	lr=0.0021	|gn|=6.1854	time=3.45it/s
2025-11-26 07:46:55,641 ====================Eval Epoch 70====================
2025-11-26 07:46:58,174 epoch=70	global_step=31	acc=0.2500	acc_avg=0.6000	acc5=0.8750	acc5_avg=0.8030	loss=1.7740	loss_avg=4.5189	time=78.04it/s
2025-11-26 07:46:58,175 Eval Loss:4.5189	Eval acc: 60.00
2025-11-26 07:46:58,175 
2025-11-26 07:46:58,175 ====================Training Epoch 71====================
2025-11-26 07:47:10,145 epoch=71	global_step=57400	acc=0.7812	acc_avg=0.7405	loss=0.7865	loss_avg=0.9828	lr=0.0019	|gn|=4.9003	time=3.45it/s
2025-11-26 07:47:44,429 epoch=71	global_step=57500	acc=0.5625	acc_avg=0.7183	loss=1.4001	loss_avg=1.0552	lr=0.0019	|gn|=7.4258	time=3.45it/s
2025-11-26 07:48:18,541 epoch=71	global_step=57600	acc=0.7500	acc_avg=0.7209	loss=1.1615	loss_avg=1.0606	lr=0.0019	|gn|=5.9404	time=3.45it/s
2025-11-26 07:48:52,688 epoch=71	global_step=57700	acc=0.7812	acc_avg=0.7230	loss=0.8681	loss_avg=1.0544	lr=0.0019	|gn|=5.1150	time=3.45it/s
2025-11-26 07:49:26,774 epoch=71	global_step=57800	acc=0.7500	acc_avg=0.7207	loss=0.8974	loss_avg=1.0578	lr=0.0019	|gn|=5.3631	time=3.45it/s
2025-11-26 07:50:01,129 epoch=71	global_step=57900	acc=0.7188	acc_avg=0.7183	loss=0.9216	loss_avg=1.0619	lr=0.0019	|gn|=6.0475	time=3.45it/s
2025-11-26 07:50:35,288 epoch=71	global_step=58000	acc=0.8750	acc_avg=0.7199	loss=0.7383	loss_avg=1.0570	lr=0.0019	|gn|=5.5679	time=3.45it/s
2025-11-26 07:51:09,477 epoch=71	global_step=58100	acc=0.7812	acc_avg=0.7175	loss=0.8761	loss_avg=1.0636	lr=0.0019	|gn|=5.6014	time=3.45it/s
2025-11-26 07:51:35,149 ====================Eval Epoch 71====================
2025-11-26 07:51:37,692 epoch=71	global_step=31	acc=0.5000	acc_avg=0.6020	acc5=0.8750	acc5_avg=0.8120	loss=1.3908	loss_avg=2.0263	time=78.17it/s
2025-11-26 07:51:37,692 Eval Loss:2.0263	Eval acc: 60.20
2025-11-26 07:51:37,692 
2025-11-26 07:51:37,692 ====================Training Epoch 72====================
2025-11-26 07:51:46,935 epoch=72	global_step=58200	acc=0.8750	acc_avg=0.7288	loss=0.6316	loss_avg=0.9990	lr=0.0018	|gn|=4.4011	time=3.45it/s
2025-11-26 07:52:21,142 epoch=72	global_step=58300	acc=0.7188	acc_avg=0.7177	loss=0.9512	loss_avg=1.0317	lr=0.0018	|gn|=5.9706	time=3.45it/s
2025-11-26 07:52:55,363 epoch=72	global_step=58400	acc=0.6562	acc_avg=0.7204	loss=1.5143	loss_avg=1.0297	lr=0.0018	|gn|=7.1302	time=3.45it/s
2025-11-26 07:53:29,542 epoch=72	global_step=58500	acc=0.7188	acc_avg=0.7240	loss=1.1466	loss_avg=1.0347	lr=0.0018	|gn|=6.9988	time=3.45it/s
2025-11-26 07:54:03,809 epoch=72	global_step=58600	acc=0.6250	acc_avg=0.7224	loss=1.3631	loss_avg=1.0448	lr=0.0018	|gn|=7.9006	time=3.45it/s
2025-11-26 07:54:37,995 epoch=72	global_step=58700	acc=0.6250	acc_avg=0.7220	loss=1.3339	loss_avg=1.0449	lr=0.0018	|gn|=6.1044	time=3.45it/s
2025-11-26 07:55:12,183 epoch=72	global_step=58800	acc=0.6250	acc_avg=0.7235	loss=1.3494	loss_avg=1.0406	lr=0.0018	|gn|=6.5318	time=3.45it/s
2025-11-26 07:55:46,395 epoch=72	global_step=58900	acc=0.8438	acc_avg=0.7222	loss=0.6976	loss_avg=1.0458	lr=0.0018	|gn|=4.8122	time=3.45it/s
2025-11-26 07:56:14,892 ====================Eval Epoch 72====================
2025-11-26 07:56:17,430 epoch=72	global_step=31	acc=0.6250	acc_avg=0.5950	acc5=1.0000	acc5_avg=0.7960	loss=1.0276	loss_avg=10.5653	time=78.06it/s
2025-11-26 07:56:17,430 Eval Loss:10.5653	Eval acc: 59.50
2025-11-26 07:56:17,432 
2025-11-26 07:56:17,432 ====================Training Epoch 73====================
2025-11-26 07:56:23,882 epoch=73	global_step=59000	acc=0.8438	acc_avg=0.7224	loss=0.8355	loss_avg=1.1795	lr=0.0017	|gn|=5.4682	time=3.45it/s
2025-11-26 07:56:58,160 epoch=73	global_step=59100	acc=0.6562	acc_avg=0.7305	loss=0.9068	loss_avg=1.0226	lr=0.0017	|gn|=6.4980	time=3.45it/s
2025-11-26 07:57:32,242 epoch=73	global_step=59200	acc=0.7188	acc_avg=0.7393	loss=1.4220	loss_avg=1.0071	lr=0.0017	|gn|=7.4786	time=3.45it/s
2025-11-26 07:58:06,404 epoch=73	global_step=59300	acc=0.7500	acc_avg=0.7349	loss=1.2400	loss_avg=1.0106	lr=0.0017	|gn|=7.0176	time=3.45it/s
2025-11-26 07:58:40,506 epoch=73	global_step=59400	acc=0.7812	acc_avg=0.7358	loss=0.6168	loss_avg=1.0103	lr=0.0017	|gn|=4.1705	time=3.45it/s
2025-11-26 07:59:14,701 epoch=73	global_step=59500	acc=0.6250	acc_avg=0.7320	loss=1.6477	loss_avg=1.0169	lr=0.0017	|gn|=7.5977	time=3.45it/s
2025-11-26 07:59:48,868 epoch=73	global_step=59600	acc=0.7812	acc_avg=0.7302	loss=0.8899	loss_avg=1.0208	lr=0.0017	|gn|=6.4067	time=3.45it/s
2025-11-26 08:00:23,133 epoch=73	global_step=59700	acc=0.8438	acc_avg=0.7306	loss=0.5987	loss_avg=1.0198	lr=0.0017	|gn|=4.4296	time=3.45it/s
2025-11-26 08:00:54,419 ====================Eval Epoch 73====================
2025-11-26 08:00:56,932 epoch=73	global_step=31	acc=0.6250	acc_avg=0.5930	acc5=0.8750	acc5_avg=0.7980	loss=1.3303	loss_avg=6.2954	time=78.34it/s
2025-11-26 08:00:56,932 Eval Loss:6.2954	Eval acc: 59.30
2025-11-26 08:00:56,934 
2025-11-26 08:00:56,934 ====================Training Epoch 74====================
2025-11-26 08:01:00,632 epoch=74	global_step=59800	acc=0.7500	acc_avg=0.7396	loss=1.4033	loss_avg=1.1054	lr=0.0016	|gn|=7.0712	time=3.45it/s
2025-11-26 08:01:34,853 epoch=74	global_step=59900	acc=0.6875	acc_avg=0.7380	loss=1.1357	loss_avg=0.9983	lr=0.0016	|gn|=6.1454	time=3.45it/s
2025-11-26 08:02:09,055 epoch=74	global_step=60000	acc=0.7500	acc_avg=0.7331	loss=1.0277	loss_avg=0.9996	lr=0.0016	|gn|=6.8275	time=3.45it/s
2025-11-26 08:02:43,302 epoch=74	global_step=60100	acc=0.6875	acc_avg=0.7350	loss=0.9988	loss_avg=0.9969	lr=0.0016	|gn|=7.4316	time=3.45it/s
2025-11-26 08:03:17,656 epoch=74	global_step=60200	acc=0.7500	acc_avg=0.7353	loss=1.1827	loss_avg=0.9919	lr=0.0016	|gn|=6.2513	time=3.45it/s
2025-11-26 08:03:51,815 epoch=74	global_step=60300	acc=0.5312	acc_avg=0.7316	loss=1.6684	loss_avg=1.0071	lr=0.0016	|gn|=8.9544	time=3.45it/s
2025-11-26 08:04:26,105 epoch=74	global_step=60400	acc=0.7812	acc_avg=0.7296	loss=0.8968	loss_avg=1.0117	lr=0.0016	|gn|=5.4116	time=3.45it/s
2025-11-26 08:05:00,337 epoch=74	global_step=60500	acc=0.6562	acc_avg=0.7304	loss=0.8302	loss_avg=1.0095	lr=0.0016	|gn|=5.9271	time=3.45it/s
2025-11-26 08:05:34,242 ====================Eval Epoch 74====================
2025-11-26 08:05:36,735 epoch=74	global_step=31	acc=0.2500	acc_avg=0.6000	acc5=0.8750	acc5_avg=0.8160	loss=1.8282	loss_avg=3.3524	time=77.82it/s
2025-11-26 08:05:36,735 Eval Loss:3.3524	Eval acc: 60.00
2025-11-26 08:05:36,736 
2025-11-26 08:05:36,736 ====================Training Epoch 75====================
2025-11-26 08:05:37,704 epoch=75	global_step=60600	acc=0.7188	acc_avg=0.7188	loss=0.8289	loss_avg=0.8289	lr=0.0015	|gn|=5.8226	time=3.44it/s
2025-11-26 08:06:11,831 epoch=75	global_step=60700	acc=0.8750	acc_avg=0.7450	loss=0.8028	loss_avg=0.9561	lr=0.0015	|gn|=5.5098	time=3.44it/s
2025-11-26 08:06:46,021 epoch=75	global_step=60800	acc=0.8750	acc_avg=0.7467	loss=0.6702	loss_avg=0.9493	lr=0.0015	|gn|=4.9990	time=3.45it/s
2025-11-26 08:07:20,196 epoch=75	global_step=60900	acc=0.6250	acc_avg=0.7427	loss=1.0651	loss_avg=0.9631	lr=0.0015	|gn|=8.9276	time=3.45it/s
2025-11-26 08:07:54,429 epoch=75	global_step=61000	acc=0.8125	acc_avg=0.7393	loss=0.7881	loss_avg=0.9708	lr=0.0015	|gn|=4.9867	time=3.45it/s
2025-11-26 08:08:28,662 epoch=75	global_step=61100	acc=0.6250	acc_avg=0.7378	loss=1.1339	loss_avg=0.9794	lr=0.0015	|gn|=6.5162	time=3.45it/s
2025-11-26 08:09:02,978 epoch=75	global_step=61200	acc=0.8125	acc_avg=0.7377	loss=1.0932	loss_avg=0.9785	lr=0.0015	|gn|=5.7987	time=3.45it/s
2025-11-26 08:09:37,123 epoch=75	global_step=61300	acc=0.6250	acc_avg=0.7361	loss=1.2785	loss_avg=0.9841	lr=0.0015	|gn|=7.0637	time=3.45it/s
2025-11-26 08:10:11,341 epoch=75	global_step=61400	acc=0.7500	acc_avg=0.7361	loss=0.9299	loss_avg=0.9853	lr=0.0015	|gn|=7.0651	time=3.45it/s
2025-11-26 08:10:13,780 ====================Eval Epoch 75====================
2025-11-26 08:10:16,294 epoch=75	global_step=31	acc=0.5000	acc_avg=0.6170	acc5=1.0000	acc5_avg=0.8200	loss=1.7113	loss_avg=2.6715	time=78.29it/s
2025-11-26 08:10:16,294 Eval Loss:2.6715	Eval acc: 61.70
2025-11-26 08:10:16,294 
2025-11-26 08:10:16,294 ====================Training Epoch 76====================
2025-11-26 08:10:48,831 epoch=76	global_step=61500	acc=0.8125	acc_avg=0.7507	loss=0.8747	loss_avg=0.9641	lr=0.0014	|gn|=6.6320	time=3.45it/s
2025-11-26 08:11:23,124 epoch=76	global_step=61600	acc=0.7812	acc_avg=0.7463	loss=0.9117	loss_avg=0.9740	lr=0.0014	|gn|=6.5023	time=3.45it/s
2025-11-26 08:11:57,276 epoch=76	global_step=61700	acc=0.7500	acc_avg=0.7426	loss=0.7675	loss_avg=0.9799	lr=0.0014	|gn|=5.6814	time=3.45it/s
2025-11-26 08:12:31,467 epoch=76	global_step=61800	acc=0.6875	acc_avg=0.7419	loss=1.0239	loss_avg=0.9902	lr=0.0014	|gn|=6.1430	time=3.45it/s
2025-11-26 08:13:05,675 epoch=76	global_step=61900	acc=0.7812	acc_avg=0.7417	loss=0.7765	loss_avg=0.9868	lr=0.0014	|gn|=4.9515	time=3.45it/s
2025-11-26 08:13:39,934 epoch=76	global_step=62000	acc=0.8125	acc_avg=0.7396	loss=0.9155	loss_avg=0.9881	lr=0.0014	|gn|=5.3681	time=3.45it/s
2025-11-26 08:14:14,284 epoch=76	global_step=62100	acc=0.7812	acc_avg=0.7394	loss=1.0433	loss_avg=0.9858	lr=0.0014	|gn|=5.7837	time=3.45it/s
2025-11-26 08:14:48,570 epoch=76	global_step=62200	acc=0.6875	acc_avg=0.7397	loss=0.8005	loss_avg=0.9824	lr=0.0014	|gn|=5.7797	time=3.45it/s
2025-11-26 08:14:53,747 ====================Eval Epoch 76====================
2025-11-26 08:14:56,256 epoch=76	global_step=31	acc=0.6250	acc_avg=0.6080	acc5=1.0000	acc5_avg=0.8180	loss=1.4619	loss_avg=4.0174	time=78.26it/s
2025-11-26 08:14:56,257 Eval Loss:4.0174	Eval acc: 60.80
2025-11-26 08:14:56,257 
2025-11-26 08:14:56,257 ====================Training Epoch 77====================
2025-11-26 08:15:25,912 epoch=77	global_step=62300	acc=0.7812	acc_avg=0.7272	loss=0.8704	loss_avg=0.9992	lr=0.0012	|gn|=5.5258	time=3.45it/s
2025-11-26 08:16:00,027 epoch=77	global_step=62400	acc=0.8125	acc_avg=0.7410	loss=0.7692	loss_avg=0.9651	lr=0.0012	|gn|=5.7884	time=3.45it/s
2025-11-26 08:16:34,133 epoch=77	global_step=62500	acc=0.8438	acc_avg=0.7402	loss=0.7088	loss_avg=0.9740	lr=0.0012	|gn|=5.0934	time=3.45it/s
2025-11-26 08:17:08,330 epoch=77	global_step=62600	acc=0.8750	acc_avg=0.7400	loss=0.7045	loss_avg=0.9760	lr=0.0012	|gn|=5.2549	time=3.45it/s
2025-11-26 08:17:42,564 epoch=77	global_step=62700	acc=0.8125	acc_avg=0.7393	loss=0.9276	loss_avg=0.9811	lr=0.0012	|gn|=6.4728	time=3.45it/s
2025-11-26 08:18:16,659 epoch=77	global_step=62800	acc=0.7812	acc_avg=0.7384	loss=0.6939	loss_avg=0.9834	lr=0.0012	|gn|=5.4191	time=3.45it/s
2025-11-26 08:18:50,789 epoch=77	global_step=62900	acc=0.7188	acc_avg=0.7386	loss=0.8563	loss_avg=0.9817	lr=0.0012	|gn|=6.0182	time=3.45it/s
2025-11-26 08:19:25,078 epoch=77	global_step=63000	acc=0.8125	acc_avg=0.7413	loss=0.6243	loss_avg=0.9752	lr=0.0012	|gn|=5.4457	time=3.45it/s
2025-11-26 08:19:32,979 ====================Eval Epoch 77====================
2025-11-26 08:19:35,508 epoch=77	global_step=31	acc=0.6250	acc_avg=0.6120	acc5=1.0000	acc5_avg=0.8170	loss=1.1086	loss_avg=4.6663	time=78.32it/s
2025-11-26 08:19:35,509 Eval Loss:4.6663	Eval acc: 61.20
2025-11-26 08:19:35,509 
2025-11-26 08:19:35,509 ====================Training Epoch 78====================
2025-11-26 08:20:02,487 epoch=78	global_step=63100	acc=0.8750	acc_avg=0.7472	loss=0.8030	loss_avg=0.9193	lr=0.0011	|gn|=6.1933	time=3.45it/s
2025-11-26 08:20:36,706 epoch=78	global_step=63200	acc=0.7188	acc_avg=0.7530	loss=0.8740	loss_avg=0.9193	lr=0.0011	|gn|=5.3718	time=3.45it/s
2025-11-26 08:21:10,919 epoch=78	global_step=63300	acc=0.8438	acc_avg=0.7539	loss=0.7543	loss_avg=0.9289	lr=0.0011	|gn|=5.2483	time=3.45it/s
2025-11-26 08:21:45,096 epoch=78	global_step=63400	acc=0.7500	acc_avg=0.7523	loss=0.9733	loss_avg=0.9381	lr=0.0011	|gn|=6.7781	time=3.45it/s
2025-11-26 08:22:19,369 epoch=78	global_step=63500	acc=0.7500	acc_avg=0.7509	loss=0.9057	loss_avg=0.9405	lr=0.0011	|gn|=5.6450	time=3.45it/s
2025-11-26 08:22:53,536 epoch=78	global_step=63600	acc=0.7500	acc_avg=0.7505	loss=1.1197	loss_avg=0.9440	lr=0.0011	|gn|=6.3331	time=3.45it/s
2025-11-26 08:23:27,693 epoch=78	global_step=63700	acc=0.7188	acc_avg=0.7498	loss=0.7840	loss_avg=0.9462	lr=0.0011	|gn|=5.9805	time=3.45it/s
2025-11-26 08:24:02,010 epoch=78	global_step=63800	acc=0.7812	acc_avg=0.7489	loss=1.1576	loss_avg=0.9498	lr=0.0011	|gn|=6.6425	time=3.45it/s
2025-11-26 08:24:12,673 ====================Eval Epoch 78====================
2025-11-26 08:24:15,223 epoch=78	global_step=31	acc=0.6250	acc_avg=0.6110	acc5=0.8750	acc5_avg=0.8180	loss=1.1675	loss_avg=4.6392	time=77.85it/s
2025-11-26 08:24:15,224 Eval Loss:4.6392	Eval acc: 61.10
2025-11-26 08:24:15,224 
2025-11-26 08:24:15,224 ====================Training Epoch 79====================
2025-11-26 08:24:39,384 epoch=79	global_step=63900	acc=0.7188	acc_avg=0.7360	loss=1.2308	loss_avg=0.9858	lr=0.0010	|gn|=7.5706	time=3.45it/s
2025-11-26 08:25:13,591 epoch=79	global_step=64000	acc=0.7812	acc_avg=0.7550	loss=0.9106	loss_avg=0.9407	lr=0.0010	|gn|=7.7632	time=3.45it/s
2025-11-26 08:25:47,820 epoch=79	global_step=64100	acc=0.6875	acc_avg=0.7521	loss=1.0098	loss_avg=0.9527	lr=0.0010	|gn|=6.1636	time=3.45it/s
2025-11-26 08:26:22,025 epoch=79	global_step=64200	acc=0.8125	acc_avg=0.7514	loss=0.8550	loss_avg=0.9518	lr=0.0010	|gn|=5.5678	time=3.45it/s
2025-11-26 08:26:56,248 epoch=79	global_step=64300	acc=0.7812	acc_avg=0.7516	loss=0.9141	loss_avg=0.9456	lr=0.0010	|gn|=5.0351	time=3.45it/s
2025-11-26 08:27:30,431 epoch=79	global_step=64400	acc=0.6250	acc_avg=0.7515	loss=1.1188	loss_avg=0.9523	lr=0.0010	|gn|=5.8183	time=3.45it/s
2025-11-26 08:28:04,654 epoch=79	global_step=64500	acc=0.6875	acc_avg=0.7506	loss=1.1579	loss_avg=0.9540	lr=0.0010	|gn|=7.7866	time=3.45it/s
2025-11-26 08:28:38,792 epoch=79	global_step=64600	acc=0.7188	acc_avg=0.7516	loss=1.2057	loss_avg=0.9496	lr=0.0010	|gn|=7.0769	time=3.45it/s
2025-11-26 08:28:52,209 ====================Eval Epoch 79====================
2025-11-26 08:28:54,736 epoch=79	global_step=31	acc=0.3750	acc_avg=0.5970	acc5=0.8750	acc5_avg=0.8040	loss=1.5684	loss_avg=7.6536	time=78.53it/s
2025-11-26 08:28:54,736 Eval Loss:7.6536	Eval acc: 59.70
2025-11-26 08:28:54,737 
2025-11-26 08:28:54,737 ====================Training Epoch 80====================
2025-11-26 08:29:16,187 epoch=80	global_step=64700	acc=0.8438	acc_avg=0.7515	loss=0.6791	loss_avg=0.9454	lr=0.0010	|gn|=5.3308	time=3.45it/s
2025-11-26 08:29:50,462 epoch=80	global_step=64800	acc=0.7188	acc_avg=0.7486	loss=0.8384	loss_avg=0.9574	lr=0.0010	|gn|=5.6158	time=3.45it/s
2025-11-26 08:30:24,608 epoch=80	global_step=64900	acc=0.5938	acc_avg=0.7501	loss=1.0999	loss_avg=0.9444	lr=0.0010	|gn|=7.5170	time=3.45it/s
2025-11-26 08:30:58,794 epoch=80	global_step=65000	acc=0.6875	acc_avg=0.7508	loss=1.1124	loss_avg=0.9455	lr=0.0010	|gn|=7.6362	time=3.44it/s
2025-11-26 08:31:32,892 epoch=80	global_step=65100	acc=0.8125	acc_avg=0.7518	loss=0.8554	loss_avg=0.9369	lr=0.0010	|gn|=6.2224	time=3.45it/s
2025-11-26 08:32:07,023 epoch=80	global_step=65200	acc=0.6875	acc_avg=0.7524	loss=0.9385	loss_avg=0.9376	lr=0.0010	|gn|=6.0480	time=3.45it/s
2025-11-26 08:32:41,130 epoch=80	global_step=65300	acc=0.7812	acc_avg=0.7533	loss=0.6772	loss_avg=0.9367	lr=0.0010	|gn|=5.4489	time=3.45it/s
2025-11-26 08:33:15,325 epoch=80	global_step=65400	acc=0.7812	acc_avg=0.7538	loss=0.7397	loss_avg=0.9386	lr=0.0010	|gn|=5.2295	time=3.45it/s
2025-11-26 08:33:31,498 ====================Eval Epoch 80====================
2025-11-26 08:33:34,050 epoch=80	global_step=31	acc=0.2500	acc_avg=0.5980	acc5=0.8750	acc5_avg=0.8060	loss=2.0701	loss_avg=9.0069	time=78.39it/s
2025-11-26 08:33:34,050 Eval Loss:9.0069	Eval acc: 59.80
2025-11-26 08:33:34,051 
2025-11-26 08:33:34,051 ====================Training Epoch 81====================
2025-11-26 08:33:52,762 epoch=81	global_step=65500	acc=0.7500	acc_avg=0.7506	loss=0.8894	loss_avg=0.9523	lr=0.0009	|gn|=6.8315	time=3.45it/s
2025-11-26 08:34:26,992 epoch=81	global_step=65600	acc=0.7812	acc_avg=0.7588	loss=0.7822	loss_avg=0.9255	lr=0.0009	|gn|=5.4074	time=3.45it/s
2025-11-26 08:35:01,182 epoch=81	global_step=65700	acc=0.8750	acc_avg=0.7603	loss=0.7469	loss_avg=0.9178	lr=0.0009	|gn|=5.4948	time=3.45it/s
2025-11-26 08:35:35,391 epoch=81	global_step=65800	acc=0.6875	acc_avg=0.7590	loss=0.9925	loss_avg=0.9234	lr=0.0009	|gn|=7.3486	time=3.45it/s
2025-11-26 08:36:09,602 epoch=81	global_step=65900	acc=0.5938	acc_avg=0.7583	loss=1.4814	loss_avg=0.9223	lr=0.0009	|gn|=7.7147	time=3.45it/s
2025-11-26 08:36:43,720 epoch=81	global_step=66000	acc=0.6562	acc_avg=0.7592	loss=1.3410	loss_avg=0.9199	lr=0.0009	|gn|=8.7912	time=3.45it/s
2025-11-26 08:37:18,028 epoch=81	global_step=66100	acc=0.7188	acc_avg=0.7601	loss=0.9707	loss_avg=0.9174	lr=0.0009	|gn|=6.8238	time=3.45it/s
2025-11-26 08:37:52,231 epoch=81	global_step=66200	acc=0.7188	acc_avg=0.7605	loss=1.1392	loss_avg=0.9157	lr=0.0009	|gn|=7.1049	time=3.45it/s
2025-11-26 08:38:11,131 ====================Eval Epoch 81====================
2025-11-26 08:38:13,725 epoch=81	global_step=31	acc=0.5000	acc_avg=0.6090	acc5=0.8750	acc5_avg=0.8120	loss=1.5450	loss_avg=6.3400	time=78.09it/s
2025-11-26 08:38:13,725 Eval Loss:6.3400	Eval acc: 60.90
2025-11-26 08:38:13,726 
2025-11-26 08:38:13,726 ====================Training Epoch 82====================
2025-11-26 08:38:29,712 epoch=82	global_step=66300	acc=0.7188	acc_avg=0.7507	loss=0.8402	loss_avg=0.9292	lr=0.0008	|gn|=6.2927	time=3.45it/s
2025-11-26 08:39:03,944 epoch=82	global_step=66400	acc=0.7812	acc_avg=0.7672	loss=0.7254	loss_avg=0.8900	lr=0.0008	|gn|=6.2357	time=3.45it/s
2025-11-26 08:39:38,126 epoch=82	global_step=66500	acc=0.8750	acc_avg=0.7676	loss=0.7767	loss_avg=0.8879	lr=0.0008	|gn|=5.7751	time=3.45it/s
2025-11-26 08:40:12,349 epoch=82	global_step=66600	acc=0.8125	acc_avg=0.7649	loss=0.8609	loss_avg=0.8987	lr=0.0008	|gn|=5.4183	time=3.45it/s
2025-11-26 08:40:46,506 epoch=82	global_step=66700	acc=0.6562	acc_avg=0.7624	loss=1.2677	loss_avg=0.9045	lr=0.0008	|gn|=6.8825	time=3.45it/s
2025-11-26 08:41:20,731 epoch=82	global_step=66800	acc=0.7500	acc_avg=0.7640	loss=0.7306	loss_avg=0.8996	lr=0.0008	|gn|=5.6181	time=3.45it/s
2025-11-26 08:41:54,888 epoch=82	global_step=66900	acc=0.7188	acc_avg=0.7651	loss=0.9873	loss_avg=0.8976	lr=0.0008	|gn|=6.9961	time=3.45it/s
2025-11-26 08:42:29,067 epoch=82	global_step=67000	acc=0.7188	acc_avg=0.7622	loss=0.9070	loss_avg=0.9056	lr=0.0008	|gn|=7.4646	time=3.45it/s
2025-11-26 08:42:50,680 ====================Eval Epoch 82====================
2025-11-26 08:42:53,224 epoch=82	global_step=31	acc=0.5000	acc_avg=0.6160	acc5=0.7500	acc5_avg=0.8060	loss=2.1881	loss_avg=4.3571	time=78.27it/s
2025-11-26 08:42:53,224 Eval Loss:4.3571	Eval acc: 61.60
2025-11-26 08:42:53,225 
2025-11-26 08:42:53,225 ====================Training Epoch 83====================
2025-11-26 08:43:06,546 epoch=83	global_step=67100	acc=0.9062	acc_avg=0.7779	loss=0.4943	loss_avg=0.8906	lr=0.0007	|gn|=3.9280	time=3.45it/s
2025-11-26 08:43:40,732 epoch=83	global_step=67200	acc=0.8125	acc_avg=0.7742	loss=0.7207	loss_avg=0.8738	lr=0.0007	|gn|=5.2551	time=3.45it/s
2025-11-26 08:44:14,938 epoch=83	global_step=67300	acc=0.8438	acc_avg=0.7732	loss=0.5277	loss_avg=0.8729	lr=0.0007	|gn|=5.0899	time=3.45it/s
2025-11-26 08:44:49,172 epoch=83	global_step=67400	acc=0.6250	acc_avg=0.7722	loss=1.4003	loss_avg=0.8785	lr=0.0007	|gn|=9.4391	time=3.45it/s
2025-11-26 08:45:23,339 epoch=83	global_step=67500	acc=0.7188	acc_avg=0.7695	loss=1.1010	loss_avg=0.8843	lr=0.0007	|gn|=7.0300	time=3.45it/s
2025-11-26 08:45:57,576 epoch=83	global_step=67600	acc=0.8438	acc_avg=0.7675	loss=0.6897	loss_avg=0.8906	lr=0.0007	|gn|=6.2205	time=3.45it/s
2025-11-26 08:46:31,838 epoch=83	global_step=67700	acc=0.9062	acc_avg=0.7668	loss=0.5359	loss_avg=0.8941	lr=0.0007	|gn|=5.9576	time=3.45it/s
2025-11-26 08:47:06,097 epoch=83	global_step=67800	acc=0.7812	acc_avg=0.7652	loss=0.7574	loss_avg=0.8975	lr=0.0007	|gn|=5.9731	time=3.45it/s
2025-11-26 08:47:30,403 ====================Eval Epoch 83====================
2025-11-26 08:47:32,924 epoch=83	global_step=31	acc=0.6250	acc_avg=0.6150	acc5=0.8750	acc5_avg=0.8230	loss=1.3999	loss_avg=3.2662	time=78.23it/s
2025-11-26 08:47:32,924 Eval Loss:3.2662	Eval acc: 61.50
2025-11-26 08:47:32,924 
2025-11-26 08:47:32,924 ====================Training Epoch 84====================
2025-11-26 08:47:43,556 epoch=84	global_step=67900	acc=0.7812	acc_avg=0.7629	loss=0.9323	loss_avg=0.9106	lr=0.0006	|gn|=7.2901	time=3.45it/s
2025-11-26 08:48:17,765 epoch=84	global_step=68000	acc=0.8438	acc_avg=0.7614	loss=1.0030	loss_avg=0.8898	lr=0.0006	|gn|=7.0009	time=3.45it/s
2025-11-26 08:48:52,010 epoch=84	global_step=68100	acc=0.8438	acc_avg=0.7665	loss=0.7859	loss_avg=0.8917	lr=0.0006	|gn|=6.0966	time=3.45it/s
2025-11-26 08:49:26,222 epoch=84	global_step=68200	acc=0.6562	acc_avg=0.7658	loss=0.8461	loss_avg=0.8906	lr=0.0006	|gn|=5.3547	time=3.45it/s
2025-11-26 08:50:00,499 epoch=84	global_step=68300	acc=0.8125	acc_avg=0.7681	loss=0.9204	loss_avg=0.8868	lr=0.0006	|gn|=5.2805	time=3.45it/s
2025-11-26 08:50:34,805 epoch=84	global_step=68400	acc=0.9688	acc_avg=0.7682	loss=0.4785	loss_avg=0.8899	lr=0.0006	|gn|=4.4803	time=3.45it/s
2025-11-26 08:51:09,034 epoch=84	global_step=68500	acc=0.8438	acc_avg=0.7699	loss=0.7475	loss_avg=0.8821	lr=0.0006	|gn|=6.4930	time=3.45it/s
2025-11-26 08:51:43,294 epoch=84	global_step=68600	acc=0.8125	acc_avg=0.7685	loss=0.7009	loss_avg=0.8864	lr=0.0006	|gn|=5.7492	time=3.45it/s
2025-11-26 08:52:10,449 ====================Eval Epoch 84====================
2025-11-26 08:52:13,000 epoch=84	global_step=31	acc=0.6250	acc_avg=0.6060	acc5=0.8750	acc5_avg=0.8020	loss=1.4441	loss_avg=4.5512	time=78.03it/s
2025-11-26 08:52:13,000 Eval Loss:4.5512	Eval acc: 60.60
2025-11-26 08:52:13,001 
2025-11-26 08:52:13,001 ====================Training Epoch 85====================
2025-11-26 08:52:20,868 epoch=85	global_step=68700	acc=0.8750	acc_avg=0.7961	loss=0.7690	loss_avg=0.8401	lr=0.0005	|gn|=5.7644	time=3.45it/s
2025-11-26 08:52:55,028 epoch=85	global_step=68800	acc=0.7500	acc_avg=0.7836	loss=0.9410	loss_avg=0.8512	lr=0.0005	|gn|=6.2787	time=3.45it/s
2025-11-26 08:53:29,158 epoch=85	global_step=68900	acc=0.6875	acc_avg=0.7791	loss=1.1649	loss_avg=0.8612	lr=0.0005	|gn|=7.5150	time=3.45it/s
2025-11-26 08:54:03,368 epoch=85	global_step=69000	acc=0.7188	acc_avg=0.7789	loss=1.1799	loss_avg=0.8556	lr=0.0005	|gn|=7.8539	time=3.45it/s
2025-11-26 08:54:37,557 epoch=85	global_step=69100	acc=0.8750	acc_avg=0.7755	loss=0.8308	loss_avg=0.8751	lr=0.0005	|gn|=6.8114	time=3.45it/s
2025-11-26 08:55:11,781 epoch=85	global_step=69200	acc=0.7812	acc_avg=0.7736	loss=0.9179	loss_avg=0.8814	lr=0.0005	|gn|=6.4525	time=3.45it/s
2025-11-26 08:55:45,974 epoch=85	global_step=69300	acc=0.6562	acc_avg=0.7731	loss=0.8881	loss_avg=0.8783	lr=0.0005	|gn|=6.6778	time=3.45it/s
2025-11-26 08:56:20,219 epoch=85	global_step=69400	acc=0.7188	acc_avg=0.7715	loss=0.8509	loss_avg=0.8793	lr=0.0005	|gn|=6.2489	time=3.45it/s
2025-11-26 08:56:49,974 ====================Eval Epoch 85====================
2025-11-26 08:56:52,515 epoch=85	global_step=31	acc=0.6250	acc_avg=0.6140	acc5=0.8750	acc5_avg=0.8130	loss=1.6845	loss_avg=5.5736	time=78.23it/s
2025-11-26 08:56:52,515 Eval Loss:5.5736	Eval acc: 61.40
2025-11-26 08:56:52,515 
2025-11-26 08:56:52,515 ====================Training Epoch 86====================
2025-11-26 08:56:57,569 epoch=86	global_step=69500	acc=0.7812	acc_avg=0.7981	loss=0.7790	loss_avg=0.7744	lr=0.0005	|gn|=5.9061	time=3.45it/s
2025-11-26 08:57:31,768 epoch=86	global_step=69600	acc=0.8438	acc_avg=0.7790	loss=0.6184	loss_avg=0.8590	lr=0.0005	|gn|=5.5313	time=3.45it/s
2025-11-26 08:58:06,067 epoch=86	global_step=69700	acc=0.8125	acc_avg=0.7764	loss=0.9530	loss_avg=0.8495	lr=0.0005	|gn|=6.4337	time=3.45it/s
2025-11-26 08:58:40,273 epoch=86	global_step=69800	acc=0.7812	acc_avg=0.7767	loss=0.8590	loss_avg=0.8489	lr=0.0005	|gn|=6.7345	time=3.45it/s
2025-11-26 08:59:14,466 epoch=86	global_step=69900	acc=0.7812	acc_avg=0.7797	loss=1.0885	loss_avg=0.8438	lr=0.0005	|gn|=6.3021	time=3.45it/s
2025-11-26 08:59:48,748 epoch=86	global_step=70000	acc=0.8750	acc_avg=0.7780	loss=0.7873	loss_avg=0.8502	lr=0.0005	|gn|=6.3844	time=3.45it/s
2025-11-26 09:00:22,949 epoch=86	global_step=70100	acc=0.6875	acc_avg=0.7757	loss=1.1554	loss_avg=0.8548	lr=0.0005	|gn|=6.7711	time=3.45it/s
2025-11-26 09:00:57,124 epoch=86	global_step=70200	acc=0.7500	acc_avg=0.7744	loss=0.8642	loss_avg=0.8604	lr=0.0005	|gn|=6.4971	time=3.44it/s
2025-11-26 09:01:29,625 ====================Eval Epoch 86====================
2025-11-26 09:01:32,164 epoch=86	global_step=31	acc=0.5000	acc_avg=0.6080	acc5=0.8750	acc5_avg=0.8070	loss=1.6078	loss_avg=7.6517	time=78.01it/s
2025-11-26 09:01:32,164 Eval Loss:7.6517	Eval acc: 60.80
2025-11-26 09:01:32,165 
2025-11-26 09:01:32,165 ====================Training Epoch 87====================
2025-11-26 09:01:34,512 epoch=87	global_step=70300	acc=0.6562	acc_avg=0.7125	loss=1.1876	loss_avg=1.0853	lr=0.0004	|gn|=7.9490	time=3.45it/s
2025-11-26 09:02:08,663 epoch=87	global_step=70400	acc=0.6250	acc_avg=0.7682	loss=1.1584	loss_avg=0.8826	lr=0.0004	|gn|=7.9337	time=3.45it/s
2025-11-26 09:02:42,868 epoch=87	global_step=70500	acc=0.9062	acc_avg=0.7723	loss=0.7012	loss_avg=0.8741	lr=0.0004	|gn|=5.2151	time=3.45it/s
2025-11-26 09:03:16,948 epoch=87	global_step=70600	acc=0.7812	acc_avg=0.7740	loss=1.0196	loss_avg=0.8698	lr=0.0004	|gn|=6.6545	time=3.45it/s
2025-11-26 09:03:51,075 epoch=87	global_step=70700	acc=0.8750	acc_avg=0.7758	loss=0.4782	loss_avg=0.8645	lr=0.0004	|gn|=5.1185	time=3.45it/s
2025-11-26 09:04:25,255 epoch=87	global_step=70800	acc=0.7188	acc_avg=0.7750	loss=1.0815	loss_avg=0.8655	lr=0.0004	|gn|=7.4352	time=3.45it/s
2025-11-26 09:04:59,526 epoch=87	global_step=70900	acc=0.6562	acc_avg=0.7754	loss=0.9545	loss_avg=0.8627	lr=0.0004	|gn|=7.7890	time=3.45it/s
2025-11-26 09:05:33,746 epoch=87	global_step=71000	acc=0.8750	acc_avg=0.7740	loss=0.5638	loss_avg=0.8651	lr=0.0004	|gn|=5.3512	time=3.45it/s
2025-11-26 09:06:08,049 epoch=87	global_step=71100	acc=0.7500	acc_avg=0.7731	loss=0.7533	loss_avg=0.8645	lr=0.0004	|gn|=5.2422	time=3.45it/s
2025-11-26 09:06:09,139 ====================Eval Epoch 87====================
2025-11-26 09:06:11,743 epoch=87	global_step=31	acc=0.6250	acc_avg=0.6250	acc5=0.8750	acc5_avg=0.8320	loss=1.4812	loss_avg=2.5595	time=77.98it/s
2025-11-26 09:06:11,743 Eval Loss:2.5595	Eval acc: 62.50
2025-11-26 09:06:11,745 
2025-11-26 09:06:11,745 ====================Training Epoch 88====================
2025-11-26 09:06:45,591 epoch=88	global_step=71200	acc=0.9688	acc_avg=0.7887	loss=0.3861	loss_avg=0.8191	lr=0.0004	|gn|=4.7448	time=3.45it/s
2025-11-26 09:07:19,806 epoch=88	global_step=71300	acc=0.6875	acc_avg=0.7852	loss=0.9900	loss_avg=0.8282	lr=0.0004	|gn|=7.7418	time=3.45it/s
2025-11-26 09:07:54,036 epoch=88	global_step=71400	acc=0.8125	acc_avg=0.7852	loss=0.8735	loss_avg=0.8314	lr=0.0004	|gn|=6.7513	time=3.45it/s
2025-11-26 09:08:28,272 epoch=88	global_step=71500	acc=0.7812	acc_avg=0.7826	loss=1.0338	loss_avg=0.8401	lr=0.0004	|gn|=6.7016	time=3.45it/s
2025-11-26 09:09:02,389 epoch=88	global_step=71600	acc=0.7188	acc_avg=0.7777	loss=1.0149	loss_avg=0.8523	lr=0.0004	|gn|=7.3750	time=3.45it/s
2025-11-26 09:09:36,529 epoch=88	global_step=71700	acc=0.8125	acc_avg=0.7752	loss=0.7920	loss_avg=0.8597	lr=0.0004	|gn|=6.9574	time=3.45it/s
2025-11-26 09:10:10,739 epoch=88	global_step=71800	acc=0.7500	acc_avg=0.7752	loss=0.7532	loss_avg=0.8579	lr=0.0004	|gn|=5.7348	time=3.45it/s
2025-11-26 09:10:45,084 epoch=88	global_step=71900	acc=0.7188	acc_avg=0.7761	loss=0.7910	loss_avg=0.8549	lr=0.0004	|gn|=6.3694	time=3.45it/s
2025-11-26 09:10:48,926 ====================Eval Epoch 88====================
2025-11-26 09:10:51,488 epoch=88	global_step=31	acc=0.3750	acc_avg=0.6170	acc5=0.8750	acc5_avg=0.8220	loss=1.5794	loss_avg=3.7930	time=77.96it/s
2025-11-26 09:10:51,489 Eval Loss:3.7930	Eval acc: 61.70
2025-11-26 09:10:51,489 
2025-11-26 09:10:51,489 ====================Training Epoch 89====================
2025-11-26 09:11:22,540 epoch=89	global_step=72000	acc=0.7812	acc_avg=0.7686	loss=0.6495	loss_avg=0.8607	lr=0.0003	|gn|=6.1875	time=3.45it/s
2025-11-26 09:11:56,641 epoch=89	global_step=72100	acc=0.8438	acc_avg=0.7733	loss=0.6486	loss_avg=0.8536	lr=0.0003	|gn|=5.6406	time=3.45it/s
2025-11-26 09:12:30,751 epoch=89	global_step=72200	acc=0.7188	acc_avg=0.7709	loss=1.1069	loss_avg=0.8641	lr=0.0003	|gn|=7.1962	time=3.45it/s
2025-11-26 09:13:04,840 epoch=89	global_step=72300	acc=0.8438	acc_avg=0.7741	loss=0.8725	loss_avg=0.8623	lr=0.0003	|gn|=4.9386	time=3.45it/s
2025-11-26 09:13:38,933 epoch=89	global_step=72400	acc=0.8125	acc_avg=0.7743	loss=0.7629	loss_avg=0.8612	lr=0.0003	|gn|=7.6709	time=3.45it/s
2025-11-26 09:14:13,223 epoch=89	global_step=72500	acc=0.5312	acc_avg=0.7745	loss=1.4771	loss_avg=0.8604	lr=0.0003	|gn|=9.2381	time=3.45it/s
2025-11-26 09:14:47,449 epoch=89	global_step=72600	acc=0.7188	acc_avg=0.7751	loss=0.8650	loss_avg=0.8590	lr=0.0003	|gn|=6.2498	time=3.45it/s
2025-11-26 09:15:21,811 epoch=89	global_step=72700	acc=0.7500	acc_avg=0.7749	loss=1.1774	loss_avg=0.8609	lr=0.0003	|gn|=8.5346	time=3.45it/s
2025-11-26 09:15:28,419 ====================Eval Epoch 89====================
2025-11-26 09:15:30,953 epoch=89	global_step=31	acc=0.6250	acc_avg=0.6170	acc5=0.8750	acc5_avg=0.8090	loss=1.4710	loss_avg=8.9500	time=78.27it/s
2025-11-26 09:15:30,954 Eval Loss:8.9500	Eval acc: 61.70
2025-11-26 09:15:30,954 
2025-11-26 09:15:30,954 ====================Training Epoch 90====================
2025-11-26 09:15:59,280 epoch=90	global_step=72800	acc=0.7188	acc_avg=0.7843	loss=1.0197	loss_avg=0.8313	lr=0.0002	|gn|=6.2500	time=3.45it/s
2025-11-26 09:16:33,375 epoch=90	global_step=72900	acc=0.7188	acc_avg=0.7766	loss=1.0799	loss_avg=0.8562	lr=0.0002	|gn|=7.5241	time=3.45it/s
2025-11-26 09:17:07,476 epoch=90	global_step=73000	acc=0.8438	acc_avg=0.7752	loss=0.7722	loss_avg=0.8483	lr=0.0002	|gn|=5.5085	time=3.45it/s
2025-11-26 09:17:41,622 epoch=90	global_step=73100	acc=0.7812	acc_avg=0.7797	loss=0.6470	loss_avg=0.8356	lr=0.0002	|gn|=4.8498	time=3.45it/s
2025-11-26 09:18:15,930 epoch=90	global_step=73200	acc=0.7500	acc_avg=0.7807	loss=1.1058	loss_avg=0.8379	lr=0.0002	|gn|=7.9924	time=3.45it/s
2025-11-26 09:18:50,036 epoch=90	global_step=73300	acc=0.8750	acc_avg=0.7791	loss=0.6054	loss_avg=0.8459	lr=0.0002	|gn|=5.4798	time=3.45it/s
2025-11-26 09:19:24,139 epoch=90	global_step=73400	acc=0.6562	acc_avg=0.7784	loss=1.2350	loss_avg=0.8463	lr=0.0002	|gn|=8.2731	time=3.45it/s
2025-11-26 09:19:58,239 epoch=90	global_step=73500	acc=0.7812	acc_avg=0.7800	loss=0.6589	loss_avg=0.8410	lr=0.0002	|gn|=5.8776	time=3.45it/s
2025-11-26 09:20:07,513 ====================Eval Epoch 90====================
2025-11-26 09:20:10,093 epoch=90	global_step=31	acc=0.6250	acc_avg=0.6100	acc5=0.8750	acc5_avg=0.8110	loss=1.5167	loss_avg=6.6136	time=78.50it/s
2025-11-26 09:20:10,093 Eval Loss:6.6136	Eval acc: 61.00
2025-11-26 09:20:10,093 
2025-11-26 09:20:10,093 ====================Training Epoch 91====================
2025-11-26 09:20:35,687 epoch=91	global_step=73600	acc=0.8750	acc_avg=0.7761	loss=0.5639	loss_avg=0.8436	lr=0.0002	|gn|=6.4505	time=3.45it/s
2025-11-26 09:21:09,921 epoch=91	global_step=73700	acc=0.8438	acc_avg=0.7836	loss=0.6336	loss_avg=0.8276	lr=0.0002	|gn|=6.3329	time=3.45it/s
2025-11-26 09:21:44,135 epoch=91	global_step=73800	acc=0.7188	acc_avg=0.7825	loss=0.9031	loss_avg=0.8293	lr=0.0002	|gn|=6.5372	time=3.45it/s
2025-11-26 09:22:18,458 epoch=91	global_step=73900	acc=0.7812	acc_avg=0.7798	loss=0.7691	loss_avg=0.8450	lr=0.0002	|gn|=6.2252	time=3.44it/s
2025-11-26 09:22:52,648 epoch=91	global_step=74000	acc=0.7812	acc_avg=0.7836	loss=0.6979	loss_avg=0.8388	lr=0.0002	|gn|=7.0127	time=3.45it/s
2025-11-26 09:23:26,720 epoch=91	global_step=74100	acc=0.8125	acc_avg=0.7830	loss=0.7119	loss_avg=0.8429	lr=0.0002	|gn|=6.4156	time=3.45it/s
2025-11-26 09:24:00,810 epoch=91	global_step=74200	acc=0.7812	acc_avg=0.7841	loss=0.7994	loss_avg=0.8387	lr=0.0002	|gn|=5.2867	time=3.45it/s
2025-11-26 09:24:34,892 epoch=91	global_step=74300	acc=0.7812	acc_avg=0.7832	loss=1.1610	loss_avg=0.8406	lr=0.0002	|gn|=8.3686	time=3.45it/s
2025-11-26 09:24:46,873 ====================Eval Epoch 91====================
2025-11-26 09:24:49,448 epoch=91	global_step=31	acc=0.5000	acc_avg=0.6120	acc5=0.8750	acc5_avg=0.8110	loss=1.7600	loss_avg=6.1453	time=78.22it/s
2025-11-26 09:24:49,448 Eval Loss:6.1453	Eval acc: 61.20
2025-11-26 09:24:49,449 
2025-11-26 09:24:49,449 ====================Training Epoch 92====================
2025-11-26 09:25:12,195 epoch=92	global_step=74400	acc=0.9375	acc_avg=0.7841	loss=0.7110	loss_avg=0.8462	lr=0.0002	|gn|=6.2599	time=3.45it/s
2025-11-26 09:25:46,267 epoch=92	global_step=74500	acc=0.6562	acc_avg=0.7881	loss=1.1973	loss_avg=0.8299	lr=0.0002	|gn|=8.0919	time=3.45it/s
2025-11-26 09:26:20,331 epoch=92	global_step=74600	acc=0.6875	acc_avg=0.7854	loss=0.9961	loss_avg=0.8440	lr=0.0002	|gn|=7.2206	time=3.45it/s
2025-11-26 09:26:54,422 epoch=92	global_step=74700	acc=0.6875	acc_avg=0.7859	loss=0.9049	loss_avg=0.8379	lr=0.0002	|gn|=7.1097	time=3.45it/s
2025-11-26 09:27:28,492 epoch=92	global_step=74800	acc=0.7812	acc_avg=0.7856	loss=0.7709	loss_avg=0.8359	lr=0.0002	|gn|=6.5835	time=3.45it/s
2025-11-26 09:28:02,564 epoch=92	global_step=74900	acc=0.7500	acc_avg=0.7845	loss=1.0161	loss_avg=0.8369	lr=0.0002	|gn|=7.1869	time=3.45it/s
2025-11-26 09:28:36,640 epoch=92	global_step=75000	acc=0.6875	acc_avg=0.7842	loss=1.4816	loss_avg=0.8358	lr=0.0002	|gn|=8.9041	time=3.45it/s
2025-11-26 09:29:10,714 epoch=92	global_step=75100	acc=0.7500	acc_avg=0.7821	loss=0.8361	loss_avg=0.8402	lr=0.0002	|gn|=6.2986	time=3.45it/s
2025-11-26 09:29:25,426 ====================Eval Epoch 92====================
2025-11-26 09:29:27,981 epoch=92	global_step=31	acc=0.6250	acc_avg=0.6050	acc5=0.8750	acc5_avg=0.8170	loss=1.3284	loss_avg=3.9693	time=78.42it/s
2025-11-26 09:29:27,981 Eval Loss:3.9693	Eval acc: 60.50
2025-11-26 09:29:27,981 
2025-11-26 09:29:27,981 ====================Training Epoch 93====================
2025-11-26 09:29:48,150 epoch=93	global_step=75200	acc=0.8750	acc_avg=0.7840	loss=0.5265	loss_avg=0.8502	lr=0.0001	|gn|=4.3682	time=3.45it/s
2025-11-26 09:30:22,250 epoch=93	global_step=75300	acc=0.8750	acc_avg=0.7874	loss=0.4836	loss_avg=0.8248	lr=0.0001	|gn|=4.1974	time=3.45it/s
2025-11-26 09:30:56,350 epoch=93	global_step=75400	acc=0.6875	acc_avg=0.7906	loss=1.2840	loss_avg=0.8149	lr=0.0001	|gn|=8.1656	time=3.45it/s
2025-11-26 09:31:30,457 epoch=93	global_step=75500	acc=0.6875	acc_avg=0.7888	loss=1.0705	loss_avg=0.8169	lr=0.0001	|gn|=7.3397	time=3.45it/s
2025-11-26 09:32:04,555 epoch=93	global_step=75600	acc=0.7812	acc_avg=0.7890	loss=0.9182	loss_avg=0.8154	lr=0.0001	|gn|=9.2920	time=3.45it/s
2025-11-26 09:32:38,632 epoch=93	global_step=75700	acc=0.8125	acc_avg=0.7869	loss=0.6585	loss_avg=0.8184	lr=0.0001	|gn|=5.1377	time=3.45it/s
2025-11-26 09:33:12,696 epoch=93	global_step=75800	acc=0.9062	acc_avg=0.7865	loss=0.4667	loss_avg=0.8210	lr=0.0001	|gn|=4.1045	time=3.45it/s
2025-11-26 09:33:46,778 epoch=93	global_step=75900	acc=0.8125	acc_avg=0.7865	loss=0.7436	loss_avg=0.8214	lr=0.0001	|gn|=5.5882	time=3.45it/s
2025-11-26 09:34:04,214 ====================Eval Epoch 93====================
2025-11-26 09:34:06,801 epoch=93	global_step=31	acc=0.6250	acc_avg=0.5990	acc5=0.8750	acc5_avg=0.8040	loss=1.4083	loss_avg=7.5533	time=78.31it/s
2025-11-26 09:34:06,801 Eval Loss:7.5533	Eval acc: 59.90
2025-11-26 09:34:06,802 
2025-11-26 09:34:06,802 ====================Training Epoch 94====================
2025-11-26 09:34:24,124 epoch=94	global_step=76000	acc=0.7812	acc_avg=0.7698	loss=0.7914	loss_avg=0.8150	lr=0.0001	|gn|=6.7570	time=3.45it/s
2025-11-26 09:34:58,221 epoch=94	global_step=76100	acc=0.8750	acc_avg=0.7802	loss=0.5076	loss_avg=0.8334	lr=0.0001	|gn|=5.2698	time=3.45it/s
2025-11-26 09:35:32,335 epoch=94	global_step=76200	acc=0.9062	acc_avg=0.7850	loss=0.6314	loss_avg=0.8251	lr=0.0001	|gn|=5.6974	time=3.45it/s
2025-11-26 09:36:06,445 epoch=94	global_step=76300	acc=0.7500	acc_avg=0.7842	loss=1.1574	loss_avg=0.8346	lr=0.0001	|gn|=7.8095	time=3.45it/s
2025-11-26 09:36:40,553 epoch=94	global_step=76400	acc=0.6875	acc_avg=0.7874	loss=1.1526	loss_avg=0.8246	lr=0.0001	|gn|=7.0465	time=3.45it/s
2025-11-26 09:37:14,659 epoch=94	global_step=76500	acc=0.6875	acc_avg=0.7867	loss=0.9250	loss_avg=0.8254	lr=0.0001	|gn|=7.6264	time=3.45it/s
2025-11-26 09:37:48,763 epoch=94	global_step=76600	acc=0.8125	acc_avg=0.7861	loss=0.6053	loss_avg=0.8281	lr=0.0001	|gn|=5.7639	time=3.45it/s
2025-11-26 09:38:22,879 epoch=94	global_step=76700	acc=0.8125	acc_avg=0.7858	loss=0.8289	loss_avg=0.8250	lr=0.0001	|gn|=7.6320	time=3.45it/s
2025-11-26 09:38:43,077 ====================Eval Epoch 94====================
2025-11-26 09:38:45,621 epoch=94	global_step=31	acc=0.5000	acc_avg=0.5930	acc5=0.8750	acc5_avg=0.7910	loss=1.3911	loss_avg=13.8718	time=78.50it/s
2025-11-26 09:38:45,622 Eval Loss:13.8718	Eval acc: 59.30
2025-11-26 09:38:45,622 
2025-11-26 09:38:45,622 ====================Training Epoch 95====================
2025-11-26 09:39:00,235 epoch=95	global_step=76800	acc=0.7188	acc_avg=0.8064	loss=0.8362	loss_avg=0.7863	lr=0.0001	|gn|=6.1184	time=3.45it/s
2025-11-26 09:39:34,328 epoch=95	global_step=76900	acc=0.7812	acc_avg=0.7917	loss=0.9253	loss_avg=0.8297	lr=0.0001	|gn|=6.4586	time=3.45it/s
2025-11-26 09:40:08,414 epoch=95	global_step=77000	acc=0.7500	acc_avg=0.7885	loss=0.9957	loss_avg=0.8431	lr=0.0001	|gn|=8.7308	time=3.45it/s
2025-11-26 09:40:42,490 epoch=95	global_step=77100	acc=0.6875	acc_avg=0.7883	loss=0.7457	loss_avg=0.8332	lr=0.0001	|gn|=6.6562	time=3.45it/s
2025-11-26 09:41:16,572 epoch=95	global_step=77200	acc=0.7812	acc_avg=0.7883	loss=0.9424	loss_avg=0.8312	lr=0.0001	|gn|=6.5361	time=3.45it/s
2025-11-26 09:41:50,679 epoch=95	global_step=77300	acc=0.8438	acc_avg=0.7849	loss=0.8500	loss_avg=0.8368	lr=0.0001	|gn|=6.5827	time=3.45it/s
2025-11-26 09:42:24,767 epoch=95	global_step=77400	acc=0.7188	acc_avg=0.7855	loss=0.9915	loss_avg=0.8345	lr=0.0001	|gn|=6.8702	time=3.45it/s
2025-11-26 09:42:58,845 epoch=95	global_step=77500	acc=0.6250	acc_avg=0.7837	loss=1.2285	loss_avg=0.8383	lr=0.0001	|gn|=9.0302	time=3.44it/s
2025-11-26 09:43:21,716 ====================Eval Epoch 95====================
2025-11-26 09:43:24,225 epoch=95	global_step=31	acc=0.6250	acc_avg=0.6060	acc5=0.8750	acc5_avg=0.8050	loss=1.3072	loss_avg=10.3398	time=78.24it/s
2025-11-26 09:43:24,225 Eval Loss:10.3398	Eval acc: 60.60
2025-11-26 09:43:24,227 
2025-11-26 09:43:24,227 ====================Training Epoch 96====================
2025-11-26 09:43:36,111 epoch=96	global_step=77600	acc=0.8750	acc_avg=0.7765	loss=0.5973	loss_avg=0.8365	lr=0.0000	|gn|=4.9452	time=3.45it/s
2025-11-26 09:44:10,222 epoch=96	global_step=77700	acc=0.8750	acc_avg=0.7885	loss=0.6301	loss_avg=0.8266	lr=0.0000	|gn|=5.4348	time=3.45it/s
2025-11-26 09:44:44,326 epoch=96	global_step=77800	acc=0.9375	acc_avg=0.7823	loss=0.4628	loss_avg=0.8334	lr=0.0000	|gn|=4.5988	time=3.45it/s
2025-11-26 09:45:18,452 epoch=96	global_step=77900	acc=0.8750	acc_avg=0.7838	loss=0.6215	loss_avg=0.8307	lr=0.0000	|gn|=6.3709	time=3.45it/s
2025-11-26 09:45:52,587 epoch=96	global_step=78000	acc=0.7500	acc_avg=0.7861	loss=0.8712	loss_avg=0.8242	lr=0.0000	|gn|=6.8007	time=3.45it/s
2025-11-26 09:46:26,738 epoch=96	global_step=78100	acc=0.7500	acc_avg=0.7854	loss=0.7530	loss_avg=0.8302	lr=0.0000	|gn|=6.5352	time=3.45it/s
2025-11-26 09:47:00,875 epoch=96	global_step=78200	acc=0.6875	acc_avg=0.7826	loss=1.1138	loss_avg=0.8360	lr=0.0000	|gn|=7.5848	time=3.45it/s
2025-11-26 09:47:34,997 epoch=96	global_step=78300	acc=0.7188	acc_avg=0.7824	loss=1.0844	loss_avg=0.8353	lr=0.0000	|gn|=7.7679	time=3.45it/s
2025-11-26 09:48:00,641 ====================Eval Epoch 96====================
2025-11-26 09:48:03,225 epoch=96	global_step=31	acc=0.5000	acc_avg=0.6260	acc5=0.8750	acc5_avg=0.8260	loss=1.5123	loss_avg=2.7724	time=71.46it/s
2025-11-26 09:48:03,225 Eval Loss:2.7724	Eval acc: 62.60
2025-11-26 09:48:03,225 
2025-11-26 09:48:03,225 ====================Training Epoch 97====================
2025-11-26 09:48:12,363 epoch=97	global_step=78400	acc=0.8125	acc_avg=0.7788	loss=0.7416	loss_avg=0.8317	lr=0.0000	|gn|=7.0957	time=3.45it/s
2025-11-26 09:48:46,474 epoch=97	global_step=78500	acc=0.8125	acc_avg=0.7945	loss=0.7574	loss_avg=0.8087	lr=0.0000	|gn|=5.8771	time=3.45it/s
2025-11-26 09:49:20,588 epoch=97	global_step=78600	acc=0.9375	acc_avg=0.7846	loss=0.4864	loss_avg=0.8429	lr=0.0000	|gn|=5.1085	time=3.45it/s
2025-11-26 09:49:54,691 epoch=97	global_step=78700	acc=0.8438	acc_avg=0.7843	loss=0.7781	loss_avg=0.8381	lr=0.0000	|gn|=6.0527	time=3.45it/s
2025-11-26 09:50:28,791 epoch=97	global_step=78800	acc=0.8750	acc_avg=0.7847	loss=0.5902	loss_avg=0.8345	lr=0.0000	|gn|=5.2885	time=3.45it/s
2025-11-26 09:51:02,893 epoch=97	global_step=78900	acc=0.7812	acc_avg=0.7861	loss=0.9757	loss_avg=0.8301	lr=0.0000	|gn|=7.4562	time=3.45it/s
2025-11-26 09:51:37,013 epoch=97	global_step=79000	acc=0.7188	acc_avg=0.7864	loss=0.8792	loss_avg=0.8240	lr=0.0000	|gn|=6.7343	time=3.45it/s
2025-11-26 09:52:11,091 epoch=97	global_step=79100	acc=0.6875	acc_avg=0.7864	loss=1.2149	loss_avg=0.8234	lr=0.0000	|gn|=7.8817	time=3.45it/s
2025-11-26 09:52:39,453 ====================Eval Epoch 97====================
2025-11-26 09:52:41,981 epoch=97	global_step=31	acc=0.5000	acc_avg=0.6160	acc5=1.0000	acc5_avg=0.8260	loss=1.2781	loss_avg=2.7740	time=78.37it/s
2025-11-26 09:52:41,981 Eval Loss:2.7740	Eval acc: 61.60
2025-11-26 09:52:41,981 
2025-11-26 09:52:41,981 ====================Training Epoch 98====================
2025-11-26 09:52:48,371 epoch=98	global_step=79200	acc=0.8125	acc_avg=0.7923	loss=0.5512	loss_avg=0.7871	lr=0.0000	|gn|=5.8905	time=3.45it/s
2025-11-26 09:53:22,487 epoch=98	global_step=79300	acc=0.6250	acc_avg=0.7839	loss=1.0096	loss_avg=0.8165	lr=0.0000	|gn|=6.6514	time=3.45it/s
2025-11-26 09:53:56,584 epoch=98	global_step=79400	acc=0.9062	acc_avg=0.7823	loss=0.4547	loss_avg=0.8299	lr=0.0000	|gn|=4.9740	time=3.45it/s
2025-11-26 09:54:30,679 epoch=98	global_step=79500	acc=0.7500	acc_avg=0.7812	loss=0.7415	loss_avg=0.8306	lr=0.0000	|gn|=7.8894	time=3.45it/s
2025-11-26 09:55:04,767 epoch=98	global_step=79600	acc=0.7188	acc_avg=0.7812	loss=1.1862	loss_avg=0.8287	lr=0.0000	|gn|=8.8770	time=3.44it/s
2025-11-26 09:55:38,869 epoch=98	global_step=79700	acc=0.6875	acc_avg=0.7832	loss=1.1318	loss_avg=0.8304	lr=0.0000	|gn|=7.4842	time=3.45it/s
2025-11-26 09:56:12,959 epoch=98	global_step=79800	acc=0.8125	acc_avg=0.7840	loss=0.6639	loss_avg=0.8310	lr=0.0000	|gn|=6.7396	time=3.45it/s
2025-11-26 09:56:47,062 epoch=98	global_step=79900	acc=0.9375	acc_avg=0.7859	loss=0.4750	loss_avg=0.8266	lr=0.0000	|gn|=4.4591	time=3.45it/s
2025-11-26 09:57:18,124 ====================Eval Epoch 98====================
2025-11-26 09:57:20,681 epoch=98	global_step=31	acc=0.6250	acc_avg=0.6190	acc5=0.8750	acc5_avg=0.8290	loss=1.4570	loss_avg=2.6680	time=78.37it/s
2025-11-26 09:57:20,681 Eval Loss:2.6680	Eval acc: 61.90
2025-11-26 09:57:20,682 
2025-11-26 09:57:20,682 ====================Training Epoch 99====================
2025-11-26 09:57:24,343 epoch=99	global_step=80000	acc=0.7812	acc_avg=0.7882	loss=0.9708	loss_avg=0.7604	lr=0.0000	|gn|=6.1442	time=3.44it/s
2025-11-26 09:57:58,413 epoch=99	global_step=80100	acc=0.7812	acc_avg=0.7987	loss=0.8883	loss_avg=0.8027	lr=0.0000	|gn|=5.6374	time=3.45it/s
2025-11-26 09:58:32,476 epoch=99	global_step=80200	acc=0.7812	acc_avg=0.7839	loss=0.7260	loss_avg=0.8160	lr=0.0000	|gn|=7.0188	time=3.45it/s
2025-11-26 09:59:06,552 epoch=99	global_step=80300	acc=0.7812	acc_avg=0.7831	loss=0.6506	loss_avg=0.8196	lr=0.0000	|gn|=6.0298	time=3.45it/s
2025-11-26 09:59:40,625 epoch=99	global_step=80400	acc=0.7188	acc_avg=0.7832	loss=1.3237	loss_avg=0.8277	lr=0.0000	|gn|=8.1714	time=3.45it/s
2025-11-26 10:00:14,655 epoch=99	global_step=80500	acc=0.9375	acc_avg=0.7854	loss=0.5604	loss_avg=0.8213	lr=0.0000	|gn|=4.7515	time=3.46it/s
2025-11-26 10:00:48,650 epoch=99	global_step=80600	acc=0.7500	acc_avg=0.7844	loss=0.8973	loss_avg=0.8253	lr=0.0000	|gn|=6.3809	time=3.46it/s
2025-11-26 10:01:22,648 epoch=99	global_step=80700	acc=0.7812	acc_avg=0.7855	loss=0.7200	loss_avg=0.8237	lr=0.0000	|gn|=7.0581	time=3.45it/s
2025-11-26 10:01:56,342 ====================Eval Epoch 99====================
2025-11-26 10:01:58,879 epoch=99	global_step=31	acc=0.6250	acc_avg=0.6000	acc5=0.8750	acc5_avg=0.8000	loss=1.2958	loss_avg=8.7083	time=78.35it/s
2025-11-26 10:01:58,879 Eval Loss:8.7083	Eval acc: 60.00
2025-11-26 10:01:58,911 Running Cost 0.32 Days 

